-- phpMyAdmin SQL Dump
-- version 5.2.1
-- https://www.phpmyadmin.net/
--
-- Gép: 127.0.0.1
-- Létrehozás ideje: 2026. Ápr 22. 12:38
-- Kiszolgáló verziója: 10.4.32-MariaDB
-- PHP verzió: 8.2.12

SET SQL_MODE = "NO_AUTO_VALUE_ON_ZERO";
START TRANSACTION;
SET time_zone = "+00:00";


/*!40101 SET @OLD_CHARACTER_SET_CLIENT=@@CHARACTER_SET_CLIENT */;
/*!40101 SET @OLD_CHARACTER_SET_RESULTS=@@CHARACTER_SET_RESULTS */;
/*!40101 SET @OLD_COLLATION_CONNECTION=@@COLLATION_CONNECTION */;
/*!40101 SET NAMES utf8mb4 */;

--
-- Adatbázis: `minijobz`
--

-- --------------------------------------------------------

--
-- Tábla szerkezet ehhez a táblához `admins`
--

CREATE TABLE `admins` (
  `id` bigint(20) UNSIGNED NOT NULL,
  `username` varchar(255) NOT NULL,
  `password` varchar(255) NOT NULL,
  `profile_picture_path` varchar(255) NOT NULL
) ENGINE=InnoDB DEFAULT CHARSET=utf8mb4 COLLATE=utf8mb4_unicode_ci;

--
-- A tábla adatainak kiíratása `admins`
--

INSERT INTO `admins` (`id`, `username`, `password`, `profile_picture_path`) VALUES
(1, 'admin', '$2y$12$2EVzCA7wQqh/13Df.l6dl.UKxfWk4B2TZHZjJA5wJX5JNzWl5Y2yK', 'assets/img/default.jpg');

-- --------------------------------------------------------

--
-- Tábla szerkezet ehhez a táblához `advertisements`
--

CREATE TABLE `advertisements` (
  `id` bigint(20) UNSIGNED NOT NULL,
  `jobs_id` bigint(20) UNSIGNED DEFAULT NULL,
  `employer_id` bigint(20) UNSIGNED NOT NULL,
  `employee_id` bigint(20) UNSIGNED DEFAULT NULL,
  `reviews_id` bigint(20) UNSIGNED DEFAULT NULL,
  `title` varchar(150) NOT NULL,
  `description` text NOT NULL,
  `price` int(11) NOT NULL,
  `location` varchar(150) DEFAULT NULL,
  `required_date` date DEFAULT NULL,
  `required_before_date` date DEFAULT NULL,
  `is_date_flexible` tinyint(1) NOT NULL DEFAULT 0,
  `preferred_time` varchar(255) DEFAULT NULL,
  `task_type` varchar(255) NOT NULL DEFAULT 'in-person',
  `photos` longtext CHARACTER SET utf8mb4 COLLATE utf8mb4_bin DEFAULT NULL CHECK (json_valid(`photos`)),
  `expiration_date` datetime DEFAULT NULL,
  `status` varchar(255) NOT NULL DEFAULT 'open',
  `views` int(11) NOT NULL DEFAULT 0,
  `is_direct` tinyint(1) NOT NULL DEFAULT 0,
  `created_at` timestamp NULL DEFAULT NULL,
  `updated_at` timestamp NULL DEFAULT NULL,
  `deleted_at` timestamp NULL DEFAULT NULL
) ENGINE=InnoDB DEFAULT CHARSET=utf8mb4 COLLATE=utf8mb4_unicode_ci;

--
-- A tábla adatainak kiíratása `advertisements`
--

INSERT INTO `advertisements` (`id`, `jobs_id`, `employer_id`, `employee_id`, `reviews_id`, `title`, `description`, `price`, `location`, `required_date`, `required_before_date`, `is_date_flexible`, `preferred_time`, `task_type`, `photos`, `expiration_date`, `status`, `views`, `is_direct`, `created_at`, `updated_at`, `deleted_at`) VALUES
(1, 1, 1, NULL, 6, 'Irodai laptop kiválasztása és beállítása', 'Segítséget keresek egy új munkára szánt laptop kiválasztásához és a szükséges szoftverek (Office, vírusirtó) telepítéséhez. Távolról is megoldható.', 40, 'Budapest', NULL, NULL, 0, NULL, 'in-person', NULL, '2026-05-02 12:38:27', 'open', 0, 0, '2026-04-12 10:38:27', '2026-04-22 10:38:27', NULL),
(2, 1, 2, NULL, 1, 'Régi komód csiszolása és átfestése', 'Egy közepes méretű fa komódot szeretnék felújítani. Csiszolás és két réteg krémszínű festés a feladat. Az anyagokat megveszem előre.', 110, 'Debrecen', NULL, NULL, 0, NULL, 'in-person', NULL, '2026-04-30 12:38:27', 'open', 0, 0, '2026-04-14 10:38:27', '2026-04-22 10:38:27', NULL),
(3, 1, 3, NULL, 7, 'Lábadozó kutyus felügyelete hétköznap', 'Műtét utáni kutyus mellé keresek felügyelőt napi 4-5 órára, amíg dolgozom. Csak nyugodt jelenlétre és néha víz itatásra van szükség.', 35, 'Szeged', NULL, NULL, 0, NULL, 'in-person', NULL, '2026-05-02 12:38:27', 'open', 0, 0, '2026-04-12 10:38:27', '2026-04-22 10:38:27', NULL),
(4, 1, 4, NULL, 2, 'Ereszcsatorna tisztítás családi házon', 'Egyszintes családi ház ereszcsatornájából kellene kitisztítani a leveleket és a hordalékot. Létra van a helyszínen.', 60, 'Győr', NULL, NULL, 0, NULL, 'in-person', NULL, '2026-05-02 12:38:27', 'open', 0, 0, '2026-04-16 10:38:27', '2026-04-22 10:38:27', NULL),
(5, 1, 5, NULL, 8, 'iPhone 13 kijelző csere', 'Betört a telefonom kijelzője, keresek valakit, aki hozott vagy beszerzett alkatrésszel szakszerűen kicserélné még a héten.', 90, 'Miskolc', NULL, NULL, 0, NULL, 'in-person', NULL, '2026-05-04 12:38:27', 'open', 0, 0, '2026-04-21 10:38:27', '2026-04-22 10:38:27', NULL),
(6, 1, 6, NULL, 3, 'Split klíma szezonális tisztítása', 'Két beltéri egység és egy kültéri egység vegyszeres tisztításához és fertőtlenítéséhez keresek szakembert a nyári szezon előtt.', 75, 'Budapest', NULL, NULL, 0, NULL, 'in-person', NULL, '2026-04-27 12:38:27', 'open', 0, 0, '2026-04-18 10:38:27', '2026-04-22 10:38:27', NULL),
(7, 1, 1, NULL, 9, 'WordPress weboldal sebesség optimalizálás', 'A meglévő blogom nagyon lassan tölt be. Keresek egy fejlesztőt, aki rendbe teszi a plugineket és optimalizálja a képeket.', 200, 'Székesfehérvár', NULL, NULL, 0, NULL, 'in-person', NULL, '2026-05-06 12:38:27', 'open', 0, 0, '2026-04-15 10:38:27', '2026-04-22 10:38:27', NULL),
(8, 1, 2, NULL, 4, 'Kezdő zongora oktatás felnőttnek', 'Teljesen kezdő szinten szeretnék megtanulni zongorázni. Heti egy alkalommal keresek tanárt, aki házhoz jön vagy Skype-on tanít.', 25, 'Veszprém', NULL, NULL, 0, NULL, 'in-person', NULL, '2026-04-30 12:38:27', 'open', 0, 0, '2026-04-18 10:38:27', '2026-04-22 10:38:27', NULL),
(9, 1, 3, NULL, 10, 'Fűnyírás és bozótirtás elhanyagolt telken', 'Körülbelül 800 nm-es, régóta nem gondozott telken kellene lenyírni a magas füvet és kiirtani a vadrózsákat. Erős fűkasza szükséges.', 180, 'Szentendre', NULL, NULL, 0, NULL, 'in-person', NULL, '2026-04-27 12:38:27', 'open', 0, 0, '2026-04-13 10:38:27', '2026-04-22 10:38:27', NULL),
(10, 1, 4, NULL, 5, 'Beépített sütő beszerelése és bekötése', 'Új konyhabútorba kellene behelyezni egy elektromos sütőt és bekötni a hálózatba. Villanyszerelői igazolás előny.', 55, 'Budapest', NULL, NULL, 0, NULL, 'in-person', NULL, '2026-04-30 12:38:27', 'open', 0, 0, '2026-04-18 10:38:27', '2026-04-22 10:38:27', NULL),
(11, 1, 1, 2, 3, 'Befejezett feladat #1', 'Ez egy sikeresen elvégzett és lezárt feladat a múltból.', 92, 'Budapest', NULL, NULL, 0, NULL, 'in-person', NULL, '2026-04-02 12:38:27', 'completed', 0, 0, '2026-03-22 11:38:27', '2026-04-02 10:38:27', NULL),
(12, 1, 2, 3, 6, 'Befejezett feladat #2', 'Ez egy sikeresen elvégzett és lezárt feladat a múltból.', 50, 'Budapest', NULL, NULL, 0, NULL, 'in-person', NULL, '2026-04-02 12:38:27', 'completed', 0, 0, '2026-03-22 11:38:27', '2026-04-02 10:38:27', NULL),
(13, 1, 3, 4, 9, 'Befejezett feladat #3', 'Ez egy sikeresen elvégzett és lezárt feladat a múltból.', 47, 'Budapest', NULL, NULL, 0, NULL, 'in-person', NULL, '2026-04-02 12:38:27', 'completed', 0, 0, '2026-03-22 11:38:27', '2026-04-02 10:38:27', NULL),
(14, 1, 4, 5, 7, 'Befejezett feladat #4', 'Ez egy sikeresen elvégzett és lezárt feladat a múltból.', 84, 'Budapest', NULL, NULL, 0, NULL, 'in-person', NULL, '2026-04-02 12:38:27', 'completed', 0, 0, '2026-03-22 11:38:27', '2026-04-02 10:38:27', NULL),
(15, 1, 5, 6, 5, 'Befejezett feladat #5', 'Ez egy sikeresen elvégzett és lezárt feladat a múltból.', 67, 'Budapest', NULL, NULL, 0, NULL, 'in-person', NULL, '2026-04-02 12:38:27', 'completed', 0, 0, '2026-03-22 11:38:27', '2026-04-02 10:38:27', NULL),
(16, 1, 6, NULL, 6, 'Sürgős csőtörés elhárítása', 'A konyhai mosogató alatt szivárog a víz, azonnali segítségre lenne szükségem egy vízvezetékszerelőtől.', 300, 'Budapest', NULL, NULL, 0, NULL, 'in-person', NULL, '2026-04-29 12:38:27', 'open', 0, 0, '2026-04-22 10:38:27', '2026-04-22 10:38:27', NULL);

-- --------------------------------------------------------

--
-- Tábla szerkezet ehhez a táblához `advertisement_reports`
--

CREATE TABLE `advertisement_reports` (
  `id` bigint(20) UNSIGNED NOT NULL,
  `advertisement_id` bigint(20) UNSIGNED NOT NULL,
  `description` text NOT NULL,
  `reporter_account_id` varchar(255) NOT NULL,
  `reported_account_id` varchar(255) NOT NULL,
  `status` enum('open','closed') NOT NULL DEFAULT 'open',
  `created_at` timestamp NULL DEFAULT NULL
) ENGINE=InnoDB DEFAULT CHARSET=utf8mb4 COLLATE=utf8mb4_unicode_ci;

--
-- A tábla adatainak kiíratása `advertisement_reports`
--

INSERT INTO `advertisement_reports` (`id`, `advertisement_id`, `description`, `reporter_account_id`, `reported_account_id`, `status`, `created_at`) VALUES
(1, 9, 'Spam: Ez a hirdetés többször is fel lett töltve különböző néven.', 'AC1003', 'AC1003', 'open', '2026-04-17 10:38:28'),
(2, 11, 'Hibás kategória: A szekrény szerelés nem az Autó kategóriába való.', 'AC1004', 'AC1001', 'open', '2026-04-19 10:38:28'),
(3, 4, 'Gyanús hirdetés: Túl alacsony ár, valószínűleg csalás/scam.', 'AC1005', 'AC1004', 'closed', '2026-04-17 10:38:28'),
(4, 11, 'Tiltott tartalom: A hirdetés olyan szolgáltatást kínál, ami nem megengedett.', 'AC1006', 'AC1001', 'open', '2026-04-18 10:38:28'),
(5, 15, 'Hiányos adatok: Nincs megadva pontos helyszín vagy leírás.', 'AC1008', 'AC1005', 'open', '2026-04-21 10:38:28');

-- --------------------------------------------------------

--
-- Tábla szerkezet ehhez a táblához `advertisement_views`
--

CREATE TABLE `advertisement_views` (
  `id` bigint(20) UNSIGNED NOT NULL,
  `advertisement_id` bigint(20) UNSIGNED NOT NULL,
  `user_id` bigint(20) UNSIGNED NOT NULL,
  `created_at` timestamp NULL DEFAULT NULL,
  `updated_at` timestamp NULL DEFAULT NULL
) ENGINE=InnoDB DEFAULT CHARSET=utf8mb4 COLLATE=utf8mb4_unicode_ci;

--
-- A tábla adatainak kiíratása `advertisement_views`
--

INSERT INTO `advertisement_views` (`id`, `advertisement_id`, `user_id`, `created_at`, `updated_at`) VALUES
(1, 1, 1, '2026-04-22 10:38:28', '2026-04-22 10:38:28'),
(2, 1, 2, '2026-04-22 10:38:28', '2026-04-22 10:38:28'),
(3, 1, 4, '2026-04-22 10:38:28', '2026-04-22 10:38:28'),
(4, 1, 5, '2026-04-22 10:38:28', '2026-04-22 10:38:28'),
(5, 1, 6, '2026-04-22 10:38:28', '2026-04-22 10:38:28'),
(6, 2, 1, '2026-04-22 10:38:28', '2026-04-22 10:38:28'),
(7, 2, 2, '2026-04-22 10:38:28', '2026-04-22 10:38:28'),
(8, 2, 3, '2026-04-22 10:38:28', '2026-04-22 10:38:28'),
(9, 2, 5, '2026-04-22 10:38:28', '2026-04-22 10:38:28'),
(10, 2, 7, '2026-04-22 10:38:28', '2026-04-22 10:38:28'),
(11, 3, 2, '2026-04-22 10:38:28', '2026-04-22 10:38:28'),
(12, 3, 4, '2026-04-22 10:38:28', '2026-04-22 10:38:28'),
(13, 3, 5, '2026-04-22 10:38:28', '2026-04-22 10:38:28'),
(14, 3, 7, '2026-04-22 10:38:28', '2026-04-22 10:38:28'),
(15, 3, 8, '2026-04-22 10:38:28', '2026-04-22 10:38:28'),
(16, 4, 1, '2026-04-22 10:38:28', '2026-04-22 10:38:28'),
(17, 4, 2, '2026-04-22 10:38:28', '2026-04-22 10:38:28'),
(18, 4, 3, '2026-04-22 10:38:28', '2026-04-22 10:38:28'),
(19, 4, 4, '2026-04-22 10:38:28', '2026-04-22 10:38:28'),
(20, 4, 6, '2026-04-22 10:38:28', '2026-04-22 10:38:28'),
(21, 5, 1, '2026-04-22 10:38:28', '2026-04-22 10:38:28'),
(22, 5, 2, '2026-04-22 10:38:28', '2026-04-22 10:38:28'),
(23, 5, 3, '2026-04-22 10:38:28', '2026-04-22 10:38:28'),
(24, 5, 4, '2026-04-22 10:38:28', '2026-04-22 10:38:28'),
(25, 5, 6, '2026-04-22 10:38:28', '2026-04-22 10:38:28'),
(26, 6, 1, '2026-04-22 10:38:28', '2026-04-22 10:38:28'),
(27, 6, 3, '2026-04-22 10:38:28', '2026-04-22 10:38:28'),
(28, 6, 4, '2026-04-22 10:38:28', '2026-04-22 10:38:28'),
(29, 6, 5, '2026-04-22 10:38:28', '2026-04-22 10:38:28'),
(30, 6, 7, '2026-04-22 10:38:28', '2026-04-22 10:38:28'),
(31, 7, 3, '2026-04-22 10:38:28', '2026-04-22 10:38:28'),
(32, 7, 4, '2026-04-22 10:38:28', '2026-04-22 10:38:28'),
(33, 7, 5, '2026-04-22 10:38:28', '2026-04-22 10:38:28'),
(34, 7, 6, '2026-04-22 10:38:28', '2026-04-22 10:38:28'),
(35, 7, 8, '2026-04-22 10:38:28', '2026-04-22 10:38:28'),
(36, 8, 1, '2026-04-22 10:38:28', '2026-04-22 10:38:28'),
(37, 8, 4, '2026-04-22 10:38:28', '2026-04-22 10:38:28'),
(38, 8, 5, '2026-04-22 10:38:28', '2026-04-22 10:38:28'),
(39, 8, 7, '2026-04-22 10:38:28', '2026-04-22 10:38:28'),
(40, 8, 8, '2026-04-22 10:38:28', '2026-04-22 10:38:28'),
(41, 9, 1, '2026-04-22 10:38:28', '2026-04-22 10:38:28'),
(42, 9, 2, '2026-04-22 10:38:28', '2026-04-22 10:38:28'),
(43, 9, 4, '2026-04-22 10:38:28', '2026-04-22 10:38:28'),
(44, 9, 5, '2026-04-22 10:38:28', '2026-04-22 10:38:28'),
(45, 9, 8, '2026-04-22 10:38:28', '2026-04-22 10:38:28'),
(46, 10, 1, '2026-04-22 10:38:28', '2026-04-22 10:38:28'),
(47, 10, 3, '2026-04-22 10:38:28', '2026-04-22 10:38:28'),
(48, 10, 4, '2026-04-22 10:38:28', '2026-04-22 10:38:28'),
(49, 10, 6, '2026-04-22 10:38:28', '2026-04-22 10:38:28'),
(50, 10, 8, '2026-04-22 10:38:28', '2026-04-22 10:38:28'),
(51, 11, 1, '2026-04-22 10:38:28', '2026-04-22 10:38:28'),
(52, 11, 3, '2026-04-22 10:38:28', '2026-04-22 10:38:28'),
(53, 11, 4, '2026-04-22 10:38:28', '2026-04-22 10:38:28'),
(54, 11, 5, '2026-04-22 10:38:28', '2026-04-22 10:38:28'),
(55, 11, 7, '2026-04-22 10:38:28', '2026-04-22 10:38:28'),
(56, 12, 1, '2026-04-22 10:38:28', '2026-04-22 10:38:28'),
(57, 12, 4, '2026-04-22 10:38:28', '2026-04-22 10:38:28'),
(58, 12, 5, '2026-04-22 10:38:28', '2026-04-22 10:38:28'),
(59, 12, 6, '2026-04-22 10:38:28', '2026-04-22 10:38:28'),
(60, 12, 8, '2026-04-22 10:38:28', '2026-04-22 10:38:28'),
(61, 13, 2, '2026-04-22 10:38:28', '2026-04-22 10:38:28'),
(62, 13, 4, '2026-04-22 10:38:28', '2026-04-22 10:38:28'),
(63, 13, 5, '2026-04-22 10:38:28', '2026-04-22 10:38:28'),
(64, 13, 7, '2026-04-22 10:38:28', '2026-04-22 10:38:28'),
(65, 13, 8, '2026-04-22 10:38:28', '2026-04-22 10:38:28'),
(66, 14, 1, '2026-04-22 10:38:28', '2026-04-22 10:38:28'),
(67, 14, 2, '2026-04-22 10:38:28', '2026-04-22 10:38:28'),
(68, 14, 3, '2026-04-22 10:38:28', '2026-04-22 10:38:28'),
(69, 14, 6, '2026-04-22 10:38:28', '2026-04-22 10:38:28'),
(70, 14, 7, '2026-04-22 10:38:28', '2026-04-22 10:38:28'),
(71, 15, 2, '2026-04-22 10:38:28', '2026-04-22 10:38:28'),
(72, 15, 4, '2026-04-22 10:38:28', '2026-04-22 10:38:28'),
(73, 15, 5, '2026-04-22 10:38:28', '2026-04-22 10:38:28'),
(74, 15, 6, '2026-04-22 10:38:28', '2026-04-22 10:38:28'),
(75, 15, 7, '2026-04-22 10:38:28', '2026-04-22 10:38:28'),
(76, 16, 1, '2026-04-22 10:38:28', '2026-04-22 10:38:28'),
(77, 16, 2, '2026-04-22 10:38:28', '2026-04-22 10:38:28'),
(78, 16, 4, '2026-04-22 10:38:28', '2026-04-22 10:38:28'),
(79, 16, 5, '2026-04-22 10:38:28', '2026-04-22 10:38:28'),
(80, 16, 7, '2026-04-22 10:38:28', '2026-04-22 10:38:28');

-- --------------------------------------------------------

--
-- Tábla szerkezet ehhez a táblához `blacklist`
--

CREATE TABLE `blacklist` (
  `id` bigint(20) UNSIGNED NOT NULL,
  `user_id` bigint(20) UNSIGNED NOT NULL,
  `penalty_id` bigint(20) UNSIGNED NOT NULL,
  `expiration_date` datetime NOT NULL,
  `comment` text NOT NULL
) ENGINE=InnoDB DEFAULT CHARSET=utf8mb4 COLLATE=utf8mb4_unicode_ci;

--
-- A tábla adatainak kiíratása `blacklist`
--

INSERT INTO `blacklist` (`id`, `user_id`, `penalty_id`, `expiration_date`, `comment`) VALUES
(1, 3, 2, '2026-05-20 12:38:28', 'Többszöri szabályszegés miatt kitiltva.'),
(2, 1, 2, '2026-04-23 12:38:28', 'Többszöri szabályszegés miatt kitiltva.'),
(3, 3, 3, '2026-05-18 12:38:28', 'Többszöri szabályszegés miatt kitiltva.');

-- --------------------------------------------------------

--
-- Tábla szerkezet ehhez a táblához `cache`
--

CREATE TABLE `cache` (
  `key` varchar(255) NOT NULL,
  `value` mediumtext NOT NULL,
  `expiration` int(11) NOT NULL
) ENGINE=InnoDB DEFAULT CHARSET=utf8mb4 COLLATE=utf8mb4_unicode_ci;

-- --------------------------------------------------------

--
-- Tábla szerkezet ehhez a táblához `cache_locks`
--

CREATE TABLE `cache_locks` (
  `key` varchar(255) NOT NULL,
  `owner` varchar(255) NOT NULL,
  `expiration` int(11) NOT NULL
) ENGINE=InnoDB DEFAULT CHARSET=utf8mb4 COLLATE=utf8mb4_unicode_ci;

-- --------------------------------------------------------

--
-- Tábla szerkezet ehhez a táblához `categories`
--

CREATE TABLE `categories` (
  `id` bigint(20) UNSIGNED NOT NULL,
  `name` varchar(100) NOT NULL,
  `image_url` varchar(255) DEFAULT NULL,
  `description` text DEFAULT NULL
) ENGINE=InnoDB DEFAULT CHARSET=utf8mb4 COLLATE=utf8mb4_unicode_ci;

--
-- A tábla adatainak kiíratása `categories`
--

INSERT INTO `categories` (`id`, `name`, `image_url`, `description`) VALUES
(1, 'Other', NULL, 'Miscellaneous tasks that don\'t fit other categories'),
(2, 'Home Services', 'https://images.unsplash.com/photo-1581578731548-c64695cc6952?auto=format&fit=crop&w=1600&q=80', 'Skilled professionals who can assist with home repairs, installations, renovations, and general improvements. From quick fixes to major upgrades, get trusted help to keep your home running smoothly.'),
(3, 'Cleaning & Maintenance', 'https://images.unsplash.com/photo-1628177142898-93e36e4e3a50?auto=format&fit=crop&w=1600&q=80', 'Comprehensive cleaning and routine maintenance services for homes and businesses. Ideal for keeping your space fresh, hygienic, and well-maintained on a regular or one-off basis.'),
(4, 'Moving & Delivery', 'https://images.unsplash.com/photo-1600518464441-9154a4dea21b?auto=format&fit=crop&w=1600&q=80', 'Reliable movers and delivery experts who can help transport furniture, appliances, and personal items safely. Perfect for relocations, small moves, or urgent item deliveries.'),
(5, 'Personal Care & Wellness', 'https://images.unsplash.com/photo-1544161515-4ab6ce6db874?auto=format&fit=crop&w=1600&q=80', 'Supportive services focused on personal well-being, including grooming, wellness routines, and lifestyle assistance. Ideal for maintaining a balanced and healthy daily routine.'),
(6, 'Automotive', 'https://images.unsplash.com/photo-1619642751034-765dfdf7c58e?auto=format&fit=crop&w=1600&q=80', 'Skilled automotive professionals providing assistance with car maintenance, detailing, inspections, minor repairs, and more. Keep your vehicle clean, safe, and running efficiently.'),
(7, 'Trades & Construction', 'https://images.unsplash.com/photo-1504307651254-35680f356dfd?auto=format&fit=crop&w=1600&q=80', 'Licensed and experienced tradespeople offering construction, renovations, carpentry, electrical, plumbing, and other skilled services. Ideal for both small residential tasks and large building projects.'),
(8, 'Food & Catering', 'https://images.unsplash.com/photo-1555244162-803834f70033?auto=format&fit=crop&w=1600&q=80', 'Delicious food preparation and catering services for events, celebrations, or everyday meals. Whether casual or formal, enjoy professionally prepared dishes delivered with care.'),
(9, 'Events & Entertainment', 'https://images.unsplash.com/photo-1492684223066-81342ee5ff30?auto=format&fit=crop&w=1600&q=80', 'Support for planning, hosting, and enhancing events of all sizes. Includes entertainment, setup, coordination, and more to make every occasion memorable and stress-free.'),
(10, 'Lessons & Education', 'https://images.unsplash.com/photo-1503676260728-1c00da094a0b?auto=format&fit=crop&w=1600&q=80', 'One-on-one tutoring, skill training, and educational support across many subjects and specialties. Designed to help learners of all ages grow and achieve academic or personal goals.'),
(11, 'Pet Services', 'https://images.unsplash.com/photo-1587300003388-59208cc962cb?auto=format&fit=crop&w=1600&q=80', 'Reliable, caring assistance for your pets, including sitting, grooming, walking, feeding, and general companionship. Perfect for busy schedules, travel, or daily support.'),
(12, 'Gardening & Outdoor', 'https://images.unsplash.com/photo-1416879595882-3373a0480b5b?auto=format&fit=crop&w=1600&q=80', 'Maintenance and enhancement of outdoor spaces, including lawn mowing, garden care, landscaping, and yard cleanups. Keep your outdoor areas healthy, tidy, and beautiful year-round.'),
(13, 'Home Lifestyle', 'https://images.unsplash.com/photo-1484154218962-a197022b5858?auto=format&fit=crop&w=1600&q=80', 'Convenient services designed to simplify daily living—childcare, home organization, errands, shopping assistance, and more. Ideal for families and individuals seeking everyday support.'),
(14, 'Miscellaneous', 'https://images.unsplash.com/photo-1513542789411-b6a5d4f31634?auto=format&fit=crop&w=1600&q=80', 'For all tasks that don\'t quite fit into a specific category—creative projects, last-minute help, custom requests, or unique one-off tasks. Flexible support for anything you need.');

-- --------------------------------------------------------

--
-- Tábla szerkezet ehhez a táblához `cities`
--

CREATE TABLE `cities` (
  `id` bigint(20) UNSIGNED NOT NULL,
  `county_id` bigint(20) UNSIGNED NOT NULL,
  `name` char(150) NOT NULL,
  `postcode` int(11) NOT NULL
) ENGINE=InnoDB DEFAULT CHARSET=utf8mb4 COLLATE=utf8mb4_unicode_ci;

--
-- A tábla adatainak kiíratása `cities`
--

INSERT INTO `cities` (`id`, `county_id`, `name`, `postcode`) VALUES
(1, 6, 'Aba', 8128),
(2, 6, 'Aba', 8127),
(3, 10, 'Abádszalók', 5241),
(4, 2, 'Abaliget', 7678),
(5, 9, 'Abasár', 3261),
(6, 4, 'Abaújalpár', 3882),
(7, 4, 'Abaújkér', 3882),
(8, 4, 'Abaújlak', 3815),
(9, 4, 'Abaújszántó', 3881),
(10, 4, 'Abaújszolnok', 3809),
(11, 4, 'Abaújvár', 3898),
(12, 7, 'Abda', 9151),
(13, 4, 'Abod', 3753),
(14, 13, 'Abony', 2740),
(15, 18, 'Ábrahámhegy', 8256),
(16, 11, 'Ács', 2941),
(17, 13, 'Acsa', 2683),
(18, 17, 'Acsád', 9746),
(19, 7, 'Acsalag', 9168),
(20, 11, 'Ácsteszér', 2887),
(21, 9, 'Adács', 3292),
(22, 14, 'Ádánd', 8653),
(23, 18, 'Adásztevel', 8561),
(24, 6, 'Adony', 2457),
(25, 18, 'Adorjánháza', 8497),
(26, 2, 'Adorjás', 7841),
(27, 2, 'Ág', 7381),
(28, 1, 'Ágasegyháza', 6076),
(29, 7, 'Ágfalva', 9423),
(30, 4, 'Aggtelek', 3759),
(31, 7, 'Agyagosszergény', 9441),
(32, 15, 'Ajak', 4524),
(33, 18, 'Ajka', 8447),
(34, 18, 'Ajka', 8448),
(35, 18, 'Ajka', 8451),
(36, 18, 'Ajka', 8400),
(37, 11, 'Aka', 2862),
(38, 1, 'Akasztó', 6221),
(39, 4, 'Alacska', 3779),
(40, 6, 'Alap', 7011),
(41, 10, 'Alattyán', 5142),
(42, 13, 'Albertirsa', 2730),
(43, 6, 'Alcsútdoboz', 8087),
(44, 9, 'Aldebrő', 3353),
(45, 5, 'Algyő', 6750),
(46, 19, 'Alibánfa', 8921),
(47, 2, 'Almamellék', 7934),
(48, 11, 'Almásfüzitő', 2931),
(49, 19, 'Almásháza', 8935),
(50, 3, 'Almáskamarás', 5747),
(51, 2, 'Almáskeresztúr', 7932),
(52, 8, 'Álmosd', 4285),
(53, 4, 'Alsóberecki', 3985),
(54, 14, 'Alsóbogát', 7443),
(55, 4, 'Alsódobsza', 3717),
(56, 4, 'Alsógagy', 3837),
(57, 2, 'Alsómocsolád', 7345),
(58, 16, 'Alsónána', 7147),
(59, 13, 'Alsónémedi', 2351),
(60, 19, 'Alsónemesapáti', 8924),
(61, 16, 'Alsónyék', 7148),
(62, 18, 'Alsóörs', 8226),
(63, 19, 'Alsópáhok', 8394),
(64, 12, 'Alsópetény', 2617),
(65, 19, 'Alsórajk', 8767),
(66, 4, 'Alsóregmec', 3989),
(67, 19, 'Alsószenterzsébet', 8973),
(68, 6, 'Alsószentiván', 7012),
(69, 2, 'Alsószentmárton', 7826),
(70, 17, 'Alsószölnök', 9983),
(71, 4, 'Alsószuha', 3726),
(72, 4, 'Alsótelekes', 3735),
(73, 12, 'Alsótold', 3069),
(74, 17, 'Alsóújlak', 9842),
(75, 4, 'Alsóvadász', 3811),
(76, 4, 'Alsózsolca', 3571),
(77, 5, 'Ambrózfalva', 6916),
(78, 15, 'Anarcs', 4546),
(79, 14, 'Andocs', 8675),
(80, 9, 'Andornaktálya', 3399),
(81, 17, 'Andrásfa', 9811),
(82, 11, 'Annavölgy', 2529),
(83, 18, 'Apácatorna', 8477),
(84, 15, 'Apagy', 4553),
(85, 13, 'Apaj', 2345),
(86, 16, 'Aparhant', 7186),
(87, 5, 'Apátfalva', 6931),
(88, 17, 'Apátistvánfalva', 9982),
(89, 2, 'Apátvarasd', 7720),
(90, 9, 'Apc', 3032),
(91, 13, 'Áporka', 2338),
(92, 1, 'Apostag', 6088),
(93, 15, 'Aranyosapáti', 4634),
(94, 2, 'Aranyosgadány', 7671),
(95, 4, 'Arka', 3885),
(96, 4, 'Arló', 3663),
(97, 4, 'Arnót', 3713),
(98, 4, 'Ároktő', 3467),
(99, 5, 'Árpádhalom', 6623),
(100, 7, 'Árpás', 9132),
(101, 8, 'Ártánd', 4115),
(102, 5, 'Ásotthalom', 6783),
(103, 7, 'Ásványráró', 9177),
(104, 4, 'Aszaló', 3841),
(105, 13, 'Aszód', 2170),
(106, 18, 'Aszófő', 8241),
(107, 2, 'Áta', 7763),
(108, 9, 'Átány', 3371),
(109, 9, 'Atkár', 3213),
(110, 16, 'Attala', 7252),
(111, 2, 'Babarc', 7757),
(112, 2, 'Babarcszőlős', 7814),
(113, 14, 'Babócsa', 7584),
(114, 11, 'Bábolna', 2943),
(115, 14, 'Bábonymegyer', 8658),
(116, 19, 'Babosdöbréte', 8983),
(117, 7, 'Babót', 9351),
(118, 1, 'Bácsalmás', 6430),
(119, 1, 'Bácsbokod', 6453),
(120, 1, 'Bácsborsód', 6454),
(121, 1, 'Bácsszentgyörgy', 6511),
(122, 1, 'Bácsszőlős', 6425),
(123, 18, 'Badacsonytomaj', 8261),
(124, 18, 'Badacsonytomaj', 8257),
(125, 18, 'Badacsonytomaj', 8258),
(126, 18, 'Badacsonytördemic', 8262),
(127, 18, 'Badacsonytördemic', 8263),
(128, 13, 'Bag', 2191),
(129, 8, 'Bagamér', 4286),
(130, 19, 'Baglad', 8977),
(131, 19, 'Bagod', 8992),
(132, 7, 'Bágyogszovát', 9145),
(133, 11, 'Baj', 2836),
(134, 1, 'Baja', 6503),
(135, 1, 'Baja', 6500),
(136, 17, 'Bajánsenye', 9944),
(137, 11, 'Bajna', 2525),
(138, 11, 'Bajót', 2533),
(139, 19, 'Bak', 8945),
(140, 14, 'Bakháza', 7585),
(141, 2, 'Bakóca', 7393),
(142, 8, 'Bakonszeg', 4164),
(143, 2, 'Bakonya', 7675),
(144, 11, 'Bakonybánk', 2885),
(145, 18, 'Bakonybél', 8427),
(146, 6, 'Bakonycsernye', 8056),
(147, 18, 'Bakonygyirót', 8433),
(148, 18, 'Bakonyjákó', 8581),
(149, 18, 'Bakonykoppány', 8571),
(150, 6, 'Bakonykúti', 8045),
(151, 18, 'Bakonynána', 8422),
(152, 18, 'Bakonyoszlop', 8418),
(153, 7, 'Bakonypéterd', 9088),
(154, 18, 'Bakonypölöske', 8457),
(155, 18, 'Bakonyság', 8557),
(156, 11, 'Bakonysárkány', 2861),
(157, 18, 'Bakonyszentiván', 8557),
(158, 18, 'Bakonyszentkirály', 8430),
(159, 18, 'Bakonyszentlászló', 8431),
(160, 11, 'Bakonyszombathely', 2884),
(161, 18, 'Bakonyszücs', 8572),
(162, 18, 'Bakonytamási', 8555),
(163, 5, 'Baks', 6768),
(164, 2, 'Baksa', 7834),
(165, 4, 'Baktakék', 3836),
(166, 15, 'Baktalórántháza', 4561),
(167, 19, 'Baktüttös', 8946),
(168, 4, 'Balajt', 3780),
(169, 12, 'Balassagyarmat', 2660),
(170, 5, 'Balástya', 6764),
(171, 9, 'Balaton', 3347),
(172, 18, 'Balatonakali', 8243),
(173, 18, 'Balatonalmádi', 8220),
(174, 14, 'Balatonberény', 8649),
(175, 14, 'Balatonboglár', 8691),
(176, 14, 'Balatonboglár', 8630),
(177, 18, 'Balatoncsicsó', 8272),
(178, 18, 'Balatonederics', 8312),
(179, 14, 'Balatonendréd', 8613),
(180, 14, 'Balatonfenyves', 8646),
(181, 18, 'Balatonfőkajár', 8164),
(182, 14, 'Balatonföldvár', 8623),
(183, 18, 'Balatonfüred', 8236),
(184, 18, 'Balatonfüred', 8230),
(185, 18, 'Balatonfűzfő', 8184),
(186, 18, 'Balatonfűzfő', 8175),
(187, 19, 'Balatongyörök', 8313),
(188, 18, 'Balatonhenye', 8275),
(189, 18, 'Balatonkenese', 8172),
(190, 18, 'Balatonkenese', 8174),
(191, 14, 'Balatonkeresztúr', 8648),
(192, 14, 'Balatonlelle', 8638),
(193, 19, 'Balatonmagyaród', 8753),
(194, 14, 'Balatonmáriafürdő', 8647),
(195, 14, 'Balatonőszöd', 8637),
(196, 18, 'Balatonrendes', 8255),
(197, 14, 'Balatonszabadi', 8651),
(198, 14, 'Balatonszárszó', 8624),
(199, 14, 'Balatonszemes', 8636),
(200, 14, 'Balatonszentgyörgy', 8710),
(201, 18, 'Balatonszepezd', 8252),
(202, 18, 'Balatonszőlős', 8233),
(203, 18, 'Balatonudvari', 8242),
(204, 14, 'Balatonújlak', 8712),
(205, 18, 'Balatonvilágos', 8171),
(206, 6, 'Balinka', 8054),
(207, 6, 'Balinka', 8055),
(208, 15, 'Balkány', 4233),
(209, 1, 'Ballószög', 6035),
(210, 8, 'Balmazújváros', 4060),
(211, 17, 'Balogunyom', 9771),
(212, 1, 'Balotaszállás', 6412),
(213, 15, 'Balsa', 4468),
(214, 14, 'Bálványos', 8614),
(215, 11, 'Bana', 2944),
(216, 18, 'Bánd', 8443),
(217, 2, 'Bánfa', 7914),
(218, 4, 'Bánhorváti', 3642),
(219, 12, 'Bánk', 2653),
(220, 19, 'Bánokszentgyörgy', 8891),
(221, 4, 'Bánréve', 3654),
(222, 2, 'Bár', 7711),
(223, 15, 'Barabás', 4937),
(224, 6, 'Baracs', 2427),
(225, 6, 'Baracs', 2426),
(226, 6, 'Baracska', 2471),
(227, 8, 'Báránd', 4161),
(228, 2, 'Baranyahidvég', 7841),
(229, 2, 'Baranyajenő', 7384),
(230, 2, 'Baranyaszentgyörgy', 7383),
(231, 7, 'Barbacs', 9169),
(232, 14, 'Barcs', 7557),
(233, 14, 'Barcs', 7570),
(234, 14, 'Bárdudvarnok', 7478),
(235, 19, 'Barlahida', 8948),
(236, 12, 'Bárna', 3126),
(237, 18, 'Barnag', 8291),
(238, 11, 'Bársonyos', 2883),
(239, 2, 'Basal', 7923),
(240, 4, 'Baskó', 3881),
(241, 16, 'Báta', 7149),
(242, 16, 'Bátaapáti', 7164),
(243, 16, 'Bátaszék', 7140),
(244, 14, 'Baté', 7258),
(245, 1, 'Bátmonostor', 6528),
(246, 12, 'Bátonyterenye', 3078),
(247, 12, 'Bátonyterenye', 3070),
(248, 12, 'Bátonyterenye', 3151),
(249, 9, 'Bátor', 3336),
(250, 15, 'Bátorliget', 4343),
(251, 3, 'Battonya', 5830),
(252, 1, 'Bátya', 6351),
(253, 19, 'Batyk', 8797),
(254, 19, 'Bázakerettye', 8887),
(255, 18, 'Bazsi', 8352),
(256, 18, 'Béb', 8565),
(257, 19, 'Becsehely', 8866),
(258, 12, 'Becske', 2693),
(259, 4, 'Becskeháza', 3768),
(260, 19, 'Becsvölgye', 8985),
(261, 14, 'Bedegkér', 8666),
(262, 8, 'Bedő', 4128),
(263, 17, 'Bejcgyertyános', 9683),
(264, 18, 'Békás', 8515),
(265, 4, 'Bekecs', 3903),
(266, 3, 'Békés', 5630),
(267, 3, 'Békéscsaba', 5623),
(268, 3, 'Békéscsaba', 5671),
(269, 3, 'Békéscsaba', 5600),
(270, 3, 'Békéssámson', 5946),
(271, 3, 'Békésszentandrás', 5561),
(272, 9, 'Bekölce', 3343),
(273, 9, 'Bélapátfalva', 3346),
(274, 14, 'Bélavár', 7589),
(275, 16, 'Belecska', 7061),
(276, 7, 'Beled', 9343),
(277, 14, 'Beleg', 7543),
(278, 19, 'Belezna', 8855),
(279, 3, 'Bélmegyer', 5643),
(280, 6, 'Beloiannisz', 2455),
(281, 19, 'Belsősárd', 8978),
(282, 2, 'Belvárdgyula', 7747),
(283, 15, 'Benk', 4643),
(284, 13, 'Bénye', 2216),
(285, 12, 'Bér', 3045),
(286, 17, 'Bérbaltavár', 9831),
(287, 12, 'Bercel', 2687),
(288, 15, 'Beregdaróc', 4934),
(289, 15, 'Beregsurány', 4933),
(290, 8, 'Berekböszörmény', 4116),
(291, 10, 'Berekfürdő', 5309),
(292, 2, 'Beremend', 7827),
(293, 4, 'Berente', 3704),
(294, 4, 'Beret', 3834),
(295, 8, 'Berettyóújfalu', 4103),
(296, 8, 'Berettyóújfalu', 4100),
(297, 18, 'Berhida', 8182),
(298, 18, 'Berhida', 8181),
(299, 12, 'Berkenye', 2641),
(300, 2, 'Berkesd', 7664),
(301, 15, 'Berkesz', 4521),
(302, 13, 'Bernecebaráti', 2639),
(303, 4, 'Berzék', 3575),
(304, 14, 'Berzence', 7516),
(305, 2, 'Besence', 7838),
(306, 15, 'Besenyőd', 4557),
(307, 9, 'Besenyőtelek', 3373),
(308, 10, 'Besenyszög', 5071),
(309, 6, 'Besnyő', 2456),
(310, 15, 'Beszterec', 4488),
(311, 2, 'Bezedek', 7782),
(312, 7, 'Bezenye', 9223),
(313, 19, 'Bezeréd', 8934),
(314, 7, 'Bezi', 9162),
(315, 13, 'Biatorbágy', 2051),
(316, 2, 'Bicsérd', 7671),
(317, 6, 'Bicske', 2060),
(318, 8, 'Bihardancsháza', 4175),
(319, 8, 'Biharkeresztes', 4110),
(320, 8, 'Biharnagybajom', 4172),
(321, 8, 'Bihartorda', 4174),
(322, 3, 'Biharugra', 5538),
(323, 16, 'Bikács', 7043),
(324, 2, 'Bikal', 7346),
(325, 15, 'Biri', 4235),
(326, 2, 'Birján', 7747),
(327, 2, 'Bisse', 7811),
(328, 17, 'Bő', 9625),
(329, 19, 'Boba', 9542),
(330, 9, 'Bocfölde', 8943),
(331, 1, 'Boconád', 3368),
(332, 19, 'Bőcs', 3574),
(333, 8, 'Bócsa', 6235),
(334, 2, 'Bocska', 8776),
(335, 6, 'Bocskaikert', 4241),
(336, 6, 'Boda', 7672),
(337, 2, 'Bodajk', 8053),
(338, 7, 'Böde', 8991),
(339, 9, 'Bödeháza', 8969),
(340, 18, 'Bodmér', 8085),
(341, 14, 'Bodolyabér', 7394),
(342, 4, 'Bodonhely', 9134),
(343, 4, 'Bodony', 3243),
(344, 4, 'Bodorfa', 8471),
(345, 4, 'Bodrog', 7439),
(346, 4, 'Bodroghalom', 3987),
(347, 4, 'Bodrogkeresztúr', 3916),
(348, 4, 'Bodrogkisfalud', 3917),
(349, 4, 'Bodrogolaszi', 3943),
(350, 2, 'Bódvalenke', 3768),
(351, 2, 'Bódvarákó', 3764),
(352, 2, 'Bódvaszilas', 3763),
(353, 16, 'Bogács', 3412),
(354, 7, 'Bogád', 7742),
(355, 8, 'Bogádmindszent', 7836),
(356, 19, 'Bogdása', 7966),
(357, 11, 'Bögöt', 9612),
(358, 12, 'Bögöte', 9675),
(359, 9, 'Bogyiszló', 7132),
(360, 2, 'Bogyoszló', 9324),
(361, 4, 'Böhönye', 8719),
(362, 4, 'Bojt', 4114),
(363, 4, 'Bókaháza', 8741),
(364, 14, 'Bokod', 2855),
(365, 14, 'Bököny', 4231),
(366, 2, 'Bokor', 3066),
(367, 19, 'Bölcske', 7025),
(368, 14, 'Boldog', 3016),
(369, 16, 'Boldogasszonyfa', 7937),
(370, 16, 'Boldogkőújfalu', 3884),
(371, 16, 'Boldogkőváralja', 3885),
(372, 5, 'Boldva', 3794),
(373, 17, 'Bolhás', 7517),
(374, 2, 'Bolhó', 7586),
(375, 1, 'Bóly', 7754),
(376, 19, 'Boncodfölde', 8992),
(377, 4, 'Bonnya', 7281),
(378, 4, 'Bőny', 9073),
(379, 4, 'Bonyhád', 7187),
(380, 4, 'Bonyhád', 7150),
(381, 4, 'Bonyhádvarasd', 7158),
(382, 4, 'Börcs', 9152),
(383, 4, 'Bordány', 6795),
(384, 12, 'Borgáta', 9554),
(385, 18, 'Borjád', 7756),
(386, 18, 'Borota', 6445),
(387, 2, 'Borsfa', 8885),
(388, 15, 'Borsodbóta', 3658),
(389, 2, 'Borsodgeszt', 3426),
(390, 17, 'Borsodivánka', 3462),
(391, 17, 'Borsodnádasd', 3672),
(392, 4, 'Borsodnádasd', 3671),
(393, 17, 'Borsodszentgyörgy', 3623),
(394, 4, 'Borsodszirák', 3796),
(395, 19, 'Borsosberény', 2644),
(396, 19, 'Borszörcsök', 8479),
(397, 17, 'Borzavár', 8428),
(398, 17, 'Börzönce', 8772),
(399, 14, 'Bősárkány', 9167),
(400, 15, 'Bosta', 7811),
(401, 16, 'Bőszénfa', 7475),
(402, 7, 'Botpalád', 4955),
(403, 7, 'Botykapeterd', 7900),
(404, 19, 'Bozsok', 9727),
(405, 7, 'Bózsva', 3994),
(406, 14, 'Bozzai', 9752),
(407, 3, 'Bucsa', 5527),
(408, 17, 'Bucsu', 9792),
(409, 19, 'Bucsuszentlászló', 8925),
(410, 19, 'Bucsuta', 8893),
(411, 13, 'Budajenő', 2093),
(412, 13, 'Budakalász', 2011),
(413, 13, 'Budakeszi', 2092),
(414, 13, 'Budaörs', 2040),
(415, 13, 'Budapest', 1007),
(416, 1, 'Bugac', 6114),
(417, 1, 'Bugacpusztaháza', 6114),
(418, 13, 'Bugyi', 2347),
(419, 15, 'Buj', 4483),
(420, 12, 'Buják', 3047),
(421, 14, 'Bük', 9740),
(422, 17, 'Bük', 9737),
(423, 17, 'Bükkábrány', 3422),
(424, 4, 'Bükkaranyos', 3554),
(425, 4, 'Bükkmogyorósd', 3648),
(426, 4, 'Bükkösd', 7682),
(427, 2, 'Bükkszék', 3335),
(428, 9, 'Bükkszenterzsébet', 3257),
(429, 9, 'Bükkszentkereszt', 3557),
(430, 4, 'Bükkszentmárton', 3346),
(431, 9, 'Bükkzsérc', 3414),
(432, 4, 'Bürüs', 7973),
(433, 2, 'Büssü', 7273),
(434, 14, 'Büttös', 3821),
(435, 4, 'Buzsák', 8695),
(436, 17, 'Cák', 9725),
(437, 7, 'Cakóháza', 9165),
(438, 6, 'Cece', 7013),
(439, 15, 'Cégénydányád', 4732),
(440, 13, 'Cegléd', 2738),
(441, 13, 'Cegléd', 2700),
(442, 13, 'Ceglédbercel', 2737),
(443, 17, 'Celldömölk', 9541),
(444, 17, 'Celldömölk', 9500),
(445, 12, 'Cered', 3123),
(446, 17, 'Chernelházadamonya', 9624),
(447, 10, 'Cibakháza', 5462),
(448, 4, 'Cigánd', 3973),
(449, 16, 'Cikó', 7161),
(450, 7, 'Cirák', 9364),
(451, 3, 'Csabacsűd', 5551),
(452, 3, 'Csabaszabadi', 5609),
(453, 6, 'Csabdi', 2064),
(454, 18, 'Csabrendek', 8474),
(455, 7, 'Csáfordjánosfa', 9375),
(456, 15, 'Csaholc', 4967),
(457, 18, 'Csajág', 8163),
(458, 14, 'Csákány', 8735),
(459, 17, 'Csákánydoroszló', 9919),
(460, 6, 'Csákberény', 8073),
(461, 6, 'Csákvár', 8083),
(462, 5, 'Csanádalberti', 6915),
(463, 3, 'Csanádapáca', 5662),
(464, 5, 'Csanádpalota', 6913),
(465, 17, 'Csánig', 9654),
(466, 9, 'Csány', 3015),
(467, 2, 'Csányoszró', 7964),
(468, 5, 'Csanytelek', 6647),
(469, 19, 'Csapi', 8756),
(470, 7, 'Csapod', 9372),
(471, 3, 'Csárdaszállás', 5621),
(472, 2, 'Csarnóta', 7811),
(473, 15, 'Csaroda', 4844),
(474, 11, 'Császár', 2858),
(475, 1, 'Császártöltés', 6239),
(476, 15, 'Császló', 4973),
(477, 1, 'Csátalja', 6523),
(478, 19, 'Csatár', 8943),
(479, 10, 'Csataszög', 5064),
(480, 11, 'Csatka', 2888),
(481, 1, 'Csávoly', 6448),
(482, 2, 'Csebény', 7935),
(483, 12, 'Csécse', 3052),
(484, 15, 'Csegöld', 4742),
(485, 18, 'Csehbánya', 8445),
(486, 17, 'Csehi', 9833),
(487, 17, 'Csehimindszent', 9834),
(488, 11, 'Csém', 2949),
(489, 13, 'Csemő', 2713),
(490, 17, 'Csempeszkopács', 9764),
(491, 5, 'Csengele', 6765),
(492, 15, 'Csenger', 4765),
(493, 15, 'Csengersima', 4743),
(494, 15, 'Csengerújfalu', 4764),
(495, 1, 'Csengőd', 6222),
(496, 17, 'Csénye', 9611),
(497, 4, 'Csenyéte', 3837),
(498, 11, 'Csép', 2946),
(499, 10, 'Csépa', 5475),
(500, 17, 'Csepreg', 9735),
(501, 7, 'Csér', 9375),
(502, 2, 'Cserdi', 7683),
(503, 14, 'Cserénfa', 7472),
(504, 4, 'Cserépfalu', 3413),
(505, 4, 'Cserépváralja', 3417),
(506, 12, 'Cserháthaláp', 2694),
(507, 12, 'Cserhátsurány', 2676),
(508, 12, 'Cserhátszentiván', 3066),
(509, 10, 'Cserkeszőlő', 5465),
(510, 2, 'Cserkút', 7673),
(511, 4, 'Csernely', 3648),
(512, 19, 'Cserszegtomaj', 8372),
(513, 19, 'Csertalakos', 8951),
(514, 2, 'Csertő', 7900),
(515, 18, 'Csesznek', 8419),
(516, 19, 'Csesztreg', 8973),
(517, 12, 'Csesztve', 2678),
(518, 18, 'Csetény', 8417),
(519, 13, 'Csévharaszt', 2212),
(520, 16, 'Csibrák', 7225),
(521, 1, 'Csikéria', 6424),
(522, 16, 'Csikóstőttős', 7341),
(523, 7, 'Csikvánd', 9127),
(524, 4, 'Csincse', 3442),
(525, 17, 'Csipkerek', 9836),
(526, 12, 'Csitár', 2673),
(527, 4, 'Csobád', 3848),
(528, 4, 'Csobaj', 3927),
(529, 13, 'Csobánka', 2014),
(530, 6, 'Csöde', 8999),
(531, 14, 'Csögle', 8495),
(532, 4, 'Csókakő', 8074),
(533, 11, 'Csökmő', 4145),
(534, 1, 'Csököly', 7526),
(535, 14, 'Csokonyavisonta', 7555),
(536, 13, 'Csokvaomány', 3647),
(537, 14, 'Csolnok', 2521),
(538, 5, 'Csólyospálos', 6135),
(539, 5, 'Csoma', 7253),
(540, 19, 'Csomád', 2161),
(541, 2, 'Csombárd', 7432),
(542, 18, 'Csömend', 8700),
(543, 6, 'Csömödér', 8957),
(544, 7, 'Csömör', 2141),
(545, 3, 'Csönge', 9513),
(546, 18, 'Csongrád-Csanád', 6648),
(547, 19, 'Csongrád-Csanád', 6640),
(548, 18, 'Csonkahegyhát', 8918),
(549, 8, 'Csonkamindszent', 7940),
(550, 14, 'Csopak', 8229),
(551, 14, 'Csór', 8041),
(552, 19, 'Csorna', 9300),
(553, 13, 'Csörnyeföld', 8873),
(554, 17, 'Csörötnek', 9962),
(555, 19, 'Csorvás', 5920),
(556, 17, 'Csősz', 8122),
(557, 6, 'Csót', 8558),
(558, 13, 'Csővár', 2615),
(559, 14, 'Csurgó', 8840),
(560, 14, 'Csurgónagymarton', 8840),
(561, 2, 'Cún', 7843),
(562, 13, 'Dabas', 2373),
(563, 13, 'Dabas', 2371),
(564, 13, 'Dabas', 2370),
(565, 18, 'Dabronc', 8345),
(566, 18, 'Dabrony', 8485),
(567, 11, 'Dad', 2854),
(568, 11, 'Dág', 2522),
(569, 18, 'Dáka', 8592),
(570, 16, 'Dalmand', 7211),
(571, 4, 'Damak', 3780),
(572, 4, 'Dámóc', 3978),
(573, 13, 'Dánszentmiklós', 2735),
(574, 13, 'Dány', 2118),
(575, 17, 'Daraboshegy', 9917),
(576, 14, 'Darány', 7988),
(577, 15, 'Darnó', 4737),
(578, 7, 'Darnózseli', 9232),
(579, 8, 'Darvas', 4144),
(580, 1, 'Dávod', 6524),
(581, 12, 'Debercsény', 2694),
(582, 8, 'Debrecen', 4079),
(583, 8, 'Debrecen', 4078),
(584, 8, 'Debrecen', 4225),
(585, 8, 'Debrecen', 4063),
(586, 8, 'Debrecen', 4000),
(587, 8, 'Debrecen', 4002),
(588, 8, 'Debrecen', 4024),
(589, 8, 'Debrecen', 4025),
(590, 8, 'Debrecen', 4026),
(591, 8, 'Debrecen', 4027),
(592, 8, 'Debrecen', 4028),
(593, 8, 'Debrecen', 4029),
(594, 8, 'Debrecen', 4030),
(595, 8, 'Debrecen', 4031),
(596, 8, 'Debrecen', 4032),
(597, 8, 'Debrecen', 4033),
(598, 8, 'Debrecen', 4034),
(599, 4, 'Debréte', 3825),
(600, 16, 'Decs', 7144),
(601, 4, 'Dédestapolcsány', 3643),
(602, 6, 'Dég', 8135),
(603, 12, 'Dejtár', 2649),
(604, 13, 'Délegyháza', 2337),
(605, 15, 'Demecser', 4516),
(606, 9, 'Demjén', 3395),
(607, 2, 'Dencsháza', 7915),
(608, 7, 'Dénesfa', 9365),
(609, 8, 'Derecske', 4130),
(610, 5, 'Derekegyház', 6621),
(611, 5, 'Deszk', 6772),
(612, 4, 'Detek', 3834),
(613, 9, 'Detk', 3275),
(614, 3, 'Dévaványa', 5510),
(615, 18, 'Devecser', 8460),
(616, 2, 'Dinnyeberki', 7683),
(617, 16, 'Diósberény', 7072),
(618, 13, 'Diósd', 2049),
(619, 12, 'Diósjenő', 2643),
(620, 19, 'Dióskál', 8764),
(621, 2, 'Diósviszló', 7817),
(622, 18, 'Doba', 8482),
(623, 3, 'Döbörhegy', 9914),
(624, 19, 'Doboz', 5624),
(625, 19, 'Dobri', 8874),
(626, 5, 'Döbröce', 8357),
(627, 4, 'Döbrököz', 7228),
(628, 5, 'Dobronhegy', 8989),
(629, 3, 'Döbrönte', 8597),
(630, 3, 'Dóc', 6766),
(631, 16, 'Döge', 4495),
(632, 15, 'Domaháza', 3627),
(633, 13, 'Domaszék', 6781),
(634, 9, 'Dombegyház', 5836),
(635, 9, 'Dombiratos', 5745),
(636, 11, 'Dombóvár', 7200),
(637, 12, 'Dombrád', 4492),
(638, 17, 'Domony', 2182),
(639, 17, 'Dömös', 2027),
(640, 19, 'Domoszló', 3263),
(641, 16, 'Dömsöd', 2344),
(642, 18, 'Dör', 9147),
(643, 15, 'Dörgicse', 8244),
(644, 11, 'Dormánd', 3374),
(645, 13, 'Dorog', 2510),
(646, 7, 'Dorogháza', 3153),
(647, 18, 'Döröske', 9913),
(648, 17, 'Dötk', 8799),
(649, 19, 'Dövény', 3721),
(650, 4, 'Dozmat', 9791),
(651, 1, 'Drágszél', 6342),
(652, 2, 'Drávacsehi', 7849),
(653, 2, 'Drávacsepely', 7846),
(654, 2, 'Drávafok', 7967),
(655, 14, 'Drávagárdony', 7977),
(656, 2, 'Drávaiványi', 7960),
(657, 2, 'Drávakeresztúr', 7967),
(658, 2, 'Drávapalkonya', 7850),
(659, 2, 'Drávapiski', 7843),
(660, 2, 'Drávaszabolcs', 7851),
(661, 2, 'Drávaszerdahely', 7847),
(662, 2, 'Drávasztára', 7960),
(663, 14, 'Drávatamási', 7979),
(664, 12, 'Drégelypalánk', 2646),
(665, 4, 'Dubicsány', 3635),
(666, 18, 'Dudar', 8416),
(667, 17, 'Duka', 9556),
(668, 11, 'Dunaalmás', 2545),
(669, 13, 'Dunabogdány', 2023),
(670, 1, 'Dunaegyháza', 6323),
(671, 1, 'Dunafalva', 6513),
(672, 16, 'Dunaföldvár', 7020),
(673, 13, 'Dunaharaszti', 2330),
(674, 13, 'Dunakeszi', 2120),
(675, 7, 'Dunakiliti', 9225),
(676, 1, 'Dunapataj', 6328),
(677, 7, 'Dunaremete', 9235),
(678, 7, 'Dunaszeg', 9174),
(679, 2, 'Dunaszekcső', 7712),
(680, 1, 'Dunaszentbenedek', 6333),
(681, 16, 'Dunaszentgyörgy', 7135),
(682, 11, 'Dunaszentmiklós', 2897),
(683, 7, 'Dunaszentpál', 9175),
(684, 7, 'Dunasziget', 9226),
(685, 1, 'Dunatetétlen', 6325),
(686, 6, 'Dunaújváros', 2407),
(687, 6, 'Dunaújváros', 2400),
(688, 13, 'Dunavarsány', 2336),
(689, 1, 'Dunavecse', 6087),
(690, 1, 'Dusnok', 6353),
(691, 16, 'Dúzs', 7224),
(692, 7, 'Ebergőc', 9451),
(693, 8, 'Ebes', 4211),
(694, 7, 'Écs', 9083),
(695, 9, 'Ecséd', 3013),
(696, 12, 'Ecseg', 3053),
(697, 3, 'Ecsegfalva', 5515),
(698, 14, 'Ecseny', 7457),
(699, 13, 'Ecser', 2233),
(700, 14, 'Edde', 7443),
(701, 4, 'Edelény', 3783),
(702, 4, 'Edelény', 3780),
(703, 7, 'Edve', 9343),
(704, 9, 'Eger', 3304),
(705, 9, 'Eger', 3323),
(706, 9, 'Eger', 3300),
(707, 2, 'Egerág', 7763),
(708, 18, 'Egeralja', 8497),
(709, 19, 'Egeraracsa', 8765),
(710, 9, 'Egerbakta', 3321),
(711, 9, 'Egerbocs', 3337),
(712, 9, 'Egercsehi', 3341),
(713, 9, 'Egerfarmos', 3379),
(714, 4, 'Egerlövő', 3461),
(715, 9, 'Egerszalók', 3394),
(716, 9, 'Égerszög', 3757),
(717, 4, 'Egerszólát', 3328),
(718, 19, 'Egervár', 8913),
(719, 17, 'Egervölgy', 9684),
(720, 7, 'Egyed', 9314),
(721, 8, 'Egyek', 4067),
(722, 8, 'Egyek', 4069),
(723, 12, 'Egyházasdengeleg', 3043),
(724, 7, 'Egyházasfalu', 9473),
(725, 12, 'Egyházasgerge', 3185),
(726, 2, 'Egyházasharaszti', 7824),
(727, 17, 'Egyházashetye', 9554),
(728, 17, 'Egyházashollós', 9781),
(729, 18, 'Egyházaskesző', 8523),
(730, 2, 'Egyházaskozár', 7347),
(731, 17, 'Egyházasrádóc', 9783),
(732, 3, 'Elek', 5742),
(733, 2, 'Ellend', 7744),
(734, 6, 'Előszállás', 2423),
(735, 6, 'Előszállás', 2424),
(736, 4, 'Emőd', 3432),
(737, 4, 'Encs', 3854),
(738, 4, 'Encs', 3860),
(739, 15, 'Encsencs', 4374),
(740, 12, 'Endrefalva', 3165),
(741, 2, 'Endrőc', 7973),
(742, 7, 'Enese', 9143),
(743, 6, 'Enying', 8131),
(744, 6, 'Enying', 8130),
(745, 5, 'Eperjes', 6624),
(746, 15, 'Eperjeske', 4646),
(747, 18, 'Eplény', 8413),
(748, 11, 'Epöl', 2526),
(749, 6, 'Ercsi', 2453),
(750, 6, 'Ercsi', 2451),
(751, 13, 'Érd', 2036),
(752, 13, 'Érd', 2035),
(753, 13, 'Érd', 2030),
(754, 4, 'Erdőbénye', 3932),
(755, 4, 'Erdőhorváti', 3935),
(756, 13, 'Erdőkertes', 2113),
(757, 9, 'Erdőkövesd', 3252),
(758, 12, 'Erdőkürt', 2176),
(759, 2, 'Erdősmárok', 7735),
(760, 2, 'Erdősmecske', 7723),
(761, 12, 'Erdőtarcsa', 2177),
(762, 9, 'Erdőtelek', 3358),
(763, 9, 'Erk', 3295),
(764, 15, 'Érpatak', 4245),
(765, 1, 'Érsekcsanád', 6347),
(766, 1, 'Érsekhalma', 6348),
(767, 12, 'Érsekvadkert', 2659),
(768, 16, 'Értény', 7093),
(769, 2, 'Erzsébet', 7661),
(770, 8, 'Esztár', 4124),
(771, 19, 'Eszteregnye', 8882),
(772, 19, 'Esztergályhorváti', 8742),
(773, 11, 'Esztergom', 2509),
(774, 11, 'Esztergom', 2500),
(775, 11, 'Ete', 2947),
(776, 12, 'Etes', 3136),
(777, 6, 'Etyek', 2091),
(778, 15, 'Fábiánháza', 4354),
(779, 5, 'Fábiánsebestyén', 6625),
(780, 16, 'Fácánkert', 7136),
(781, 16, 'Fadd', 7139),
(782, 16, 'Fadd', 7133),
(783, 4, 'Fáj', 3865),
(784, 1, 'Fajsz', 6352),
(785, 4, 'Fancsal', 3855),
(786, 7, 'Farád', 9321),
(787, 18, 'Farkasgyepű', 8582),
(788, 4, 'Farkaslyuk', 3608),
(789, 13, 'Farmos', 2765),
(790, 2, 'Fazekasboda', 7732),
(791, 9, 'Fedémes', 3255),
(792, 10, 'Fegyvernek', 5213),
(793, 10, 'Fegyvernek', 5231),
(794, 15, 'Fehérgyarmat', 4900),
(795, 7, 'Fehértó', 9163),
(796, 6, 'Fehérvárcsurgó', 8052),
(797, 2, 'Feked', 7724),
(798, 7, 'Feketeerdő', 9211),
(799, 6, 'Felcsút', 8086),
(800, 9, 'Feldebrő', 3352),
(801, 5, 'Felgyő', 6645),
(802, 7, 'Felpéc', 9122),
(803, 4, 'Felsőberecki', 3985),
(804, 17, 'Felsőcsatár', 9794),
(805, 4, 'Felsődobsza', 3847),
(806, 2, 'Felsőegerszeg', 7370),
(807, 4, 'Felsőgagy', 3837),
(808, 17, 'Felsőjánosfa', 9934),
(809, 4, 'Felsőkelecsény', 3722),
(810, 1, 'Felsőlajos', 6055),
(811, 17, 'Felsőmarác', 9918),
(812, 14, 'Felsőmocsolád', 7456),
(813, 16, 'Felsőnána', 7175),
(814, 4, 'Felsőnyárád', 3721),
(815, 16, 'Felsőnyék', 7099),
(816, 18, 'Felsőörs', 8227),
(817, 19, 'Felsőpáhok', 8380),
(818, 13, 'Felsőpakony', 2363),
(819, 12, 'Felsőpetény', 2611),
(820, 19, 'Felsőrajk', 8767),
(821, 4, 'Felsőregmec', 3989),
(822, 19, 'Felsőszenterzsébet', 8973),
(823, 1, 'Felsőszentiván', 6447),
(824, 2, 'Felsőszentmárton', 7968),
(825, 17, 'Felsőszölnök', 9985),
(826, 9, 'Felsőtárkány', 3324),
(827, 4, 'Felsőtelekes', 3735),
(828, 12, 'Felsőtold', 3067),
(829, 4, 'Felsővadász', 3814),
(830, 4, 'Felsőzsolca', 3561),
(831, 15, 'Fényeslitke', 4621),
(832, 18, 'Fenyőfő', 8432),
(833, 5, 'Ferencszállás', 6774),
(834, 7, 'Fertőboz', 9493),
(835, 7, 'Fertőd', 9433),
(836, 7, 'Fertőd', 9431),
(837, 7, 'Fertőendréd', 9442),
(838, 7, 'Fertőhomok', 9492),
(839, 7, 'Fertőrákos', 9421),
(840, 7, 'Fertőszentmiklós', 9444),
(841, 7, 'Fertőszéplak', 9436),
(842, 14, 'Fiad', 7282),
(843, 4, 'Filkeháza', 3994),
(844, 19, 'Fityeház', 8835),
(845, 1, 'Foktő', 6331),
(846, 8, 'Földeák', 6922),
(847, 14, 'Földes', 4177),
(848, 4, 'Folyás', 4090),
(849, 14, 'Fonó', 7271),
(850, 14, 'Fony', 3893),
(851, 5, 'Főnyed', 8732),
(852, 4, 'Fonyód', 8644),
(853, 13, 'Fonyód', 8640),
(854, 5, 'Forráskút', 6793),
(855, 8, 'Forró', 3849),
(856, 14, 'Fót', 2151),
(857, 4, 'Füle', 8157),
(858, 8, 'Fülesd', 4964),
(859, 6, 'Fulókércs', 3864),
(860, 15, 'Fülöp', 4266),
(861, 8, 'Fülöpháza', 6042),
(862, 1, 'Fülöpjakab', 6116),
(863, 1, 'Fülöpszállás', 6085),
(864, 1, 'Fülpösdaróc', 4754),
(865, 15, 'Fürged', 7087),
(866, 16, 'Furta', 4141),
(867, 4, 'Füzér', 3996),
(868, 4, 'Füzérkajata', 3994),
(869, 4, 'Füzérkomlós', 3997),
(870, 4, 'Füzérradvány', 3993),
(871, 9, 'Füzesabony', 3390),
(872, 3, 'Füzesgyarmat', 5525),
(873, 19, 'Füzvölgy', 8777),
(874, 8, 'Gáborján', 4122),
(875, 19, 'Gáborjánháza', 8969),
(876, 15, 'Gacsály', 4972),
(877, 14, 'Gadács', 7276),
(878, 14, 'Gadány', 8716),
(879, 4, 'Gadna', 3815),
(880, 3, 'Gádoros', 5932),
(881, 4, 'Gagyapáti', 3837),
(882, 4, 'Gagybátor', 3817),
(883, 4, 'Gagyvendégi', 3816),
(884, 19, 'Galambok', 8754),
(885, 12, 'Galgaguta', 2686),
(886, 13, 'Galgagyörk', 2681),
(887, 13, 'Galgahévíz', 2193),
(888, 13, 'Galgamácsa', 2183),
(889, 14, 'Gálosfa', 7473),
(890, 4, 'Galvács', 3752),
(891, 14, 'Gamás', 8685),
(892, 18, 'Ganna', 8597),
(893, 6, 'Gánt', 8082),
(894, 1, 'Gara', 6522),
(895, 12, 'Garáb', 3067),
(896, 19, 'Garabonc', 8747),
(897, 4, 'Garadna', 3873),
(898, 15, 'Garbolc', 4976),
(899, 6, 'Gárdony', 2484),
(900, 6, 'Gárdony', 2485),
(901, 6, 'Gárdony', 2483),
(902, 2, 'Garé', 7812),
(903, 17, 'Gasztony', 9952),
(904, 1, 'Gátér', 6111),
(905, 15, 'Gávavencsellő', 4471),
(906, 15, 'Gávavencsellő', 4472),
(907, 15, 'Géberjén', 4754),
(908, 18, 'Gecse', 8543),
(909, 1, 'Géderlak', 6334),
(910, 15, 'Gégény', 4517),
(911, 4, 'Gelej', 3444),
(912, 15, 'Gelénes', 4935),
(913, 19, 'Gellénháza', 8981),
(914, 19, 'Gelse', 8774),
(915, 19, 'Gelsesziget', 8774),
(916, 15, 'Gemzse', 4567),
(917, 17, 'Gencsapáti', 9721),
(918, 17, 'Gérce', 9672),
(919, 2, 'Gerde', 7951),
(920, 3, 'Gerendás', 5925),
(921, 2, 'Gerényes', 7362),
(922, 2, 'Geresdlak', 7733),
(923, 16, 'Gerjen', 7134),
(924, 17, 'Gersekarát', 9813),
(925, 3, 'Geszt', 5734),
(926, 4, 'Gesztely', 3923),
(927, 4, 'Gesztely', 3715),
(928, 15, 'Geszteréd', 4232),
(929, 19, 'Gétye', 8762),
(930, 18, 'Gic', 8435),
(931, 14, 'Gige', 7527),
(932, 2, 'Gilvánfa', 7954),
(933, 4, 'Girincs', 3578),
(934, 18, 'Göd', 2131),
(935, 4, 'Göd', 2132),
(936, 13, 'Gödöllő', 2100),
(937, 19, 'Gödre', 7386),
(938, 17, 'Gödre', 7385),
(939, 2, 'Gógánfa', 8346),
(940, 19, 'Gölle', 7272),
(941, 13, 'Golop', 3906),
(942, 13, 'Gomba', 2217),
(943, 13, 'Gombosszeg', 8984),
(944, 2, 'Gömörszőlős', 3728),
(945, 2, 'Gönc', 3895),
(946, 14, 'Göncruszka', 3894),
(947, 4, 'Gönyű', 9071),
(948, 4, 'Gór', 9625),
(949, 4, 'Görbeháza', 4075),
(950, 7, 'Görcsöny', 7833),
(951, 8, 'Görcsönydoboka', 7728),
(952, 2, 'Gordisa', 7853),
(953, 2, 'Görgeteg', 7553),
(954, 14, 'Gősfa', 8913),
(955, 19, 'Gosztola', 8978),
(956, 16, 'Grábóc', 7162),
(957, 15, 'Gulács', 4842),
(958, 19, 'Gutorfölde', 8951),
(959, 13, 'Gyál', 2360),
(960, 7, 'Gyalóka', 9474),
(961, 17, 'Gyanógeregye', 9774),
(962, 7, 'Gyarmat', 9126),
(963, 14, 'Gyékényes', 8851),
(964, 19, 'Gyenesdiás', 8315),
(965, 18, 'Gyepükaján', 8473),
(966, 11, 'Gyermely', 2821),
(967, 2, 'Gyód', 7668),
(968, 3, 'Gyomaendrőd', 5502),
(969, 3, 'Gyomaendrőd', 5500),
(970, 7, 'Gyömöre', 9124),
(971, 7, 'Gyömrő', 2230),
(972, 13, 'Gyöngyfa', 7954),
(973, 2, 'Gyöngyös', 3221),
(974, 9, 'Gyöngyös', 3232),
(975, 9, 'Gyöngyös', 3233),
(976, 9, 'Gyöngyös', 3200),
(977, 9, 'Gyöngyösfalu', 9723),
(978, 17, 'Gyöngyöshalász', 3212),
(979, 9, 'Gyöngyösmellék', 7972),
(980, 2, 'Gyöngyösoroszi', 3211),
(981, 9, 'Gyöngyöspata', 3035),
(982, 9, 'Gyöngyössolymos', 3231),
(983, 9, 'Gyöngyöstarján', 3036),
(984, 9, 'Gyönk', 7064),
(985, 16, 'Győr', 9019),
(986, 7, 'Győr', 9011),
(987, 7, 'Győr', 9012),
(988, 7, 'Győr', 9000),
(989, 7, 'Győr', 9021),
(990, 7, 'Győr', 9022),
(991, 7, 'Győr', 9023),
(992, 7, 'Győr', 9024),
(993, 7, 'Győr', 9025),
(994, 7, 'Győr', 9026),
(995, 7, 'Győr', 9027),
(996, 7, 'Győr', 9028),
(997, 7, 'Győr', 9029),
(998, 7, 'Győr', 9030),
(999, 7, 'Győrasszonyfa', 9093),
(1000, 7, 'Györe', 7352),
(1001, 16, 'Györgytarló', 3954),
(1002, 4, 'Györköny', 7045),
(1003, 16, 'Győrladamér', 9173),
(1004, 7, 'Gyóró', 9363),
(1005, 15, 'Győröcske', 4625),
(1006, 7, 'Győrság', 9084),
(1007, 7, 'Győrsövényház', 9161),
(1008, 7, 'Győrszemere', 9121),
(1009, 15, 'Győrtelek', 4752),
(1010, 7, 'Győrújbarát', 9081),
(1011, 7, 'Győrújfalu', 9171),
(1012, 17, 'Győrvár', 9821),
(1013, 7, 'Győrzámoly', 9172),
(1014, 14, 'Gyugy', 8692),
(1015, 3, 'Gyügye', 4733),
(1016, 3, 'Gyula', 5711),
(1017, 3, 'Gyula', 5703),
(1018, 15, 'Gyula', 5700),
(1019, 16, 'Gyulaháza', 4545),
(1020, 18, 'Gyulaj', 7227),
(1021, 6, 'Gyulakeszi', 8286),
(1022, 15, 'Gyüre', 4813),
(1023, 15, 'Gyúró', 2464),
(1024, 19, 'Gyűrűs', 8932),
(1025, 14, 'Hács', 8694),
(1026, 19, 'Hagyárosbörönd', 8992),
(1027, 19, 'Hahót', 8771),
(1028, 8, 'Hajdúbagos', 4273),
(1029, 8, 'Hajdúböszörmény', 4224),
(1030, 8, 'Hajdúböszörmény', 4086),
(1031, 8, 'Hajdúböszörmény', 4074),
(1032, 8, 'Hajdúböszörmény', 4220),
(1033, 8, 'Hajdúdorog', 4087),
(1034, 8, 'Hajdúhadház', 4242),
(1035, 8, 'Hajdúnánás', 4085),
(1036, 8, 'Hajdúnánás', 4080),
(1037, 8, 'Hajdúsámson', 4251),
(1038, 8, 'Hajdúszoboszló', 4200),
(1039, 8, 'Hajdúszovát', 4212),
(1040, 14, 'Hajmás', 7473),
(1041, 18, 'Hajmáskér', 8192),
(1042, 1, 'Hajós', 6344),
(1043, 17, 'Halastó', 9814),
(1044, 7, 'Halászi', 9228),
(1045, 13, 'Halásztelek', 2314),
(1046, 18, 'Halimba', 8452),
(1047, 4, 'Halmaj', 3842),
(1048, 9, 'Halmajugra', 3273),
(1049, 17, 'Halogy', 9917),
(1050, 4, 'Hangács', 3795),
(1051, 4, 'Hangony', 3626),
(1052, 6, 'Hantos', 2434),
(1053, 17, 'Harasztifalu', 9784),
(1054, 16, 'Harc', 7172),
(1055, 7, 'Harka', 9422),
(1056, 1, 'Harkakötöny', 6136),
(1057, 2, 'Harkány', 7815),
(1058, 14, 'Háromfa', 7585),
(1059, 4, 'Háromhuta', 3936),
(1060, 4, 'Harsány', 3555),
(1061, 18, 'Hárskút', 8442),
(1062, 1, 'Harta', 6327),
(1063, 1, 'Harta', 6326),
(1064, 2, 'Hásságy', 7745),
(1065, 9, 'Hatvan', 3000),
(1066, 7, 'Hédervár', 9178),
(1067, 14, 'Hedrehely', 7533),
(1068, 18, 'Hegyesd', 8296),
(1069, 7, 'Hegyeshalom', 9222),
(1070, 17, 'Hegyfalu', 9631),
(1071, 17, 'Hegyháthodász', 9915),
(1072, 2, 'Hegyhátmaróc', 7348),
(1073, 17, 'Hegyhátsál', 9915),
(1074, 17, 'Hegyhátszentjakab', 9934),
(1075, 17, 'Hegyhátszentmárton', 9931),
(1076, 17, 'Hegyhátszentpéter', 9826),
(1077, 7, 'Hegykő', 9437),
(1078, 18, 'Hegymagas', 8265),
(1079, 4, 'Hegymeg', 3786),
(1080, 2, 'Hegyszentmárton', 7837),
(1081, 12, 'Héhalom', 3041),
(1082, 4, 'Hejce', 3892),
(1083, 4, 'Hejőbába', 3593),
(1084, 4, 'Hejőkeresztúr', 3597),
(1085, 4, 'Hejőkürt', 3588),
(1086, 4, 'Hejőpapi', 3594),
(1087, 4, 'Hejőszalonta', 3595),
(1088, 2, 'Helesfa', 7683),
(1089, 1, 'Helvécia', 6034),
(1090, 8, 'Hencida', 4123),
(1091, 14, 'Hencse', 7532),
(1092, 13, 'Herceghalom', 2053),
(1093, 4, 'Hercegkút', 3958),
(1094, 1, 'Hercegszántó', 6525),
(1095, 9, 'Heréd', 3011),
(1096, 11, 'Héreg', 2832),
(1097, 12, 'Herencsény', 2677),
(1098, 18, 'Herend', 8440),
(1099, 14, 'Heresznye', 7587),
(1100, 15, 'Hermánszeg', 4735),
(1101, 13, 'Hernád', 2376),
(1102, 4, 'Hernádbűd', 3853),
(1103, 4, 'Hernádcéce', 3887),
(1104, 4, 'Hernádkak', 3563),
(1105, 4, 'Hernádkércs', 3846),
(1106, 4, 'Hernádnémeti', 3564),
(1107, 4, 'Hernádpetri', 3874),
(1108, 4, 'Hernádszentandrás', 3852),
(1109, 4, 'Hernádszurdok', 3875),
(1110, 4, 'Hernádvécse', 3874),
(1111, 19, 'Hernyék', 8957),
(1112, 4, 'Hét', 3655),
(1113, 15, 'Hetefejércse', 4843),
(1114, 14, 'Hetes', 7432),
(1115, 2, 'Hetvehely', 7681),
(1116, 18, 'Hetyefő', 8344),
(1117, 9, 'Heves', 3360),
(1118, 9, 'Hevesaranyos', 3322),
(1119, 9, 'Hevesvezekény', 3383),
(1120, 19, 'Hévíz', 8380),
(1121, 13, 'Hévízgyörk', 2192),
(1122, 2, 'Hidas', 7696),
(1123, 4, 'Hidasnémeti', 3876),
(1124, 18, 'Hidegkút', 8247),
(1125, 7, 'Hidegség', 9491),
(1126, 4, 'Hidvégardó', 3768),
(1127, 2, 'Himesháza', 7735),
(1128, 7, 'Himod', 9362),
(1129, 2, 'Hirics', 7838),
(1130, 2, 'Hobol', 7971),
(1131, 15, 'Hodász', 4334),
(1132, 5, 'Hódmezővásárhely', 6806),
(1133, 5, 'Hódmezővásárhely', 6800),
(1134, 14, 'Hőgyész', 7191),
(1135, 4, 'Hollád', 8731),
(1136, 12, 'Hollóháza', 3999),
(1137, 18, 'Hollókő', 3176),
(1138, 19, 'Homokbödöge', 8563),
(1139, 1, 'Homokkomárom', 8777),
(1140, 14, 'Homokmégy', 6341),
(1141, 2, 'Homokszentgyörgy', 7537),
(1142, 4, 'Homorúd', 7716),
(1143, 12, 'Homrogd', 3812),
(1144, 12, 'Hont', 2647),
(1145, 9, 'Horpács', 2658),
(1146, 8, 'Hort', 3014),
(1147, 2, 'Hortobágy', 4071),
(1148, 17, 'Horváthertelend', 7935),
(1149, 17, 'Horvátlövő', 9796),
(1150, 2, 'Horvátzsidány', 9733),
(1151, 8, 'Hosszúhetény', 7694),
(1152, 17, 'Hosszúpályi', 4274),
(1153, 14, 'Hosszúpereszteg', 9676),
(1154, 19, 'Hosszúvíz', 8716),
(1155, 18, 'Hosszúvölgy', 8777),
(1156, 19, 'Hosztót', 8475),
(1157, 16, 'Hottó', 8991),
(1158, 7, 'Hövej', 9361),
(1159, 12, 'Hugyag', 2672),
(1160, 3, 'Hunya', 5555),
(1161, 10, 'Hunyadfalva', 5063),
(1162, 2, 'Husztót', 7678),
(1163, 2, 'Ibafa', 7935),
(1164, 19, 'Iborfia', 8984),
(1165, 15, 'Ibrány', 4484),
(1166, 14, 'Igal', 7275),
(1167, 6, 'Igar', 7016),
(1168, 6, 'Igar', 7015),
(1169, 4, 'Igrici', 3459),
(1170, 14, 'Iharos', 8726),
(1171, 14, 'Iharosberény', 8725),
(1172, 17, 'Ikervár', 9756),
(1173, 13, 'Iklad', 2181),
(1174, 17, 'Iklanberény', 9634),
(1175, 19, 'Iklódbördőce', 8958),
(1176, 7, 'Ikrény', 9141),
(1177, 12, 'Iliny', 2675),
(1178, 15, 'Ilk', 4566),
(1179, 2, 'Illocska', 7775),
(1180, 4, 'Imola', 3724),
(1181, 1, 'Imrehegy', 6238),
(1182, 4, 'Ináncs', 3851),
(1183, 13, 'Inárcs', 2365),
(1184, 14, 'Inke', 8724),
(1185, 2, 'Ipacsfa', 7847),
(1186, 13, 'Ipolydamásd', 2631),
(1187, 12, 'Ipolytarnóc', 3138),
(1188, 13, 'Ipolytölgyes', 2633),
(1189, 12, 'Ipolyvece', 2669),
(1190, 16, 'Iregszemcse', 7095),
(1191, 4, 'Irota', 3786),
(1192, 13, 'Isaszeg', 2117),
(1193, 17, 'Ispánk', 9941),
(1194, 9, 'Istenmezeje', 3253),
(1195, 14, 'Istvándi', 7987),
(1196, 6, 'Iszkaszentgyörgy', 8043),
(1197, 18, 'Iszkáz', 8493),
(1198, 6, 'Isztimér', 8045),
(1199, 9, 'Ivád', 3248),
(1200, 7, 'Iván', 9374),
(1201, 2, 'Ivánbattyán', 7772),
(1202, 17, 'Ivánc', 9931),
(1203, 6, 'Iváncsa', 2454),
(1204, 2, 'Ivándárda', 7781),
(1205, 16, 'Izmény', 7353),
(1206, 1, 'Izsák', 6070),
(1207, 4, 'Izsófalva', 3741),
(1208, 16, 'Jágónak', 7362),
(1209, 17, 'Ják', 9798),
(1210, 1, 'Jakabszállás', 6078),
(1211, 17, 'Jákfa', 9643),
(1212, 4, 'Jákfalva', 3721),
(1213, 14, 'Jákó', 7525),
(1214, 15, 'Jánd', 4841),
(1215, 15, 'Jánkmajtis', 4741),
(1216, 1, 'Jánoshalma', 6440),
(1217, 17, 'Jánosháza', 9545),
(1218, 10, 'Jánoshida', 5143),
(1219, 7, 'Jánossomorja', 9241),
(1220, 7, 'Jánossomorja', 9242),
(1221, 4, 'Járdánháza', 3664),
(1222, 15, 'Jármi', 4337),
(1223, 18, 'Jásd', 8424),
(1224, 10, 'Jászágó', 5124),
(1225, 10, 'Jászalsószentgyörgy', 5054),
(1226, 10, 'Jászapáti', 5130),
(1227, 10, 'Jászárokszállás', 5123),
(1228, 10, 'Jászberény', 5152),
(1229, 10, 'Jászberény', 5100),
(1230, 10, 'Jászboldogháza', 5144),
(1231, 10, 'Jászdózsa', 5122),
(1232, 10, 'Jászfelsőszentgyörgy', 5111),
(1233, 10, 'Jászfényszaru', 5126),
(1234, 10, 'Jászivány', 5135),
(1235, 10, 'Jászjákóhalma', 5121),
(1236, 13, 'Jászkarajenő', 2746),
(1237, 10, 'Jászkisér', 5137),
(1238, 10, 'Jászladány', 5055),
(1239, 10, 'Jászszentandrás', 5136),
(1240, 1, 'Jászszentlászló', 6133),
(1241, 10, 'Jásztelek', 5141),
(1242, 15, 'Jéke', 4611),
(1243, 6, 'Jenő', 8146),
(1244, 7, 'Jobaháza', 9323),
(1245, 12, 'Jobbágyi', 3063),
(1246, 4, 'Jósvafő', 3758),
(1247, 14, 'Juta', 7431),
(1248, 8, 'Kaba', 4183),
(1249, 19, 'Kacorlak', 8773),
(1250, 4, 'Kács', 3424),
(1251, 2, 'Kacsóta', 7940),
(1252, 14, 'Kadarkút', 7530),
(1253, 7, 'Kajárpéc', 9123),
(1254, 6, 'Kajászó', 2472),
(1255, 16, 'Kajdacs', 7051),
(1256, 16, 'Kakasd', 7122),
(1257, 2, 'Kákics', 7958),
(1258, 13, 'Kakucs', 2366),
(1259, 9, 'Kál', 3350),
(1260, 16, 'Kalaznó', 7194),
(1261, 17, 'Káld', 9673),
(1262, 12, 'Kálló', 2175),
(1263, 19, 'Kallósd', 8785),
(1264, 15, 'Kállósemjén', 4324),
(1265, 14, 'Kálmáncsa', 7538),
(1266, 15, 'Kálmánháza', 4434),
(1267, 19, 'Kálócfa', 8988),
(1268, 1, 'Kalocsa', 6300),
(1269, 6, 'Káloz', 8124),
(1270, 17, 'Kám', 9841),
(1271, 18, 'Kamond', 8469),
(1272, 3, 'Kamut', 5673),
(1273, 4, 'Kánó', 3735),
(1274, 15, 'Kántorjánosi', 4335),
(1275, 4, 'Kány', 3821),
(1276, 14, 'Kánya', 8667),
(1277, 19, 'Kányavár', 8956),
(1278, 18, 'Kapolcs', 8294),
(1279, 9, 'Kápolna', 3355),
(1280, 6, 'Kápolnásnyék', 2475),
(1281, 14, 'Kapoly', 8671),
(1282, 14, 'Kaposfő', 7523),
(1283, 14, 'Kaposgyarmat', 7473),
(1284, 14, 'Kaposhomok', 7261),
(1285, 14, 'Kaposkeresztúr', 7258),
(1286, 14, 'Kaposmérő', 7521),
(1287, 16, 'Kapospula', 7251),
(1288, 16, 'Kaposszekcső', 7361),
(1289, 14, 'Kaposszerdahely', 7476),
(1290, 14, 'Kaposújlak', 7522),
(1291, 14, 'Kaposvár', 7400),
(1292, 18, 'Káptalanfa', 8471),
(1293, 18, 'Káptalantóti', 8283),
(1294, 7, 'Kapuvár', 9339),
(1295, 7, 'Kapuvár', 9330),
(1296, 14, 'Kára', 7285),
(1297, 9, 'Karácsond', 3281),
(1298, 14, 'Karád', 8676),
(1299, 17, 'Karakó', 9547),
(1300, 18, 'Karakószörcsök', 8491),
(1301, 12, 'Karancsalja', 3181),
(1302, 12, 'Karancsberény', 3137),
(1303, 12, 'Karancskeszi', 3183),
(1304, 12, 'Karancslapujtő', 3182),
(1305, 12, 'Karancsság', 3163),
(1306, 2, 'Kárász', 7333),
(1307, 10, 'Karcag', 5300),
(1308, 4, 'Karcsa', 3963),
(1309, 3, 'Kardos', 5552),
(1310, 3, 'Kardoskút', 5945),
(1311, 19, 'Karmacs', 8354),
(1312, 4, 'Karos', 3962),
(1313, 13, 'Kartal', 2173),
(1314, 2, 'Kásád', 7827),
(1315, 1, 'Kaskantyú', 6211),
(1316, 14, 'Kastélyosdombó', 7977),
(1317, 3, 'Kaszaper', 5948),
(1318, 14, 'Kaszó', 7564),
(1319, 2, 'Katádfa', 7914),
(1320, 17, 'Katafa', 9915),
(1321, 2, 'Kátoly', 7661),
(1322, 1, 'Katymár', 6455),
(1323, 13, 'Káva', 2215),
(1324, 19, 'Kávás', 8994),
(1325, 12, 'Kazár', 3147),
(1326, 12, 'Kazár', 3127),
(1327, 4, 'Kazincbarcika', 3700),
(1328, 4, 'Kázsmárk', 3831),
(1329, 14, 'Kazsok', 7274),
(1330, 1, 'Kecel', 6237),
(1331, 11, 'Kecskéd', 2852),
(1332, 1, 'Kecskemét', 6044),
(1333, 1, 'Kecskemét', 6008),
(1334, 1, 'Kecskemét', 6000),
(1335, 19, 'Kehidakustány', 8784),
(1336, 15, 'Kék', 4515),
(1337, 15, 'Kékcse', 4494),
(1338, 4, 'Kéked', 3899),
(1339, 2, 'Kékesd', 7661),
(1340, 18, 'Kékkút', 8254),
(1341, 1, 'Kelebia', 6423),
(1342, 17, 'Keléd', 9549),
(1343, 4, 'Kelemér', 3728),
(1344, 1, 'Kéleshalom', 6444),
(1345, 14, 'Kelevíz', 8714),
(1346, 15, 'Kemecse', 4501),
(1347, 13, 'Kemence', 2638),
(1348, 19, 'Kemendollár', 8931),
(1349, 18, 'Kemeneshőgyész', 8516),
(1350, 17, 'Kemeneskápolna', 9553),
(1351, 17, 'Kemenesmagasi', 9522),
(1352, 17, 'Kemenesmihályfa', 9511),
(1353, 17, 'Kemenespálfa', 9544),
(1354, 17, 'Kemenessömjén', 9517),
(1355, 17, 'Kemenesszentmárton', 9521),
(1356, 18, 'Kemenesszentpéter', 8518),
(1357, 19, 'Keménfa', 8995),
(1358, 2, 'Kémes', 7843),
(1359, 17, 'Kemestaródfa', 9923),
(1360, 2, 'Kemse', 7839),
(1361, 10, 'Kenderes', 5349),
(1362, 10, 'Kenderes', 5331),
(1363, 17, 'Kenéz', 9752),
(1364, 4, 'Kenézlő', 3955),
(1365, 10, 'Kengyel', 5083),
(1366, 17, 'Kenyeri', 9514),
(1367, 17, 'Kercaszomor', 9945),
(1368, 14, 'Kercseliget', 7256),
(1369, 9, 'Kerecsend', 3396),
(1370, 19, 'Kerecseny', 8745),
(1371, 1, 'Kerekegyháza', 6041),
(1372, 14, 'Kereki', 8618),
(1373, 11, 'Kerékteleki', 2882),
(1374, 13, 'Kerepes', 2145),
(1375, 13, 'Kerepes', 2144),
(1376, 4, 'Keresztéte', 3821),
(1377, 19, 'Kerkabarabás', 8971),
(1378, 19, 'Kerkafalva', 8973),
(1379, 19, 'Kerkakutas', 8973),
(1380, 17, 'Kerkáskápolna', 9944),
(1381, 19, 'Kerkaszentkirály', 8874),
(1382, 19, 'Kerkateskánd', 8879),
(1383, 15, 'Kérsemjén', 4912),
(1384, 18, 'Kerta', 8492),
(1385, 3, 'Kertészsziget', 5526),
(1386, 12, 'Keszeg', 2616),
(1387, 4, 'Kesznyéten', 3579),
(1388, 16, 'Keszőhidegkút', 7062),
(1389, 19, 'Keszthely', 8360),
(1390, 11, 'Kesztölc', 2517),
(1391, 2, 'Keszü', 7668),
(1392, 12, 'Kétbodony', 2655),
(1393, 3, 'Kétegyháza', 5741),
(1394, 14, 'Kéthely', 8713),
(1395, 10, 'Kétpó', 5411),
(1396, 3, 'Kétsoprony', 5674),
(1397, 2, 'Kétújfalu', 7975),
(1398, 17, 'Kétvölgy', 9982),
(1399, 16, 'Kéty', 7174),
(1400, 3, 'Kevermes', 5744),
(1401, 19, 'Kilimán', 8774),
(1402, 7, 'Kimle', 9181),
(1403, 6, 'Kincsesbánya', 8044),
(1404, 4, 'Királd', 3657),
(1405, 2, 'Királyegyháza', 7953),
(1406, 5, 'Királyhegyes', 6911),
(1407, 18, 'Királyszentistván', 8195),
(1408, 18, 'Kisapáti', 8284),
(1409, 6, 'Kisapostag', 2428),
(1410, 15, 'Kisar', 4921),
(1411, 14, 'Kisasszond', 7523),
(1412, 2, 'Kisasszonyfa', 7954),
(1413, 7, 'Kisbabot', 9133),
(1414, 12, 'Kisbágyon', 3046),
(1415, 7, 'Kisbajcs', 9062),
(1416, 14, 'Kisbajom', 7542),
(1417, 14, 'Kisbárapáti', 7282),
(1418, 12, 'Kisbárkány', 3075),
(1419, 11, 'Kisbér', 2881),
(1420, 11, 'Kisbér', 2879),
(1421, 11, 'Kisbér', 2870),
(1422, 14, 'Kisberény', 8693),
(1423, 18, 'Kisberzseny', 8477),
(1424, 2, 'Kisbeszterce', 7391),
(1425, 7, 'Kisbodak', 9234),
(1426, 19, 'Kisbucsa', 8925),
(1427, 2, 'Kisbudmér', 7756),
(1428, 4, 'Kiscsécs', 3578),
(1429, 19, 'Kiscsehi', 8888),
(1430, 18, 'Kiscsősz', 8494),
(1431, 2, 'Kisdér', 7814),
(1432, 2, 'Kisdobsza', 7985),
(1433, 3, 'Kisdombegyház', 5837),
(1434, 16, 'Kisdorog', 7159),
(1435, 12, 'Kisecset', 2655),
(1436, 7, 'Kisfalud', 9341),
(1437, 9, 'Kisfüzes', 3256),
(1438, 19, 'Kisgörbő', 8356),
(1439, 14, 'Kisgyalán', 7279),
(1440, 4, 'Kisgyőr', 3556),
(1441, 2, 'Kishajmás', 7391),
(1442, 2, 'Kisharsány', 7800),
(1443, 12, 'Kishartyán', 3161),
(1444, 2, 'Kisherend', 7763),
(1445, 15, 'Kishódos', 4977),
(1446, 4, 'Kishuta', 3994),
(1447, 11, 'Kisigmánd', 2948),
(1448, 2, 'Kisjakabfalva', 7773),
(1449, 2, 'Kiskassa', 7766),
(1450, 4, 'Kiskinizs', 3843),
(1451, 14, 'Kisköre', 3384),
(1452, 9, 'Kiskőrös', 6200),
(1453, 1, 'Kiskorpád', 7524),
(1454, 1, 'Kiskunfélegyháza', 6100),
(1455, 1, 'Kiskunhalas', 6400),
(1456, 13, 'Kiskunlacháza', 2340),
(1457, 1, 'Kiskunmajsa', 6120),
(1458, 19, 'Kiskutas', 8911),
(1459, 6, 'Kisláng', 8156),
(1460, 15, 'Kisléta', 4325),
(1461, 2, 'Kislippó', 7775),
(1462, 18, 'Kislőd', 8446),
(1463, 16, 'Kismányok', 7356),
(1464, 8, 'Kismarja', 4126),
(1465, 13, 'Kismaros', 2623),
(1466, 15, 'Kisnamény', 4737),
(1467, 9, 'Kisnána', 3264),
(1468, 13, 'Kisnémedi', 2165),
(1469, 2, 'Kisnyárád', 7759),
(1470, 13, 'Kisoroszi', 2024),
(1471, 15, 'Kispalád', 4956),
(1472, 19, 'Kispáli', 8912),
(1473, 18, 'Kispirit', 8496),
(1474, 17, 'Kisrákos', 9936),
(1475, 19, 'Kisrécse', 8756),
(1476, 4, 'Kisrozvágy', 3965),
(1477, 4, 'Kissikátor', 3627),
(1478, 17, 'Kissomlyó', 9555),
(1479, 1, 'Kisszállás', 6421),
(1480, 16, 'Kisszékely', 7082),
(1481, 15, 'Kisszekeres', 4963),
(1482, 2, 'Kisszentmárton', 7841),
(1483, 19, 'Kissziget', 8957),
(1484, 18, 'Kisszőlős', 8483),
(1485, 2, 'Kistamási', 7981),
(1486, 2, 'Kistapolca', 7823),
(1487, 13, 'Kistarcsa', 2143),
(1488, 5, 'Kistelek', 6760),
(1489, 4, 'Kistokaj', 3553),
(1490, 19, 'Kistolmács', 8868),
(1491, 16, 'Kistormás', 7068),
(1492, 2, 'Kistótfalu', 7768),
(1493, 10, 'Kisújszállás', 5310),
(1494, 17, 'Kisunyom', 9772),
(1495, 15, 'Kisvárda', 4600),
(1496, 15, 'Kisvarsány', 4811),
(1497, 19, 'Kisvásárhely', 8341),
(1498, 2, 'Kisvaszar', 7381),
(1499, 16, 'Kisvejke', 7183),
(1500, 5, 'Kiszombor', 6775),
(1501, 17, 'Kiszsidány', 9733),
(1502, 5, 'Klárafalva', 6773),
(1503, 11, 'Köblény', 7334),
(1504, 13, 'Kocs', 2898),
(1505, 16, 'Kocsér', 2755),
(1506, 15, 'Köcsk', 9553),
(1507, 13, 'Kocsola', 7212),
(1508, 8, 'Kocsord', 4751),
(1509, 18, 'Kóka', 2243),
(1510, 8, 'Kokad', 4284),
(1511, 11, 'Kökény', 7668),
(1512, 11, 'Kőkút', 7530),
(1513, 11, 'Kölcse', 4965),
(1514, 4, 'Kölesd', 7052),
(1515, 2, 'Kölked', 7717),
(1516, 2, 'Kolontár', 8468),
(1517, 15, 'Komádi', 4138),
(1518, 14, 'Komárom', 2903),
(1519, 4, 'Komárom', 2921),
(1520, 15, 'Komárom', 2900),
(1521, 9, 'Komjáti', 3765),
(1522, 4, 'Komló', 7305),
(1523, 17, 'Komló', 7300),
(1524, 3, 'Kömlő', 3372),
(1525, 7, 'Kömlőd', 2853),
(1526, 8, 'Komlódtótfalu', 4765),
(1527, 7, 'Komlósd', 7582),
(1528, 16, 'Komlóska', 3937),
(1529, 4, 'Komoró', 4622),
(1530, 7, 'Kömörő', 4943),
(1531, 2, 'Kömpöc', 6134),
(1532, 13, 'Kompolt', 3356),
(1533, 13, 'Kondó', 3775),
(1534, 15, 'Kondorfa', 9943),
(1535, 2, 'Kondoros', 5553),
(1536, 2, 'Kóny', 9144),
(1537, 4, 'Konyár', 4133),
(1538, 12, 'Kópháza', 9495),
(1539, 2, 'Koppányszántó', 7094),
(1540, 19, 'Korlát', 3886),
(1541, 2, 'Körmend', 9909),
(1542, 17, 'Körmend', 9900),
(1543, 2, 'Környe', 2851),
(1544, 14, 'Köröm', 3577),
(1545, 15, 'Koroncó', 9113),
(1546, 16, 'Kórós', 7841),
(1547, 2, 'Kőröshegy', 8617),
(1548, 9, 'Körösladány', 5516),
(1549, 11, 'Körösnagyharsány', 5539),
(1550, 15, 'Körösszakál', 4136),
(1551, 1, 'Körösszegapáti', 4135),
(1552, 17, 'Köröstarcsa', 5622),
(1553, 17, 'Kőröstetétlen', 2745),
(1554, 11, 'Körösújfalu', 5536),
(1555, 4, 'Kosd', 2612),
(1556, 14, 'Kóspallag', 2625),
(1557, 3, 'Kőszárhegy', 8152),
(1558, 3, 'Kőszeg', 9730),
(1559, 3, 'Kőszegdoroszló', 9725),
(1560, 13, 'Kőszegpaty', 9739),
(1561, 3, 'Kőszegszerdahely', 9725),
(1562, 8, 'Kótaj', 4482),
(1563, 8, 'Kötcse', 8627),
(1564, 6, 'Kötegyán', 5725),
(1565, 17, 'Kőtelek', 5062),
(1566, 17, 'Kovácshida', 7847),
(1567, 17, 'Kovácsszénája', 7678),
(1568, 17, 'Kovácsvágás', 3992),
(1569, 14, 'Kővágóörs', 8254),
(1570, 3, 'Kővágószőlős', 7673),
(1571, 10, 'Kővágótőttős', 7675),
(1572, 18, 'Kövegy', 6912),
(1573, 2, 'Köveskál', 8274),
(1574, 2, 'Kozárd', 3053),
(1575, 5, 'Kozármisleny', 7761),
(1576, 18, 'Kozmadombja', 8988),
(1577, 4, 'Krasznokvajda', 3821),
(1578, 6, 'Kübekháza', 6755),
(1579, 1, 'Kulcs', 2458),
(1580, 3, 'Külsősárd', 8978),
(1581, 1, 'Külsővat', 9532),
(1582, 1, 'Kunadacs', 6097),
(1583, 10, 'Kunágota', 5746),
(1584, 1, 'Kunbaja', 6435),
(1585, 10, 'Kunbaracs', 6043),
(1586, 10, 'Kuncsorba', 5412),
(1587, 1, 'Kunfehértó', 6413),
(1588, 1, 'Küngös', 8162),
(1589, 10, 'Kunhegyes', 5340),
(1590, 10, 'Kunmadaras', 5321),
(1591, 1, 'Kunpeszér', 6096),
(1592, 7, 'Kunszállás', 6115),
(1593, 18, 'Kunszentmárton', 5449),
(1594, 4, 'Kunszentmárton', 5440),
(1595, 16, 'Kunszentmiklós', 6090),
(1596, 4, 'Kunsziget', 9184),
(1597, 19, 'Kup', 8595),
(1598, 14, 'Kupa', 3813),
(1599, 12, 'Kurd', 7226),
(1600, 5, 'Kurityán', 3732),
(1601, 19, 'Kustánszeg', 8919),
(1602, 18, 'Kutas', 7541),
(1603, 18, 'Kutasó', 3066),
(1604, 11, 'Lábatlan', 2541),
(1605, 14, 'Lábod', 7551),
(1606, 4, 'Lácacséke', 3967),
(1607, 14, 'Lad', 7535),
(1608, 1, 'Ladánybene', 6045),
(1609, 4, 'Ládbesenyő', 3780),
(1610, 6, 'Lajoskomárom', 8136),
(1611, 1, 'Lajosmizse', 6050),
(1612, 4, 'Lak', 3786),
(1613, 19, 'Lakhegy', 8913),
(1614, 1, 'Lakitelek', 6065),
(1615, 14, 'Lakócsa', 7918),
(1616, 2, 'Lánycsók', 7759),
(1617, 16, 'Lápafő', 7214),
(1618, 2, 'Lapáncsa', 7775),
(1619, 15, 'Laskod', 4543),
(1620, 19, 'Lasztonya', 8887),
(1621, 14, 'Látrány', 8681),
(1622, 7, 'Lázi', 9089),
(1623, 13, 'Leányfalu', 2016),
(1624, 11, 'Leányvár', 2518),
(1625, 7, 'Lébény', 9155),
(1626, 12, 'Legénd', 2619),
(1627, 4, 'Legyesbénye', 3904),
(1628, 4, 'Léh', 3832),
(1629, 4, 'Lénárddaróc', 3648),
(1630, 19, 'Lendvadedes', 8978),
(1631, 19, 'Lendvajakabfa', 8977),
(1632, 16, 'Lengyel', 7184),
(1633, 14, 'Lengyeltóti', 8693),
(1634, 19, 'Lenti', 8966),
(1635, 19, 'Lenti', 8960),
(1636, 6, 'Lepsény', 8132),
(1637, 18, 'Lesencefalu', 8318),
(1638, 18, 'Lesenceistvánd', 8319),
(1639, 18, 'Lesencetomaj', 8318),
(1640, 8, 'Létavértes', 4281),
(1641, 8, 'Létavértes', 4283),
(1642, 19, 'Letenye', 8868),
(1643, 13, 'Letkés', 2632),
(1644, 7, 'Levél', 9221),
(1645, 15, 'Levelek', 4555),
(1646, 14, 'Libickozma', 8707),
(1647, 19, 'Lickóvadamos', 8981),
(1648, 2, 'Liget', 7331),
(1649, 19, 'Ligetfalva', 8782),
(1650, 7, 'Lipót', 9233),
(1651, 2, 'Lippó', 7781),
(1652, 2, 'Liptód', 7757),
(1653, 19, 'Lispeszentadorján', 8888),
(1654, 19, 'Liszó', 8831),
(1655, 18, 'Litér', 8196),
(1656, 4, 'Litka', 3866),
(1657, 12, 'Litke', 3186),
(1658, 17, 'Lócs', 9634),
(1659, 18, 'Lőkösháza', 5743),
(1660, 15, 'Lókút', 8425),
(1661, 13, 'Lónya', 4836),
(1662, 2, 'Lórév', 2309),
(1663, 18, 'Lőrinci', 3022),
(1664, 6, 'Lőrinci', 3024),
(1665, 2, 'Lőrinci', 3021),
(1666, 19, 'Lothárd', 7761),
(1667, 18, 'Lovas', 8228),
(1668, 3, 'Lovasberény', 8093),
(1669, 9, 'Lovászhetény', 7720),
(1670, 9, 'Lovászi', 8878),
(1671, 9, 'Lovászpatona', 8553),
(1672, 7, 'Lövő', 9461),
(1673, 15, 'Lövőpetri', 4633),
(1674, 12, 'Lucfalva', 3129),
(1675, 12, 'Ludányhalászi', 3188),
(1676, 9, 'Ludas', 3274),
(1677, 17, 'Lukácsháza', 9724),
(1678, 14, 'Lulla', 8660),
(1679, 2, 'Lúzsok', 7838),
(1680, 4, 'Mád', 3909),
(1681, 1, 'Madaras', 6456),
(1682, 16, 'Madocsa', 7026),
(1683, 7, 'Maglóca', 9169),
(1684, 13, 'Maglód', 2234),
(1685, 2, 'Mágocs', 7342),
(1686, 15, 'Magosliget', 4953),
(1687, 15, 'Magy', 4556),
(1688, 6, 'Magyaralmás', 8071),
(1689, 14, 'Magyaratád', 7463),
(1690, 3, 'Magyarbánhegyes', 5667),
(1691, 2, 'Magyarbóly', 7775),
(1692, 5, 'Magyarcsanád', 6932),
(1693, 3, 'Magyardombegyház', 5838),
(1694, 2, 'Magyaregregy', 7332),
(1695, 14, 'Magyaregres', 7441),
(1696, 19, 'Magyarföld', 8973),
(1697, 12, 'Magyargéc', 3133),
(1698, 18, 'Magyargencs', 8517),
(1699, 2, 'Magyarhertelend', 7394),
(1700, 8, 'Magyarhomorog', 4137),
(1701, 7, 'Magyarkeresztúr', 9346),
(1702, 16, 'Magyarkeszi', 7098),
(1703, 17, 'Magyarlak', 9962),
(1704, 2, 'Magyarlukafa', 7925),
(1705, 2, 'Magyarmecske', 7954),
(1706, 17, 'Magyarnádalja', 9909),
(1707, 12, 'Magyarnándor', 2694),
(1708, 18, 'Magyarpolány', 8449),
(1709, 2, 'Magyarsarlós', 7761),
(1710, 17, 'Magyarszecsőd', 9912),
(1711, 2, 'Magyarszék', 7396),
(1712, 19, 'Magyarszentmiklós', 8776),
(1713, 19, 'Magyarszerdahely', 8776),
(1714, 17, 'Magyarszombatfa', 9946),
(1715, 2, 'Magyartelek', 7954),
(1716, 13, 'Majosháza', 2339),
(1717, 2, 'Majs', 7783),
(1718, 13, 'Makád', 2322),
(1719, 4, 'Makkoshotyka', 3959),
(1720, 9, 'Maklár', 3397),
(1721, 5, 'Makó', 6903),
(1722, 5, 'Makó', 6900),
(1723, 18, 'Malomsok', 8533),
(1724, 4, 'Mályi', 3434),
(1725, 4, 'Mályinka', 3645),
(1726, 15, 'Mánd', 4942),
(1727, 15, 'Mándok', 4644),
(1728, 2, 'Mánfa', 7304),
(1729, 6, 'Mány', 2065),
(1730, 2, 'Maráza', 7733),
(1731, 18, 'Marcalgergelyi', 9534),
(1732, 14, 'Marcali', 8714),
(1733, 14, 'Marcali', 8709),
(1734, 14, 'Marcali', 8700),
(1735, 18, 'Marcaltő', 8531),
(1736, 18, 'Marcaltő', 8532),
(1737, 2, 'Márfa', 7817),
(1738, 11, 'Máriahalom', 2527),
(1739, 7, 'Máriakálnok', 9231),
(1740, 2, 'Máriakéménd', 7663),
(1741, 13, 'Márianosztra', 2629),
(1742, 15, 'Máriapócs', 4326),
(1743, 9, 'Markaz', 3262),
(1744, 12, 'Márkháza', 3075),
(1745, 18, 'Márkó', 8441),
(1746, 2, 'Markóc', 7967),
(1747, 7, 'Markotabödöge', 9164),
(1748, 19, 'Maróc', 8888),
(1749, 2, 'Marócsa', 7960),
(1750, 2, 'Márok', 7774),
(1751, 19, 'Márokföld', 8976),
(1752, 15, 'Márokpapi', 4932),
(1753, 5, 'Maroslele', 6921),
(1754, 5, 'Mártély', 6636),
(1755, 10, 'Martfű', 5435),
(1756, 2, 'Martonfa', 7720),
(1757, 6, 'Martonvásár', 2462),
(1758, 4, 'Martonyi', 3755),
(1759, 15, 'Mátészalka', 4700),
(1760, 1, 'Mátételke', 6452),
(1761, 9, 'Mátraballa', 3247),
(1762, 9, 'Mátraderecske', 3246),
(1763, 12, 'Mátramindszent', 3155),
(1764, 12, 'Mátranovák', 3144),
(1765, 12, 'Mátranovák', 3143),
(1766, 12, 'Mátraszele', 3142),
(1767, 9, 'Mátraszentimre', 3234),
(1768, 9, 'Mátraszentimre', 3235),
(1769, 12, 'Mátraszőlős', 3068),
(1770, 12, 'Mátraterenye', 3145),
(1771, 12, 'Mátraterenye', 3146),
(1772, 12, 'Mátraverebély', 3077),
(1773, 6, 'Matty', 7854),
(1774, 2, 'Mátyásdomb', 8134),
(1775, 15, 'Mátyus', 4835),
(1776, 2, 'Máza', 7351),
(1777, 2, 'Mecseknádasd', 7695),
(1778, 2, 'Mecsekpölöske', 7300),
(1779, 7, 'Mecsér', 9176),
(1780, 3, 'Medgyesbodzás', 5664),
(1781, 3, 'Medgyesbodzás', 5663),
(1782, 3, 'Medgyesegyháza', 5752),
(1783, 3, 'Medgyesegyháza', 5666),
(1784, 16, 'Medina', 7057),
(1785, 17, 'Meggyeskovácsi', 9757),
(1786, 4, 'Megyaszó', 3718),
(1787, 17, 'Megyehid', 9754),
(1788, 18, 'Megyer', 8348),
(1789, 3, 'Méhkerék', 5726),
(1790, 15, 'Méhtelek', 4975),
(1791, 2, 'Mekényes', 7344),
(1792, 1, 'Mélykút', 6449),
(1793, 18, 'Mencshely', 8271),
(1794, 13, 'Mende', 2235),
(1795, 4, 'Méra', 3871),
(1796, 2, 'Merenye', 7981),
(1797, 7, 'Mérges', 9136),
(1798, 15, 'Mérk', 4352),
(1799, 14, 'Mernye', 7453),
(1800, 17, 'Mersevát', 9531),
(1801, 17, 'Mesterháza', 9662),
(1802, 17, 'Mesteri', 9551),
(1803, 10, 'Mesterszállás', 5452),
(1804, 4, 'Meszes', 3754),
(1805, 17, 'Meszlen', 9745),
(1806, 14, 'Mesztegnyő', 8716),
(1807, 3, 'Mezőberény', 5650),
(1808, 4, 'Mezőcsát', 3450),
(1809, 14, 'Mezőcsokonya', 7434),
(1810, 2, 'Meződ', 7370),
(1811, 6, 'Mezőfalva', 2422),
(1812, 3, 'Mezőgyán', 5732),
(1813, 3, 'Mezőhegyes', 5820),
(1814, 10, 'Mezőhék', 5453),
(1815, 4, 'Mezőkeresztes', 3441),
(1816, 6, 'Mezőkomárom', 8137),
(1817, 3, 'Mezőkovácsháza', 5800),
(1818, 4, 'Mezőkövesd', 3400),
(1819, 15, 'Mezőladány', 4641),
(1820, 18, 'Mezőlak', 8514),
(1821, 4, 'Mezőnagymihály', 3443),
(1822, 4, 'Mezőnyárád', 3421),
(1823, 7, 'Mezőörs', 9098);
INSERT INTO `cities` (`id`, `county_id`, `name`, `postcode`) VALUES
(1824, 7, 'Mezőörs', 9097),
(1825, 8, 'Mezőpeterd', 4118),
(1826, 8, 'Mezősas', 4134),
(1827, 9, 'Mezőszemere', 3378),
(1828, 6, 'Mezőszentgyörgy', 8133),
(1829, 6, 'Mezőszilas', 7017),
(1830, 9, 'Mezőtárkány', 3375),
(1831, 10, 'Mezőtúr', 5400),
(1832, 4, 'Mezőzombor', 3931),
(1833, 19, 'Miháld', 8825),
(1834, 19, 'Mihályfa', 8341),
(1835, 12, 'Mihálygerge', 3184),
(1836, 18, 'Mihályháza', 8513),
(1837, 7, 'Mihályi', 9342),
(1838, 14, 'Mike', 7512),
(1839, 13, 'Mikebuda', 2736),
(1840, 19, 'Mikekarácsonyfa', 8949),
(1841, 8, 'Mikepércs', 4271),
(1842, 14, 'Miklósi', 7286),
(1843, 9, 'Mikófalva', 3344),
(1844, 4, 'Mikóháza', 3989),
(1845, 17, 'Mikosszéplak', 9835),
(1846, 19, 'Milejszeg', 8917),
(1847, 15, 'Milota', 4948),
(1848, 5, 'Mindszent', 6630),
(1849, 2, 'Mindszentgodisa', 7391),
(1850, 18, 'Mindszentkálla', 8282),
(1851, 19, 'Misefa', 8935),
(1852, 1, 'Miske', 6343),
(1853, 4, 'Miskolc', 3510),
(1854, 4, 'Miskolc', 3515),
(1855, 4, 'Miskolc', 3516),
(1856, 4, 'Miskolc', 3508),
(1857, 4, 'Miskolc', 3517),
(1858, 4, 'Miskolc', 3518),
(1859, 4, 'Miskolc', 3521),
(1860, 4, 'Miskolc', 3519),
(1861, 4, 'Miskolc', 3500),
(1862, 4, 'Miskolc', 3501),
(1863, 4, 'Miskolc', 3524),
(1864, 4, 'Miskolc', 3525),
(1865, 4, 'Miskolc', 3526),
(1866, 4, 'Miskolc', 3527),
(1867, 4, 'Miskolc', 3528),
(1868, 4, 'Miskolc', 3529),
(1869, 4, 'Miskolc', 3530),
(1870, 4, 'Miskolc', 3531),
(1871, 4, 'Miskolc', 3532),
(1872, 4, 'Miskolc', 3533),
(1873, 4, 'Miskolc', 3534),
(1874, 4, 'Miskolc', 3535),
(1875, 16, 'Miszla', 7065),
(1876, 11, 'Mocsa', 2911),
(1877, 13, 'Mőcsény', 7163),
(1878, 11, 'Mogyoród', 2146),
(1879, 4, 'Mogyorósbánya', 2535),
(1880, 6, 'Mogyoróska', 3893),
(1881, 2, 'Moha', 8042),
(1882, 2, 'Mohács', 7715),
(1883, 2, 'Mohács', 7714),
(1884, 12, 'Mohács', 7700),
(1885, 19, 'Mohora', 2698),
(1886, 17, 'Molnári', 8863),
(1887, 2, 'Molnaszecsőd', 9912),
(1888, 4, 'Molvány', 7981),
(1889, 4, 'Monaj', 3812),
(1890, 13, 'Monok', 3905),
(1891, 13, 'Monor', 2213),
(1892, 9, 'Monor', 2200),
(1893, 18, 'Mónosbél', 3345),
(1894, 8, 'Monostorapáti', 8296),
(1895, 18, 'Monostorpályi', 4275),
(1896, 2, 'Monoszló', 8273),
(1897, 6, 'Monyoród', 7751),
(1898, 16, 'Mór', 8060),
(1899, 5, 'Mórágy', 7165),
(1900, 1, 'Mórahalom', 6782),
(1901, 7, 'Móricgát', 6132),
(1902, 14, 'Mórichida', 9131),
(1903, 7, 'Mosdós', 7257),
(1904, 7, 'Mosonmagyaróvár', 9200),
(1905, 7, 'Mosonszentmiklós', 9183),
(1906, 7, 'Mosonszentmiklós', 9154),
(1907, 2, 'Mosonszolnok', 9245),
(1908, 16, 'Mozsgó', 7932),
(1909, 16, 'Mucsfa', 7185),
(1910, 16, 'Mucsi', 7195),
(1911, 4, 'Múcsony', 3744),
(1912, 4, 'Muhi', 3552),
(1913, 19, 'Murakeresztúr', 8834),
(1914, 19, 'Murarátka', 8868),
(1915, 19, 'Muraszemenye', 8872),
(1916, 16, 'Murga', 7176),
(1917, 3, 'Murony', 5672),
(1918, 15, 'Nábrád', 4911),
(1919, 6, 'Nadap', 8097),
(1920, 17, 'Nádasd', 9915),
(1921, 6, 'Nádasdladány', 8145),
(1922, 8, 'Nádudvar', 4181),
(1923, 14, 'Nágocs', 8674),
(1924, 18, 'Nagyacsád', 8521),
(1925, 18, 'Nagyalásony', 8484),
(1926, 15, 'Nagyar', 4922),
(1927, 14, 'Nagyatád', 7500),
(1928, 7, 'Nagybajcs', 9063),
(1929, 14, 'Nagybajom', 7561),
(1930, 19, 'Nagybakónak', 8821),
(1931, 3, 'Nagybánhegyes', 5668),
(1932, 1, 'Nagybaracska', 6527),
(1933, 4, 'Nagybarca', 3641),
(1934, 12, 'Nagybárkány', 3075),
(1935, 14, 'Nagyberény', 8656),
(1936, 14, 'Nagyberki', 7255),
(1937, 13, 'Nagybörzsöny', 2634),
(1938, 2, 'Nagybudmér', 7756),
(1939, 7, 'Nagycenk', 9485),
(1940, 2, 'Nagycsány', 7838),
(1941, 4, 'Nagycsécs', 3598),
(1942, 14, 'Nagycsepely', 8628),
(1943, 15, 'Nagycserkesz', 4445),
(1944, 18, 'Nagydém', 8554),
(1945, 15, 'Nagydobos', 4823),
(1946, 2, 'Nagydobsza', 7985),
(1947, 16, 'Nagydorog', 7044),
(1948, 15, 'Nagyecsed', 4355),
(1949, 5, 'Nagyér', 6917),
(1950, 18, 'Nagyesztergár', 8415),
(1951, 9, 'Nagyfüged', 3282),
(1952, 17, 'Nagygeresd', 9664),
(1953, 19, 'Nagygörbő', 8356),
(1954, 18, 'Nagygyimót', 8551),
(1955, 2, 'Nagyhajmás', 7343),
(1956, 15, 'Nagyhalász', 4485),
(1957, 2, 'Nagyharsány', 7822),
(1958, 8, 'Nagyhegyes', 4064),
(1959, 15, 'Nagyhódos', 4977),
(1960, 4, 'Nagyhuta', 3994),
(1961, 11, 'Nagyigmánd', 2942),
(1962, 10, 'Nagyiván', 5363),
(1963, 15, 'Nagykálló', 4320),
(1964, 3, 'Nagykamarás', 5751),
(1965, 19, 'Nagykanizsa', 8831),
(1966, 19, 'Nagykanizsa', 8808),
(1967, 19, 'Nagykanizsa', 8809),
(1968, 19, 'Nagykanizsa', 8800),
(1969, 19, 'Nagykapornak', 8935),
(1970, 6, 'Nagykarácsony', 2425),
(1971, 13, 'Nagykáta', 2760),
(1972, 8, 'Nagykereki', 4127),
(1973, 12, 'Nagykeresztúr', 3129),
(1974, 4, 'Nagykinizs', 3844),
(1975, 16, 'Nagykökényes', 3012),
(1976, 14, 'Nagykölked', 9784),
(1977, 13, 'Nagykónyi', 7092),
(1978, 2, 'Nagykőrös', 2750),
(1979, 9, 'Nagykorpád', 7545),
(1980, 17, 'Nagykörű', 5065),
(1981, 13, 'Nagykovácsi', 2094),
(1982, 10, 'Nagykozár', 7741),
(1983, 19, 'Nagykutas', 8911),
(1984, 5, 'Nagylak', 6933),
(1985, 19, 'Nagylengyel', 8983),
(1986, 12, 'Nagylóc', 3175),
(1987, 6, 'Nagylók', 2435),
(1988, 7, 'Nagylózs', 9482),
(1989, 5, 'Nagymágocs', 6622),
(1990, 16, 'Nagymányok', 7355),
(1991, 13, 'Nagymaros', 2626),
(1992, 17, 'Nagymizdó', 9913),
(1993, 2, 'Nagynyárád', 7784),
(1994, 12, 'Nagyoroszi', 2645),
(1995, 19, 'Nagypáli', 8912),
(1996, 2, 'Nagypall', 7731),
(1997, 2, 'Nagypeterd', 7912),
(1998, 18, 'Nagypirit', 8496),
(1999, 8, 'Nagyrábé', 4173),
(2000, 19, 'Nagyrada', 8746),
(2001, 17, 'Nagyrákos', 9938),
(2002, 19, 'Nagyrécse', 8756),
(2003, 9, 'Nagyréde', 3214),
(2004, 10, 'Nagyrév', 5463),
(2005, 4, 'Nagyrozvágy', 3965),
(2006, 11, 'Nagysáp', 2524),
(2007, 17, 'Nagysimonyi', 9561),
(2008, 14, 'Nagyszakácsi', 8739),
(2009, 16, 'Nagyszékely', 7085),
(2010, 15, 'Nagyszekeres', 4962),
(2011, 3, 'Nagyszénás', 5931),
(2012, 7, 'Nagyszentjános', 9072),
(2013, 16, 'Nagyszokoly', 7097),
(2014, 9, 'Nagytálya', 3398),
(2015, 13, 'Nagytarcsa', 2142),
(2016, 18, 'Nagytevel', 8562),
(2017, 17, 'Nagytilaj', 9832),
(2018, 2, 'Nagytőke', 6612),
(2019, 5, 'Nagytótfalu', 7800),
(2020, 9, 'Nagyút', 3357),
(2021, 15, 'Nagyvarsány', 4812),
(2022, 2, 'Nagyváty', 7912),
(2023, 18, 'Nagyvázsony', 8291),
(2024, 16, 'Nagyvejke', 7186),
(2025, 6, 'Nagyveleg', 8065),
(2026, 6, 'Nagyvenyim', 2421),
(2027, 9, 'Nagyvisnyó', 3349),
(2028, 16, 'Nak', 7215),
(2029, 15, 'Napkor', 4552),
(2030, 17, 'Nárai', 9797),
(2031, 17, 'Narda', 9793),
(2032, 11, 'Naszály', 2899),
(2033, 4, 'Négyes', 3463),
(2034, 4, 'Nekézseny', 3646),
(2035, 19, 'Nemesapáti', 8923),
(2036, 4, 'Nemesbikk', 3592),
(2037, 15, 'Nemesbőd', 9749),
(2038, 17, 'Nemesborzova', 4942),
(2039, 19, 'Nemesbük', 8371),
(2040, 17, 'Nemescsó', 9739),
(2041, 14, 'Nemesdéd', 8722),
(2042, 18, 'Nemesgörzsöny', 8522),
(2043, 18, 'Nemesgulács', 8284),
(2044, 18, 'Nemeshany', 8471),
(2045, 19, 'Nemeshetés', 8925),
(2046, 2, 'Nemeske', 7981),
(2047, 7, 'Nemeskér', 9471),
(2048, 17, 'Nemeskeresztúr', 9548),
(2049, 14, 'Nemeskisfalud', 8717),
(2050, 17, 'Nemeskocs', 9542),
(2051, 17, 'Nemeskolta', 9775),
(2052, 17, 'Nemesládony', 9663),
(2053, 17, 'Nemesmedves', 9953),
(2054, 1, 'Nemesnádudvar', 6345),
(2055, 19, 'Nemesnép', 8976),
(2056, 19, 'Nemespátró', 8856),
(2057, 19, 'Nemesrádó', 8915),
(2058, 17, 'Nemesrempehollós', 9782),
(2059, 19, 'Nemessándorháza', 8925),
(2060, 18, 'Nemesszalók', 9533),
(2061, 19, 'Nemesszentandrás', 8925),
(2062, 18, 'Nemesvámos', 8248),
(2063, 14, 'Nemesvid', 8738),
(2064, 18, 'Nemesvita', 8311),
(2065, 18, 'Németbánya', 8581),
(2066, 19, 'Németfalu', 8918),
(2067, 16, 'Németkér', 7039),
(2068, 12, 'Nemti', 3152),
(2069, 11, 'Neszmély', 2544),
(2070, 12, 'Nézsa', 2618),
(2071, 17, 'Nick', 9652),
(2072, 14, 'Nikla', 8706),
(2073, 12, 'Nógrád', 2642),
(2074, 12, 'Nógrádkövesd', 2691),
(2075, 12, 'Nógrádmarcal', 2675),
(2076, 12, 'Nógrádmegyer', 3132),
(2077, 12, 'Nógrádsáp', 2685),
(2078, 12, 'Nógrádsipek', 3179),
(2079, 12, 'Nógrádszakál', 3187),
(2080, 18, 'Nóráp', 8591),
(2081, 18, 'Noszlop', 8456),
(2082, 9, 'Noszvaj', 3325),
(2083, 19, 'Nőtincs', 2610),
(2084, 9, 'Nova', 8948),
(2085, 4, 'Novaj', 3327),
(2086, 12, 'Novajidrány', 3872),
(2087, 7, 'Nyalka', 9096),
(2088, 18, 'Nyárád', 8512),
(2089, 13, 'Nyáregyháza', 2723),
(2090, 1, 'Nyárlőrinc', 6032),
(2091, 13, 'Nyársapát', 2712),
(2092, 4, 'Nyékládháza', 3433),
(2093, 11, 'Nyergesújfalu', 2537),
(2094, 11, 'Nyergesújfalu', 2536),
(2095, 4, 'Nyésta', 3809),
(2096, 14, 'Nyim', 8612),
(2097, 8, 'Nyírábrány', 4264),
(2098, 8, 'Nyíracsád', 4262),
(2099, 18, 'Nyirád', 8454),
(2100, 8, 'Nyíradony', 4253),
(2101, 8, 'Nyíradony', 4252),
(2102, 8, 'Nyíradony', 4254),
(2103, 15, 'Nyírbátor', 4300),
(2104, 15, 'Nyírbéltek', 4372),
(2105, 15, 'Nyírbogát', 4361),
(2106, 15, 'Nyírbogdány', 4511),
(2107, 15, 'Nyírcsaholy', 4356),
(2108, 15, 'Nyírcsászári', 4331),
(2109, 15, 'Nyírderzs', 4332),
(2110, 15, 'Nyíregyháza', 4405),
(2111, 15, 'Nyíregyháza', 4246),
(2112, 15, 'Nyíregyháza', 4433),
(2113, 15, 'Nyíregyháza', 4412),
(2114, 15, 'Nyíregyháza', 4432),
(2115, 15, 'Nyíregyháza', 4551),
(2116, 15, 'Nyíregyháza', 4431),
(2117, 15, 'Nyíregyháza', 4481),
(2118, 15, 'Nyíregyháza', 4400),
(2119, 15, 'Nyírgelse', 4362),
(2120, 15, 'Nyírgyulaj', 4311),
(2121, 4, 'Nyíri', 3997),
(2122, 15, 'Nyíribrony', 4535),
(2123, 15, 'Nyírjákó', 4541),
(2124, 15, 'Nyírkarász', 4544),
(2125, 15, 'Nyírkáta', 4333),
(2126, 15, 'Nyírkércs', 4537),
(2127, 15, 'Nyírlövő', 4632),
(2128, 15, 'Nyírlugos', 4371),
(2129, 15, 'Nyírmada', 4564),
(2130, 8, 'Nyírmártonfalva', 4263),
(2131, 15, 'Nyírmeggyes', 4722),
(2132, 15, 'Nyírmihálydi', 4363),
(2133, 15, 'Nyírparasznya', 4822),
(2134, 15, 'Nyírpazony', 4531),
(2135, 15, 'Nyírpilis', 4376),
(2136, 15, 'Nyírtass', 4522),
(2137, 15, 'Nyírtelek', 4461),
(2138, 15, 'Nyírtét', 4554),
(2139, 15, 'Nyírtura', 4532),
(2140, 15, 'Nyírvasvári', 4341),
(2141, 4, 'Nyőgér', 9682),
(2142, 17, 'Nyomár', 3795),
(2143, 2, 'Nyugotszenterzsébet', 7912),
(2144, 7, 'Nyúl', 9082),
(2145, 2, 'Óbánya', 7695),
(2146, 6, 'Óbarok', 2063),
(2147, 18, 'Óbudavár', 8272),
(2148, 13, 'Öcs', 8292),
(2149, 2, 'Ócsa', 2364),
(2150, 2, 'Ócsárd', 7814),
(2151, 15, 'Őcsény', 7143),
(2152, 5, 'Öcsöd', 5451),
(2153, 19, 'Ófalu', 7695),
(2154, 3, 'Ófehértó', 4558),
(2155, 2, 'Óföldeák', 6923),
(2156, 2, 'Óhid', 8342),
(2157, 2, 'Okány', 5534),
(2158, 17, 'Okorág', 7957),
(2159, 18, 'Ököritófülpös', 4755),
(2160, 4, 'Okorvölgy', 7681),
(2161, 15, 'Olasz', 7745),
(2162, 15, 'Olaszfa', 9824),
(2163, 2, 'Olaszfalu', 8414),
(2164, 17, 'Olaszliszka', 3933),
(2165, 19, 'Ölbő', 9621),
(2166, 4, 'Olcsva', 4826),
(2167, 4, 'Olcsvaapáti', 4914),
(2168, 15, 'Old', 7824),
(2169, 5, 'Ólmod', 9733),
(2170, 19, 'Oltárc', 8886),
(2171, 14, 'Ömböly', 4373),
(2172, 14, 'Onga', 3562),
(2173, 1, 'Ónod', 3551),
(2174, 17, 'Ópályi', 4821),
(2175, 2, 'Ópusztaszer', 6767),
(2176, 1, 'Őr', 4336),
(2177, 19, 'Orbányosfa', 8935),
(2178, 4, 'Őrbottyán', 2162),
(2179, 3, 'Orci', 7400),
(2180, 3, 'Ordacsehi', 8635),
(2181, 3, 'Ordas', 6335),
(2182, 3, 'Öregcsertő', 6311),
(2183, 18, 'Öreglak', 8697),
(2184, 11, 'Orfalu', 9982),
(2185, 2, 'Orfű', 7677),
(2186, 19, 'Orgovány', 6077),
(2187, 19, 'Őrhalom', 2671),
(2188, 7, 'Őrimagyarósd', 9933),
(2189, 17, 'Őriszentpéter', 9941),
(2190, 9, 'Örkény', 2377),
(2191, 17, 'Ormándlak', 8983),
(2192, 4, 'Örményes', 5222),
(2193, 14, 'Örménykút', 5556),
(2194, 4, 'Ormosbánya', 3743),
(2195, 4, 'Orosháza', 5904),
(2196, 4, 'Orosháza', 5903),
(2197, 4, 'Orosháza', 5905),
(2198, 4, 'Orosháza', 5900),
(2199, 4, 'Oroszi', 8458),
(2200, 4, 'Oroszlány', 2840),
(2201, 4, 'Oroszló', 7370),
(2202, 2, 'Orosztony', 8744),
(2203, 19, 'Ortaháza', 8954),
(2204, 16, 'Őrtilos', 8854),
(2205, 18, 'Örvényes', 8242),
(2206, 16, 'Ősagárd', 2610),
(2207, 10, 'Ősi', 8161),
(2208, 15, 'Öskü', 8191),
(2209, 17, 'Osli', 9354),
(2210, 15, 'Ostffyasszonyfa', 9512),
(2211, 15, 'Ostoros', 3326),
(2212, 13, 'Oszkó', 9825),
(2213, 1, 'Oszlár', 3591),
(2214, 14, 'Osztopán', 7444),
(2215, 12, 'Öttevény', 9153),
(2216, 17, 'Öttömös', 6784),
(2217, 17, 'Ötvöskónyi', 7511),
(2218, 13, 'Ózd', 3604),
(2219, 10, 'Ózd', 3651),
(2220, 3, 'Ózd', 3661),
(2221, 14, 'Ózd', 3603),
(2222, 18, 'Ózd', 3662),
(2223, 12, 'Ózd', 3625),
(2224, 18, 'Ózd', 3621),
(2225, 18, 'Ózd', 3600),
(2226, 7, 'Ózdfalu', 7836),
(2227, 5, 'Ozmánbük', 8998),
(2228, 14, 'Ozora', 7086),
(2229, 4, 'Pácin', 3964),
(2230, 19, 'Pacsa', 8761),
(2231, 17, 'Pácsony', 9823),
(2232, 19, 'Padár', 8935),
(2233, 1, 'Páhi', 6075),
(2234, 19, 'Páka', 8956),
(2235, 19, 'Pakod', 8799),
(2236, 6, 'Pákozd', 8095),
(2237, 16, 'Paks', 7027),
(2238, 16, 'Paks', 7030),
(2239, 2, 'Palé', 7370),
(2240, 16, 'Pálfa', 7042),
(2241, 19, 'Pálfiszeg', 8990),
(2242, 4, 'Pálháza', 3994),
(2243, 7, 'Páli', 9345),
(2244, 2, 'Palkonya', 7771),
(2245, 14, 'Pálmajor', 7561),
(2246, 1, 'Pálmonostora', 6112),
(2247, 2, 'Palotabozsok', 7727),
(2248, 12, 'Palotás', 3042),
(2249, 18, 'Paloznak', 8229),
(2250, 4, 'Pamlény', 3821),
(2251, 14, 'Pamuk', 8698),
(2252, 13, 'Pánd', 2214),
(2253, 17, 'Pankasz', 9937),
(2254, 7, 'Pannonhalma', 9090),
(2255, 4, 'Pányok', 3898),
(2256, 15, 'Panyola', 4913),
(2257, 15, 'Pap', 4631),
(2258, 18, 'Pápa', 8511),
(2259, 18, 'Pápa', 8591),
(2260, 18, 'Pápa', 8598),
(2261, 18, 'Pápa', 8500),
(2262, 18, 'Pápadereske', 8593),
(2263, 18, 'Pápakovácsi', 8596),
(2264, 18, 'Pápasalamon', 8594),
(2265, 18, 'Pápateszér', 8556),
(2266, 18, 'Papkeszi', 8183),
(2267, 17, 'Pápoc', 9515),
(2268, 15, 'Papos', 4338),
(2269, 2, 'Páprád', 7838),
(2270, 9, 'Parád', 3244),
(2271, 9, 'Parád', 3240),
(2272, 9, 'Parádsasvár', 3242),
(2273, 4, 'Parasznya', 3777),
(2274, 15, 'Paszab', 4475),
(2275, 12, 'Pásztó', 3065),
(2276, 12, 'Pásztó', 3082),
(2277, 12, 'Pásztó', 3060),
(2278, 7, 'Pásztori', 9311),
(2279, 19, 'Pat', 8825),
(2280, 12, 'Patak', 2648),
(2281, 14, 'Patalom', 7463),
(2282, 2, 'Patapoklosi', 7923),
(2283, 14, 'Patca', 7477),
(2284, 6, 'Pátka', 8092),
(2285, 14, 'Patosfa', 7536),
(2286, 15, 'Pátroha', 4523),
(2287, 12, 'Patvarc', 2668),
(2288, 13, 'Páty', 2071),
(2289, 15, 'Pátyod', 4766),
(2290, 6, 'Pázmánd', 2476),
(2291, 7, 'Pázmándfalu', 9085),
(2292, 13, 'Pécel', 2119),
(2293, 17, 'Pecöl', 9754),
(2294, 2, 'Pécs', 7693),
(2295, 2, 'Pécs', 7691),
(2296, 2, 'Pécs', 7600),
(2297, 2, 'Pécs', 7621),
(2298, 2, 'Pécs', 7622),
(2299, 2, 'Pécs', 7623),
(2300, 2, 'Pécs', 7624),
(2301, 2, 'Pécs', 7625),
(2302, 2, 'Pécs', 7626),
(2303, 2, 'Pécs', 7627),
(2304, 2, 'Pécs', 7628),
(2305, 2, 'Pécs', 7629),
(2306, 2, 'Pécs', 7630),
(2307, 2, 'Pécs', 7631),
(2308, 2, 'Pécs', 7632),
(2309, 2, 'Pécs', 7633),
(2310, 2, 'Pécs', 7634),
(2311, 2, 'Pécs', 7635),
(2312, 2, 'Pécs', 7636),
(2313, 2, 'Pécsbagota', 7951),
(2314, 2, 'Pécsdevecser', 7766),
(2315, 18, 'Pécsely', 8245),
(2316, 2, 'Pécsudvard', 7762),
(2317, 2, 'Pécsvárad', 7720),
(2318, 2, 'Pellérd', 7831),
(2319, 9, 'Pély', 3381),
(2320, 13, 'Penc', 2614),
(2321, 15, 'Penészlek', 4267),
(2322, 18, 'Penyige', 4941),
(2323, 15, 'Pénzesgyőr', 8426),
(2324, 7, 'Pér', 9099),
(2325, 13, 'Perbál', 2074),
(2326, 4, 'Pere', 3853),
(2327, 4, 'Perecse', 3821),
(2328, 2, 'Pereked', 7664),
(2329, 17, 'Perenye', 9722),
(2330, 17, 'Peresznye', 9734),
(2331, 7, 'Pereszteg', 9484),
(2332, 6, 'Perkáta', 2431),
(2333, 4, 'Perkupa', 3756),
(2334, 13, 'Perőcsény', 2637),
(2335, 2, 'Peterd', 7766),
(2336, 14, 'Péterhida', 7582),
(2337, 13, 'Péteri', 2209),
(2338, 9, 'Pétervására', 3250),
(2339, 18, 'Pétfürdő', 8105),
(2340, 19, 'Pethőhenye', 8921),
(2341, 15, 'Petneháza', 4542),
(2342, 9, 'Petőfibánya', 3023),
(2343, 1, 'Petőfiszállás', 6113),
(2344, 7, 'Petőháza', 9443),
(2345, 17, 'Petőmihályfa', 9826),
(2346, 19, 'Petrikeresztúr', 8984),
(2347, 19, 'Petrivente', 8866),
(2348, 2, 'Pettend', 7980),
(2349, 12, 'Piliny', 3134),
(2350, 13, 'Pilis', 2721),
(2351, 13, 'Pilisborosjenő', 2097),
(2352, 13, 'Piliscsaba', 2087),
(2353, 13, 'Piliscsaba', 2081),
(2354, 11, 'Piliscsév', 2519),
(2355, 13, 'Pilisjászfalu', 2080),
(2356, 11, 'Pilismarót', 2028),
(2357, 13, 'Pilisszántó', 2095),
(2358, 13, 'Pilisszentiván', 2084),
(2359, 13, 'Pilisszentkereszt', 2099),
(2360, 13, 'Pilisszentkereszt', 2098),
(2361, 13, 'Pilisszentlászló', 2009),
(2362, 13, 'Pilisvörösvár', 2085),
(2363, 16, 'Pincehely', 7084),
(2364, 17, 'Pinkamindszent', 9922),
(2365, 7, 'Pinnye', 9481),
(2366, 15, 'Piricse', 4375),
(2367, 1, 'Pirtó', 6414),
(2368, 2, 'Piskó', 7838),
(2369, 5, 'Pitvaros', 6914),
(2370, 2, 'Pócsa', 7756),
(2371, 8, 'Pocsaj', 4125),
(2372, 13, 'Pócsmegyer', 2017),
(2373, 15, 'Pócspetri', 4327),
(2374, 2, 'Pogány', 7666),
(2375, 14, 'Pogányszentpéter', 8728),
(2376, 19, 'Pókaszepetk', 8932),
(2377, 14, 'Polány', 7458),
(2378, 8, 'Polgár', 4090),
(2379, 6, 'Polgárdi', 8153),
(2380, 6, 'Polgárdi', 8155),
(2381, 6, 'Polgárdi', 8154),
(2382, 13, 'Pölöske', 8929),
(2383, 15, 'Pölöskefő', 8773),
(2384, 17, 'Pomáz', 2013),
(2385, 9, 'Pörböly', 7142),
(2386, 17, 'Porcsalma', 4761),
(2387, 14, 'Pördefölde', 8956),
(2388, 14, 'Pornóapáti', 9796),
(2389, 14, 'Poroszló', 3388),
(2390, 19, 'Porpác', 9612),
(2391, 18, 'Porrog', 8858),
(2392, 17, 'Porrogszentkirály', 8858),
(2393, 14, 'Porrogszentpál', 8858),
(2394, 7, 'Pórszombat', 8986),
(2395, 19, 'Porva', 8429),
(2396, 19, 'Pósfa', 9636),
(2397, 16, 'Potony', 7977),
(2398, 19, 'Pötréte', 8767),
(2399, 19, 'Potyond', 9324),
(2400, 4, 'Prügy', 3925),
(2401, 18, 'Pula', 8291),
(2402, 19, 'Püski', 9235),
(2403, 12, 'Püspökhatvan', 2682),
(2404, 7, 'Püspökladány', 4150),
(2405, 17, 'Püspökmolnári', 9776),
(2406, 15, 'Püspökszilágy', 2166),
(2407, 19, 'Pusztaapáti', 8986),
(2408, 4, 'Pusztaberki', 2658),
(2409, 3, 'Pusztacsalád', 9373),
(2410, 16, 'Pusztacsó', 9739),
(2411, 14, 'Pusztadobos', 4565),
(2412, 19, 'Pusztaederics', 8946),
(2413, 5, 'Pusztafalu', 3995),
(2414, 18, 'Pusztaföldvár', 5919),
(2415, 10, 'Pusztahencse', 7038),
(2416, 3, 'Pusztakovácsi', 8707),
(2417, 4, 'Pusztamagyaród', 8895),
(2418, 6, 'Pusztamérges', 6785),
(2419, 14, 'Pusztamiske', 8455),
(2420, 19, 'Pusztamonostor', 5125),
(2421, 5, 'Pusztaottlaka', 5665),
(2422, 13, 'Pusztaradvány', 3874),
(2423, 6, 'Pusztaszabolcs', 2490),
(2424, 13, 'Pusztaszemes', 8619),
(2425, 4, 'Pusztaszentlászló', 8896),
(2426, 7, 'Pusztaszer', 6769),
(2427, 13, 'Pusztavacs', 2378),
(2428, 8, 'Pusztavám', 8066),
(2429, 17, 'Pusztazámor', 2039),
(2430, 13, 'Putnok', 3630),
(2431, 7, 'Rábacsanak', 9313),
(2432, 7, 'Rábacsécsény', 9136),
(2433, 17, 'Rábagyarmat', 9961),
(2434, 17, 'Rábahidvég', 9777),
(2435, 7, 'Rábakecöl', 9344),
(2436, 7, 'Rábapatona', 9142),
(2437, 17, 'Rábapaty', 9641),
(2438, 7, 'Rábapordány', 9146),
(2439, 7, 'Rábasebes', 9327),
(2440, 7, 'Rábaszentandrás', 9316),
(2441, 7, 'Rábaszentmihály', 9135),
(2442, 7, 'Rábaszentmiklós', 9133),
(2443, 7, 'Rábatamási', 9322),
(2444, 17, 'Rábatöttös', 9766),
(2445, 7, 'Rábcakapi', 9165),
(2446, 6, 'Rácalmás', 2459),
(2447, 6, 'Ráckeresztúr', 2465),
(2448, 13, 'Ráckeve', 2300),
(2449, 13, 'Rád', 2613),
(2450, 2, 'Rádfalva', 7817),
(2451, 17, 'Rádóckölked', 9784),
(2452, 4, 'Radostyán', 3776),
(2453, 4, 'Ragály', 3724),
(2454, 7, 'Rajka', 9224),
(2455, 4, 'Rakaca', 3825),
(2456, 4, 'Rakacaszend', 3826),
(2457, 15, 'Rakamaz', 4465),
(2458, 10, 'Rákóczifalva', 5085),
(2459, 10, 'Rákócziújfalu', 5084),
(2460, 14, 'Ráksi', 7464),
(2461, 19, 'Ramocsa', 8973),
(2462, 15, 'Ramocsaháza', 4536),
(2463, 15, 'Rápolt', 4756),
(2464, 18, 'Raposka', 8300),
(2465, 4, 'Rásonysápberencs', 3833),
(2466, 4, 'Rátka', 3908),
(2467, 17, 'Rátót', 9951),
(2468, 7, 'Ravazd', 9091),
(2469, 9, 'Recsk', 3245),
(2470, 11, 'Réde', 2886),
(2471, 19, 'Rédics', 8978),
(2472, 4, 'Regéc', 3893),
(2473, 2, 'Regenye', 7833),
(2474, 16, 'Regöly', 7193),
(2475, 1, 'Rém', 6446),
(2476, 13, 'Remeteszőlős', 2094),
(2477, 4, 'Répáshuta', 3559),
(2478, 17, 'Répcelak', 9653),
(2479, 7, 'Répceszemere', 9375),
(2480, 17, 'Répceszentgyörgy', 9623),
(2481, 7, 'Répcevis', 9475),
(2482, 19, 'Resznek', 8977),
(2483, 7, 'Rétalap', 9074),
(2484, 15, 'Rétközberencs', 4525),
(2485, 12, 'Rétság', 2651),
(2486, 18, 'Révfülöp', 8253),
(2487, 4, 'Révleányvár', 3976),
(2488, 19, 'Rezi', 8373),
(2489, 4, 'Ricse', 3974),
(2490, 18, 'Rigács', 8348),
(2491, 19, 'Rigyác', 8883),
(2492, 12, 'Rimóc', 3177),
(2493, 14, 'Rinyabesenyő', 7552),
(2494, 14, 'Rinyakovácsi', 7527),
(2495, 14, 'Rinyaszentkirály', 7513),
(2496, 14, 'Rinyaújlak', 7556),
(2497, 14, 'Rinyaújnép', 7584),
(2498, 15, 'Rohod', 4563),
(2499, 18, 'Röjtökmuzsaj', 9451),
(2500, 12, 'Románd', 8434),
(2501, 2, 'Romhány', 2654),
(2502, 2, 'Romonya', 7743),
(2503, 15, 'Rönök', 9954),
(2504, 9, 'Röszke', 6758),
(2505, 7, 'Rózsafa', 7914),
(2506, 17, 'Rozsály', 4971),
(2507, 5, 'Rózsaszentmárton', 3033),
(2508, 4, 'Rudabánya', 3733),
(2509, 4, 'Rudolftelep', 3742),
(2510, 17, 'Rum', 9766),
(2511, 5, 'Ruzsa', 6786),
(2512, 12, 'Ságújfalu', 3162),
(2513, 14, 'Ságvár', 8654),
(2514, 4, 'Sajóbábony', 3792),
(2515, 4, 'Sajóecseg', 3793),
(2516, 4, 'Sajógalgóc', 3636),
(2517, 4, 'Sajóhidvég', 3576),
(2518, 4, 'Sajóivánka', 3720),
(2519, 4, 'Sajókápolna', 3773),
(2520, 4, 'Sajókaza', 3720),
(2521, 4, 'Sajókeresztúr', 3791),
(2522, 4, 'Sajólád', 3572),
(2523, 4, 'Sajólászlófalva', 3773),
(2524, 4, 'Sajómercse', 3656),
(2525, 4, 'Sajónémeti', 3652),
(2526, 4, 'Sajóörös', 3586),
(2527, 4, 'Sajópálfala', 3714),
(2528, 4, 'Sajópetri', 3573),
(2529, 4, 'Sajópüspöki', 3653),
(2530, 4, 'Sajósenye', 3712),
(2531, 4, 'Sajószentpéter', 3770),
(2532, 4, 'Sajószöged', 3599),
(2533, 4, 'Sajóvámos', 3712),
(2534, 4, 'Sajóvelezd', 3656),
(2535, 17, 'Sajtoskál', 9632),
(2536, 18, 'Salföld', 8256),
(2537, 12, 'Salgótarján', 3102),
(2538, 12, 'Salgótarján', 3109),
(2539, 12, 'Salgótarján', 3121),
(2540, 12, 'Salgótarján', 3104),
(2541, 12, 'Salgótarján', 3141),
(2542, 12, 'Salgótarján', 3100),
(2543, 17, 'Salköveskút', 9742),
(2544, 19, 'Salomvár', 8995),
(2545, 4, 'Sály', 3425),
(2546, 2, 'Sámod', 7841),
(2547, 12, 'Sámsonháza', 3074),
(2548, 19, 'Sand', 8824),
(2549, 5, 'Sándorfalva', 6762),
(2550, 14, 'Sántos', 7479),
(2551, 8, 'Sáp', 4176),
(2552, 8, 'Sáránd', 4272),
(2553, 4, 'Sárazsadány', 3942),
(2554, 6, 'Sárbogárd', 7018),
(2555, 6, 'Sárbogárd', 7019),
(2556, 6, 'Sárbogárd', 7003),
(2557, 6, 'Sárbogárd', 7000),
(2558, 6, 'Sáregres', 7014),
(2559, 17, 'Sárfimizdó', 9813),
(2560, 19, 'Sárhida', 8944),
(2561, 11, 'Sárisáp', 2523),
(2562, 3, 'Sarkad', 5720),
(2563, 3, 'Sarkadkeresztúr', 5731),
(2564, 6, 'Sárkeresztes', 8051),
(2565, 6, 'Sárkeresztúr', 8125),
(2566, 6, 'Sárkeszi', 8144),
(2567, 19, 'Sármellék', 8391),
(2568, 2, 'Sárok', 7781),
(2569, 6, 'Sárosd', 2433),
(2570, 4, 'Sárospatak', 3952),
(2571, 4, 'Sárospatak', 3950),
(2572, 16, 'Sárpilis', 7145),
(2573, 8, 'Sárrétudvari', 4171),
(2574, 7, 'Sarród', 9434),
(2575, 7, 'Sarród', 9435),
(2576, 6, 'Sárszentágota', 8126),
(2577, 16, 'Sárszentlőrinc', 7047),
(2578, 6, 'Sárszentmihály', 8141),
(2579, 6, 'Sárszentmihály', 8143),
(2580, 9, 'Sarud', 3386),
(2581, 17, 'Sárvár', 9609),
(2582, 17, 'Sárvár', 9608),
(2583, 17, 'Sárvár', 9600),
(2584, 2, 'Sásd', 7370),
(2585, 18, 'Sáska', 8308),
(2586, 4, 'Sáta', 3659),
(2587, 4, 'Sátoraljaújhely', 3944),
(2588, 4, 'Sátoraljaújhely', 3945),
(2589, 4, 'Sátoraljaújhely', 3988),
(2590, 4, 'Sátoraljaújhely', 3980),
(2591, 2, 'Sátorhely', 7785),
(2592, 14, 'Sávoly', 8732),
(2593, 17, 'Sé', 9789),
(2594, 14, 'Segesd', 7562),
(2595, 2, 'Sellye', 7960),
(2596, 4, 'Selyeb', 3809),
(2597, 4, 'Semjén', 3974),
(2598, 19, 'Semjénháza', 8862),
(2599, 19, 'Sénye', 8788),
(2600, 15, 'Sényő', 4533),
(2601, 6, 'Seregélyes', 8111),
(2602, 4, 'Serényfalva', 3729),
(2603, 14, 'Sérsekszőlős', 8660),
(2604, 18, 'Sikátor', 8439),
(2605, 2, 'Siklós', 7818),
(2606, 2, 'Siklós', 7800),
(2607, 2, 'Siklósbodony', 7814),
(2608, 2, 'Siklósnagyfalu', 7823),
(2609, 4, 'Sima', 3881),
(2610, 17, 'Simaság', 9633),
(2611, 14, 'Simonfa', 7474),
(2612, 16, 'Simontornya', 7081),
(2613, 16, 'Sióagárd', 7171),
(2614, 14, 'Siófok', 8611),
(2615, 14, 'Siófok', 8609),
(2616, 14, 'Siófok', 8600),
(2617, 14, 'Siójut', 8652),
(2618, 9, 'Sirok', 3332),
(2619, 17, 'Sitke', 9671),
(2620, 7, 'Sobor', 9315),
(2621, 7, 'Söjtör', 8897),
(2622, 1, 'Sokorópátka', 9112),
(2623, 1, 'Solt', 6320),
(2624, 1, 'Soltszentimre', 6223),
(2625, 18, 'Soltvadkert', 6230),
(2626, 13, 'Sóly', 8193),
(2627, 14, 'Solymár', 2083),
(2628, 2, 'Som', 8655),
(2629, 18, 'Somberek', 7728),
(2630, 18, 'Somlójenő', 8478),
(2631, 18, 'Somlószőlős', 8483),
(2632, 18, 'Somlóvásárhely', 8481),
(2633, 14, 'Somlóvecse', 8484),
(2634, 14, 'Somodor', 7454),
(2635, 2, 'Somogyacsa', 7283),
(2636, 14, 'Somogyapáti', 7922),
(2637, 14, 'Somogyaracs', 7584),
(2638, 14, 'Somogyaszaló', 7452),
(2639, 14, 'Somogybabod', 8684),
(2640, 14, 'Somogybükkösd', 8858),
(2641, 14, 'Somogycsicsó', 8726),
(2642, 14, 'Somogydöröcske', 7284),
(2643, 14, 'Somogyegres', 8666),
(2644, 14, 'Somogyfajsz', 8708),
(2645, 2, 'Somogygeszti', 7455),
(2646, 2, 'Somogyhárságy', 7925),
(2647, 14, 'Somogyhatvan', 7921),
(2648, 14, 'Somogyjád', 7443),
(2649, 14, 'Somogymeggyes', 8673),
(2650, 14, 'Somogysámson', 8733),
(2651, 14, 'Somogysárd', 7435),
(2652, 14, 'Somogysimonyi', 8737),
(2653, 14, 'Somogyszentpál', 8705),
(2654, 14, 'Somogyszil', 7276),
(2655, 14, 'Somogyszob', 7563),
(2656, 14, 'Somogytúr', 8683),
(2657, 14, 'Somogyudvarhely', 7515),
(2658, 14, 'Somogyvámos', 8699),
(2659, 2, 'Somogyvár', 8698),
(2660, 14, 'Somogyviszló', 7924),
(2661, 15, 'Somogyzsitfa', 8734),
(2662, 6, 'Sonkád', 4954),
(2663, 7, 'Soponya', 8123),
(2664, 7, 'Sopron', 9494),
(2665, 7, 'Sopron', 9408),
(2666, 7, 'Sopron', 9407),
(2667, 7, 'Sopron', 9400),
(2668, 7, 'Sopronhorpács', 9463),
(2669, 7, 'Sopronkövesd', 9483),
(2670, 17, 'Sopronnémeti', 9325),
(2671, 17, 'Söpte', 9743),
(2672, 19, 'Söréd', 8072),
(2673, 17, 'Sorkifalud', 9774),
(2674, 12, 'Sorkikápolna', 9774),
(2675, 13, 'Sormás', 8881),
(2676, 4, 'Sorokpolány', 9773),
(2677, 2, 'Sóshartyán', 3131),
(2678, 17, 'Sóskút', 2038),
(2679, 19, 'Sóstófalva', 3716),
(2680, 17, 'Sósvertike', 7960),
(2681, 6, 'Sótony', 9681),
(2682, 6, 'Sukoró', 8096),
(2683, 2, 'Sükösd', 6346),
(2684, 11, 'Sülysáp', 2242),
(2685, 19, 'Sülysáp', 2241),
(2686, 1, 'Sümeg', 8330),
(2687, 13, 'Sümegcsehi', 8357),
(2688, 13, 'Sümegprága', 8351),
(2689, 18, 'Sumony', 7960),
(2690, 19, 'Súr', 2889),
(2691, 18, 'Surd', 8856),
(2692, 11, 'Süttő', 2543),
(2693, 6, 'Szabadbattyán', 8151),
(2694, 6, 'Szabadegyháza', 2432),
(2695, 6, 'Szabadhidvég', 8139),
(2696, 6, 'Szabadhidvég', 8138),
(2697, 14, 'Szabadi', 7253),
(2698, 3, 'Szabadkígyós', 5712),
(2699, 1, 'Szabadszállás', 6080),
(2700, 2, 'Szabadszentkirály', 7951),
(2701, 14, 'Szabás', 7544),
(2702, 15, 'Szabolcs', 4467),
(2703, 15, 'Szabolcsbáka', 4547),
(2704, 15, 'Szabolcsveresmart', 4496),
(2705, 13, 'Szada', 2111),
(2706, 2, 'Szágy', 7383),
(2707, 2, 'Szajk', 7753),
(2708, 9, 'Szajla', 3334),
(2709, 10, 'Szajol', 5081),
(2710, 4, 'Szakácsi', 3786),
(2711, 16, 'Szakadát', 7071),
(2712, 4, 'Szakáld', 3596),
(2713, 16, 'Szakály', 7192),
(2714, 16, 'Szakcs', 7213),
(2715, 1, 'Szakmár', 6336),
(2716, 17, 'Szaknyér', 9934),
(2717, 15, 'Szakoly', 4234),
(2718, 7, 'Szakony', 9474),
(2719, 17, 'Szakonyfalu', 9983),
(2720, 11, 'Szákszend', 2856),
(2721, 17, 'Szalafő', 9942),
(2722, 2, 'Szalánta', 7811),
(2723, 19, 'Szalapa', 8341),
(2724, 4, 'Szalaszend', 3863),
(2725, 2, 'Szalatnak', 7334),
(2726, 16, 'Szálka', 7121),
(2727, 1, 'Szalkszentmárton', 6086),
(2728, 12, 'Szalmatercs', 3163),
(2729, 4, 'Szalonna', 3754),
(2730, 15, 'Szamosangyalos', 4767),
(2731, 15, 'Szamosbecs', 4745),
(2732, 15, 'Szamoskér', 4721),
(2733, 15, 'Szamossályi', 4735),
(2734, 15, 'Szamosszeg', 4824),
(2735, 15, 'Szamostatárfalva', 4746),
(2736, 15, 'Szamosújlak', 4734),
(2737, 12, 'Szanda', 2697),
(2738, 1, 'Szank', 6131),
(2739, 14, 'Szántód', 8622),
(2740, 7, 'Szany', 9317),
(2741, 18, 'Szápár', 8423),
(2742, 2, 'Szaporca', 7843),
(2743, 6, 'Szár', 2066),
(2744, 2, 'Szárász', 7184),
(2745, 16, 'Szárazd', 7063),
(2746, 7, 'Szárföld', 9353),
(2747, 11, 'Szárliget', 2067),
(2748, 3, 'Szarvas', 5540),
(2749, 12, 'Szarvasgede', 3051),
(2750, 17, 'Szarvaskend', 9913),
(2751, 10, 'Szászberek', 5053),
(2752, 4, 'Szászfa', 3821),
(2753, 2, 'Szászvár', 7349),
(2754, 15, 'Szatmárcseke', 4945),
(2755, 12, 'Szátok', 2656),
(2756, 17, 'Szatta', 9938),
(2757, 5, 'Szatymaz', 6763),
(2758, 2, 'Szava', 7813),
(2759, 13, 'Százhalombatta', 2440),
(2760, 2, 'Szebény', 7725),
(2761, 12, 'Szécsénke', 2692),
(2762, 12, 'Szécsény', 3170),
(2763, 12, 'Szécsényfelfalu', 3135),
(2764, 19, 'Szécsisziget', 8879),
(2765, 2, 'Szederkény', 7751),
(2766, 16, 'Szedres', 7056),
(2767, 5, 'Szeged', 6757),
(2768, 5, 'Szeged', 6791),
(2769, 5, 'Szeged', 6710),
(2770, 5, 'Szeged', 6771),
(2771, 5, 'Szeged', 6753),
(2772, 5, 'Szeged', 6700),
(2773, 5, 'Szeged', 6720),
(2774, 5, 'Szeged', 6721),
(2775, 5, 'Szeged', 6722),
(2776, 5, 'Szeged', 6723),
(2777, 5, 'Szeged', 6724),
(2778, 5, 'Szeged', 6725),
(2779, 5, 'Szeged', 6726),
(2780, 5, 'Szeged', 6727),
(2781, 5, 'Szeged', 6728),
(2782, 5, 'Szeged', 6729),
(2783, 14, 'Szegerdő', 8732),
(2784, 3, 'Szeghalom', 5520),
(2785, 4, 'Szegi', 3918),
(2786, 4, 'Szegilong', 3918),
(2787, 5, 'Szegvár', 6635),
(2788, 15, 'Székely', 4534),
(2789, 2, 'Székelyszabar', 7737),
(2790, 6, 'Székesfehérvár', 8019),
(2791, 6, 'Székesfehérvár', 8000),
(2792, 5, 'Székkutas', 6821),
(2793, 16, 'Szekszárd', 7100),
(2794, 17, 'Szeleste', 9622),
(2795, 10, 'Szelevény', 5476),
(2796, 2, 'Szellő', 7661),
(2797, 2, 'Szemely', 7763),
(2798, 17, 'Szemenye', 9685),
(2799, 4, 'Szemere', 3866),
(2800, 12, 'Szendehely', 2640),
(2801, 4, 'Szendrő', 3752),
(2802, 4, 'Szendrőlád', 3751),
(2803, 14, 'Szenna', 7477),
(2804, 14, 'Szenta', 8849),
(2805, 18, 'Szentantalfa', 8272),
(2806, 14, 'Szentbalázs', 7472),
(2807, 18, 'Szentbékkálla', 8281),
(2808, 14, 'Szentborbás', 7918),
(2809, 2, 'Szentdénes', 7913),
(2810, 9, 'Szentdomonkos', 3259),
(2811, 12, 'Szente', 2655),
(2812, 2, 'Szentegát', 7915),
(2813, 13, 'Szentendre', 2000),
(2814, 5, 'Szentes', 6600),
(2815, 18, 'Szentgál', 8444),
(2816, 14, 'Szentgáloskér', 7465),
(2817, 17, 'Szentgotthárd', 9981),
(2818, 17, 'Szentgotthárd', 9955),
(2819, 17, 'Szentgotthárd', 9970),
(2820, 19, 'Szentgyörgyvár', 8393),
(2821, 19, 'Szentgyörgyvölgy', 8975),
(2822, 18, 'Szentimrefalva', 8475),
(2823, 4, 'Szentistván', 3418),
(2824, 4, 'Szentistvánbaksa', 3844),
(2825, 18, 'Szentjakabfa', 8272),
(2826, 2, 'Szentkatalin', 7681),
(2827, 1, 'Szentkirály', 6031),
(2828, 18, 'Szentkirályszabadja', 8225),
(2829, 19, 'Szentkozmadombja', 8947),
(2830, 2, 'Szentlászló', 7936),
(2831, 19, 'Szentliszló', 8893),
(2832, 2, 'Szentlőrinc', 7940),
(2833, 13, 'Szentlőrinckáta', 2255),
(2834, 19, 'Szentmargitfalva', 8872),
(2835, 13, 'Szentmártonkáta', 2254),
(2836, 17, 'Szentpéterfa', 9799),
(2837, 19, 'Szentpéterfölde', 8953),
(2838, 8, 'Szentpéterszeg', 4121),
(2839, 19, 'Szentpéterúr', 8762),
(2840, 14, 'Szenyér', 8717),
(2841, 19, 'Szepetnek', 8861),
(2842, 7, 'Szerecseny', 9125),
(2843, 1, 'Szeremle', 6512),
(2844, 4, 'Szerencs', 3900),
(2845, 8, 'Szerep', 4162),
(2846, 8, 'Szerep', 4163),
(2847, 17, 'Szergény', 9523),
(2848, 13, 'Szigetbecse', 2321),
(2849, 13, 'Szigetcsép', 2317),
(2850, 13, 'Szigethalom', 2315),
(2851, 13, 'Szigetmonostor', 2015),
(2852, 13, 'Szigetszentmárton', 2318),
(2853, 13, 'Szigetszentmiklós', 2310),
(2854, 13, 'Szigetújfalu', 2319),
(2855, 2, 'Szigetvár', 7900),
(2856, 18, 'Szigliget', 8264),
(2857, 9, 'Szihalom', 3377),
(2858, 19, 'Szijártóháza', 8969),
(2859, 4, 'Szikszó', 3800),
(2860, 7, 'Szil', 9326),
(2861, 2, 'Szilágy', 7664),
(2862, 12, 'Szilaspogony', 3125),
(2863, 7, 'Szilsárkány', 9312),
(2864, 19, 'Szilvágy', 8986),
(2865, 2, 'Szilvás', 7811),
(2866, 9, 'Szilvásszentmárton', 7477),
(2867, 14, 'Szilvásvárad', 3348),
(2868, 4, 'Szin', 3761),
(2869, 4, 'Szinpetri', 3761),
(2870, 12, 'Szirák', 3044),
(2871, 4, 'Szirmabesenyő', 3711),
(2872, 13, 'Szob', 2628),
(2873, 13, 'Szőc', 8452),
(2874, 14, 'Szőce', 9935),
(2875, 10, 'Sződ', 2134),
(2876, 10, 'Sződliget', 2133),
(2877, 17, 'Szögliget', 3762),
(2878, 17, 'Szőke', 7833),
(2879, 17, 'Szőkéd', 7763),
(2880, 11, 'Szőkedencs', 8736),
(2881, 4, 'Szokolya', 2624),
(2882, 11, 'Szólád', 8625),
(2883, 14, 'Szolnok', 5008),
(2884, 18, 'Szolnok', 5000),
(2885, 17, 'Szőlősardó', 3757),
(2886, 13, 'Szőlősgyörök', 8692),
(2887, 13, 'Szombathely', 9707),
(2888, 4, 'Szombathely', 9719),
(2889, 2, 'Szombathely', 9700),
(2890, 2, 'Szomód', 2896),
(2891, 14, 'Szomolya', 3411),
(2892, 4, 'Szomor', 2822),
(2893, 14, 'Szörény', 7976),
(2894, 2, 'Szorosad', 7285),
(2895, 9, 'Szúcs', 3341),
(2896, 12, 'Szűcsi', 3034),
(2897, 4, 'Szügy', 2699),
(2898, 4, 'Szuha', 3154),
(2899, 4, 'Szuhafő', 3726),
(2900, 2, 'Szuhakálló', 3731),
(2901, 14, 'Szuhogy', 3734),
(2902, 12, 'Szulimán', 7932),
(2903, 9, 'Szulok', 7539),
(2904, 12, 'Szűr', 7735),
(2905, 2, 'Szurdokpüspöki', 3064),
(2906, 14, 'Tab', 8660),
(2907, 6, 'Tabajd', 8088),
(2908, 1, 'Tabdi', 6224),
(2909, 13, 'Táborfalva', 2381),
(2910, 6, 'Tác', 8121),
(2911, 18, 'Tagyon', 8272),
(2912, 13, 'Tahitótfalu', 2022),
(2913, 13, 'Tahitótfalu', 2021),
(2914, 18, 'Takácsi', 8541),
(2915, 15, 'Tákos', 4845),
(2916, 13, 'Taksony', 2335),
(2917, 4, 'Taktabáj', 3926),
(2918, 4, 'Taktaharkány', 3922),
(2919, 4, 'Taktakenéz', 3924),
(2920, 4, 'Taktaszada', 3921),
(2921, 18, 'Taliándörögd', 8295),
(2922, 4, 'Tállya', 3907),
(2923, 16, 'Tamási', 7091),
(2924, 16, 'Tamási', 7090),
(2925, 17, 'Tanakajd', 9762),
(2926, 7, 'Táp', 9095),
(2927, 13, 'Tápióbicske', 2764),
(2928, 13, 'Tápiógyörgye', 2767),
(2929, 13, 'Tápióság', 2253),
(2930, 13, 'Tápiószecső', 2251),
(2931, 13, 'Tápiószele', 2766),
(2932, 13, 'Tápiószentmárton', 2711),
(2933, 13, 'Tápiószőlős', 2769),
(2934, 17, 'Táplánszentkereszt', 9761),
(2935, 18, 'Tapolca', 8297),
(2936, 18, 'Tapolca', 8300),
(2937, 14, 'Tapsony', 8718),
(2938, 7, 'Tápszentmiklós', 9094),
(2939, 12, 'Tar', 3073),
(2940, 14, 'Tarany', 7514),
(2941, 4, 'Tarcal', 3915),
(2942, 4, 'Tard', 3416),
(2943, 4, 'Tardona', 3644),
(2944, 11, 'Tardos', 2834),
(2945, 3, 'Tarhos', 5641),
(2946, 11, 'Tarján', 2831),
(2947, 7, 'Tarjánpuszta', 9092),
(2948, 11, 'Tárkány', 2945),
(2949, 9, 'Tarnabod', 3369),
(2950, 9, 'Tarnalelesz', 3258),
(2951, 9, 'Tarnaméra', 3284),
(2952, 9, 'Tarnaörs', 3294),
(2953, 9, 'Tarnaszentmária', 3331),
(2954, 9, 'Tarnaszentmiklós', 3382),
(2955, 9, 'Tarnazsadány', 3283),
(2956, 13, 'Tárnok', 2461),
(2957, 7, 'Tárnokréti', 9165),
(2958, 15, 'Tarpa', 4931),
(2959, 2, 'Tarrós', 7362),
(2960, 14, 'Táska', 8696),
(2961, 1, 'Tass', 6098),
(2962, 14, 'Taszár', 7261),
(2963, 11, 'Tát', 2534),
(2964, 11, 'Tata', 2835),
(2965, 11, 'Tata', 2890),
(2966, 11, 'Tatabánya', 2800),
(2967, 1, 'Tataháza', 6451),
(2968, 13, 'Tatárszentgyörgy', 2375),
(2969, 1, 'Tázlár', 6236),
(2970, 8, 'Téglás', 4243),
(2971, 2, 'Tékes', 7381),
(2972, 2, 'Teklafalu', 7973),
(2973, 17, 'Telekes', 9812),
(2974, 3, 'Telekgerendás', 5675),
(2975, 14, 'Teleki', 8626),
(2976, 13, 'Telki', 2089),
(2977, 4, 'Telkibánya', 3896),
(2978, 16, 'Tengelic', 7054),
(2979, 2, 'Tengeri', 7834),
(2980, 14, 'Tengőd', 8668),
(2981, 9, 'Tenk', 3359),
(2982, 7, 'Tényő', 9111),
(2983, 8, 'Tépe', 4132),
(2984, 15, 'Terem', 4342),
(2985, 12, 'Terény', 2696),
(2986, 12, 'Tereske', 2652),
(2987, 4, 'Teresztenye', 3757),
(2988, 9, 'Terpes', 3334),
(2989, 18, 'Tés', 8109),
(2990, 13, 'Tésa', 2635),
(2991, 2, 'Tésenfa', 7843),
(2992, 2, 'Téseny', 7834),
(2993, 19, 'Teskánd', 8991),
(2994, 7, 'Tét', 9100),
(2995, 8, 'Tetétlen', 4184),
(2996, 16, 'Tevel', 7181),
(2997, 4, 'Tibolddaróc', 3423),
(2998, 15, 'Tiborszállás', 4353),
(2999, 18, 'Tihany', 8237),
(3000, 14, 'Tikos', 8731),
(3001, 19, 'Tilaj', 8782),
(3002, 15, 'Timár', 4466),
(3003, 13, 'Tinnye', 2086),
(3004, 15, 'Tiszaadony', 4833),
(3005, 1, 'Tiszaalpár', 6066),
(3006, 1, 'Tiszaalpár', 6067),
(3007, 4, 'Tiszabábolna', 3465),
(3008, 15, 'Tiszabecs', 4951),
(3009, 15, 'Tiszabercel', 4474),
(3010, 15, 'Tiszabezdéd', 4624),
(3011, 10, 'Tiszabő', 5232),
(3012, 10, 'Tiszabura', 5235),
(3013, 15, 'Tiszacsécse', 4947),
(3014, 8, 'Tiszacsege', 4066),
(3015, 4, 'Tiszacsermely', 3972),
(3016, 15, 'Tiszadada', 4455),
(3017, 10, 'Tiszaderzs', 5243),
(3018, 15, 'Tiszadob', 4456),
(3019, 4, 'Tiszadorogma', 3466),
(3020, 15, 'Tiszaeszlár', 4446),
(3021, 15, 'Tiszaeszlár', 4464),
(3022, 10, 'Tiszaföldvár', 5461),
(3023, 10, 'Tiszaföldvár', 5430),
(3024, 10, 'Tiszafüred', 5359),
(3025, 10, 'Tiszafüred', 5358),
(3026, 10, 'Tiszafüred', 5244),
(3027, 10, 'Tiszafüred', 5350),
(3028, 10, 'Tiszagyenda', 5233),
(3029, 8, 'Tiszagyulaháza', 4097),
(3030, 10, 'Tiszaigar', 5361),
(3031, 10, 'Tiszainoka', 5464),
(3032, 10, 'Tiszajenő', 5094),
(3033, 15, 'Tiszakanyár', 4493),
(3034, 4, 'Tiszakarád', 3971),
(3035, 1, 'Tiszakécske', 6062),
(3036, 1, 'Tiszakécske', 6060),
(3037, 15, 'Tiszakerecseny', 4834),
(3038, 4, 'Tiszakeszi', 3458),
(3039, 15, 'Tiszakóród', 4946),
(3040, 10, 'Tiszakürt', 5472),
(3041, 10, 'Tiszakürt', 5471),
(3042, 4, 'Tiszaladány', 3929),
(3043, 15, 'Tiszalök', 4447),
(3044, 15, 'Tiszalök', 4450),
(3045, 4, 'Tiszalúc', 3565),
(3046, 15, 'Tiszamogyorós', 4645),
(3047, 15, 'Tiszanagyfalu', 4463),
(3048, 9, 'Tiszanána', 3385),
(3049, 10, 'Tiszaörs', 5362),
(3050, 4, 'Tiszapalkonya', 3587),
(3051, 10, 'Tiszapüspöki', 5211),
(3052, 15, 'Tiszarád', 4503),
(3053, 10, 'Tiszaroff', 5234),
(3054, 10, 'Tiszasas', 5474),
(3055, 10, 'Tiszasüly', 5061),
(3056, 15, 'Tiszaszalka', 4831),
(3057, 10, 'Tiszaszentimre', 5323),
(3058, 10, 'Tiszaszentimre', 5322),
(3059, 15, 'Tiszaszentmárton', 4628),
(3060, 5, 'Tiszasziget', 6756),
(3061, 4, 'Tiszatardos', 3928),
(3062, 4, 'Tiszatarján', 3589),
(3063, 15, 'Tiszatelek', 4486),
(3064, 15, 'Tiszatelek', 4487),
(3065, 10, 'Tiszatenyő', 5082),
(3066, 1, 'Tiszaug', 6064),
(3067, 4, 'Tiszaújváros', 3580),
(3068, 4, 'Tiszavalk', 3464),
(3069, 10, 'Tiszavárkony', 5095),
(3070, 10, 'Tiszavárkony', 5092),
(3071, 15, 'Tiszavasvári', 4440),
(3072, 15, 'Tiszavid', 4832),
(3073, 15, 'Tisztaberek', 4969),
(3074, 15, 'Tivadar', 4921),
(3075, 13, 'Tóalmás', 2252),
(3076, 9, 'Tófalu', 3354),
(3077, 19, 'Tófej', 8946),
(3078, 2, 'Tófű', 7348),
(3079, 4, 'Tök', 2073),
(3080, 11, 'Tokaj', 3910),
(3081, 11, 'Tokod', 2531),
(3082, 17, 'Tokodaltáró', 2532),
(3083, 4, 'Tököl', 2316),
(3084, 8, 'Tokorcs', 9561),
(3085, 12, 'Tolcsva', 3934),
(3086, 16, 'Told', 4117),
(3087, 16, 'Tolmács', 2657),
(3088, 16, 'Tolna', 7131),
(3089, 10, 'Tolna', 7130),
(3090, 4, 'Tolnanémedi', 7083),
(3091, 1, 'Töltéstava', 9086),
(3092, 17, 'Tomajmonostora', 5324),
(3093, 6, 'Tomor', 3787),
(3094, 19, 'Tömörd', 9738),
(3095, 2, 'Tömörkény', 6646),
(3096, 17, 'Tompa', 6422),
(3097, 4, 'Tompaládony', 9662),
(3098, 4, 'Tordas', 2463),
(3099, 4, 'Tormafölde', 8876),
(3100, 4, 'Tormás', 7383),
(3101, 4, 'Tormásliget', 9736),
(3102, 19, 'Tornabarakony', 3765),
(3103, 4, 'Tornakápolna', 3761),
(3104, 15, 'Tornanádaska', 3767),
(3105, 17, 'Tornaszentandrás', 3765),
(3106, 14, 'Tornaszentjakab', 3769),
(3107, 10, 'Tornyiszentmiklós', 8877),
(3108, 3, 'Tornyosnémeti', 3877),
(3109, 2, 'Tornyospálca', 4642),
(3110, 19, 'Törökbálint', 2045),
(3111, 19, 'Törökkoppány', 7285),
(3112, 14, 'Törökszentmiklós', 5212),
(3113, 18, 'Törökszentmiklós', 5200),
(3114, 13, 'Torony', 9791),
(3115, 13, 'Törtel', 2747),
(3116, 7, 'Torvaj', 8660),
(3117, 17, 'Tószeg', 5091),
(3118, 5, 'Tótkomlós', 5940),
(3119, 13, 'Tótszentgyörgy', 7981),
(3120, 14, 'Tótszentmárton', 8865),
(3121, 10, 'Tótszerdahely', 8864),
(3122, 10, 'Töttös', 7755),
(3123, 13, 'Tótújfalu', 7918),
(3124, 2, 'Tótvázsony', 8246),
(3125, 4, 'Trizs', 3724),
(3126, 15, 'Tunyogmatolcs', 4731),
(3127, 13, 'Tura', 2194),
(3128, 15, 'Túristvándi', 4944),
(3129, 10, 'Türje', 8796),
(3130, 2, 'Túrkeve', 5420),
(3131, 15, 'Túrony', 7811),
(3132, 15, 'Túrricse', 4968),
(3133, 19, 'Tüskevár', 8477),
(3134, 18, 'Tuzsér', 4623),
(3135, 15, 'Tyukod', 4762),
(3136, 2, 'Udvar', 7718),
(3137, 16, 'Udvari', 7066),
(3138, 18, 'Ugod', 8564),
(3139, 6, 'Újbarok', 2066),
(3140, 4, 'Újcsanálos', 3716),
(3141, 15, 'Újdombrád', 4491),
(3142, 15, 'Újfehértó', 4244),
(3143, 13, 'Újhartyán', 2367),
(3144, 8, 'Újiráz', 4146),
(3145, 16, 'Újireg', 7095),
(3146, 15, 'Újkenéz', 4635),
(3147, 7, 'Újkér', 9472),
(3148, 3, 'Újkígyós', 5661),
(3149, 13, 'Újlengyel', 2724),
(3150, 8, 'Újléta', 4288),
(3151, 9, 'Újlőrincfalva', 3387),
(3152, 2, 'Újpetre', 7766),
(3153, 7, 'Újrónafő', 9244),
(3154, 1, 'Újsolt', 6320),
(3155, 3, 'Újszalonta', 5727),
(3156, 10, 'Újszász', 5052),
(3157, 5, 'Újszentiván', 6754),
(3158, 8, 'Újszentmargita', 4065),
(3159, 13, 'Újszilvás', 2768),
(3160, 1, 'Újtelek', 6337),
(3161, 8, 'Újtikos', 4096),
(3162, 19, 'Újudvar', 8778),
(3163, 14, 'Újvárfalva', 7436),
(3164, 18, 'Ukk', 8347),
(3165, 7, 'Üllés', 6794),
(3166, 11, 'Üllő', 2225),
(3167, 4, 'Und', 9464),
(3168, 15, 'Úny', 2528),
(3169, 17, 'Uppony', 3622),
(3170, 6, 'Ura', 4763),
(3171, 13, 'Uraiújfalu', 9651),
(3172, 18, 'Úrhida', 8142),
(3173, 15, 'Úri', 2244),
(3174, 1, 'Úrkút', 8409),
(3175, 18, 'Üröm', 2096),
(3176, 5, 'Uszka', 4952),
(3177, 13, 'Uszód', 6332),
(3178, 13, 'Uzsa', 8321),
(3179, 13, 'Vác', 2600),
(3180, 13, 'Vácduka', 2167),
(3181, 13, 'Vácegres', 2184),
(3182, 13, 'Váchartyán', 2164),
(3183, 13, 'Váckisújfalu', 2185),
(3184, 13, 'Vácrátót', 2163),
(3185, 13, 'Vácszentlászló', 2115),
(3186, 4, 'Vadna', 3636),
(3187, 7, 'Vadosfa', 9346),
(3188, 7, 'Vág', 9327),
(3189, 4, 'Vágáshuta', 3992),
(3190, 15, 'Vaja', 4562),
(3191, 4, 'Vajdácska', 3961),
(3192, 2, 'Vajszló', 7838),
(3193, 6, 'Vajta', 7041),
(3194, 6, 'Vál', 2473),
(3195, 13, 'Valkó', 2114),
(3196, 19, 'Valkonya', 8885),
(3197, 15, 'Vállaj', 4351),
(3198, 19, 'Vállus', 8316),
(3199, 15, 'Vámosatya', 4936),
(3200, 17, 'Vámoscsalád', 9665),
(3201, 9, 'Vámosgyörk', 3291),
(3202, 13, 'Vámosmikola', 2635),
(3203, 15, 'Vámosoroszi', 4966),
(3204, 8, 'Vámospércs', 4287),
(3205, 4, 'Vámosszabadi', 9061),
(3206, 7, 'Vámosújfalu', 3941),
(3207, 8, 'Váncsod', 4119),
(3208, 12, 'Vanyarc', 2688),
(3209, 18, 'Vanyola', 8552),
(3210, 2, 'Várad', 7973),
(3211, 16, 'Váralja', 7354),
(3212, 14, 'Varászló', 8723),
(3213, 9, 'Váraszó', 3254),
(3214, 7, 'Várbalog', 9243),
(3215, 4, 'Varbó', 3778),
(3216, 4, 'Varbóc', 3756),
(3217, 14, 'Várda', 7442),
(3218, 16, 'Várdomb', 7146),
(3219, 19, 'Várfölde', 8891),
(3220, 2, 'Varga', 7370),
(3221, 11, 'Várgesztes', 2824),
(3222, 18, 'Várkesző', 8523),
(3223, 16, 'Várong', 7214),
(3224, 1, 'Városföld', 6033),
(3225, 18, 'Városlőd', 8445),
(3226, 18, 'Várpalota', 8103),
(3227, 18, 'Várpalota', 8104),
(3228, 18, 'Várpalota', 8100),
(3229, 16, 'Varsád', 7067),
(3230, 12, 'Varsány', 3178),
(3231, 19, 'Várvölgy', 8316),
(3232, 13, 'Vasad', 2211),
(3233, 17, 'Vasalja', 9921),
(3234, 2, 'Vásárosbéc', 7926),
(3235, 2, 'Vásárosdombó', 7362),
(3236, 7, 'Vásárosfalu', 9343),
(3237, 17, 'Vásárosmiske', 9552),
(3238, 15, 'Vásárosnamény', 4803),
(3239, 15, 'Vásárosnamény', 4804),
(3240, 15, 'Vásárosnamény', 4800),
(3241, 17, 'Vasasszonyfa', 9744),
(3242, 19, 'Vasboldogasszony', 8914),
(3243, 17, 'Vasegerszeg', 9661),
(3244, 17, 'Vashosszúfalu', 9674),
(3245, 17, 'Vaskeresztes', 9795),
(3246, 1, 'Vaskút', 6521),
(3247, 15, 'Vasmegyer', 4502),
(3248, 19, 'Vaspör', 8998),
(3249, 17, 'Vassurány', 9741),
(3250, 18, 'Vászoly', 8245),
(3251, 17, 'Vasszécseny', 9763),
(3252, 17, 'Vasszentmihály', 9953),
(3253, 17, 'Vasszilvágy', 9747),
(3254, 17, 'Vasvár', 9800),
(3255, 18, 'Vaszar', 8542),
(3256, 17, 'Vát', 9748),
(3257, 4, 'Vatta', 3431),
(3258, 2, 'Vázsnok', 7370),
(3259, 9, 'Vécs', 3265),
(3260, 13, 'Vecsés', 2220),
(3261, 3, 'Végegyháza', 5811),
(3262, 2, 'Vejti', 7838),
(3263, 2, 'Vékény', 7333),
(3264, 8, 'Vekerd', 4143),
(3265, 17, 'Velem', 9726),
(3266, 17, 'Velemér', 9946),
(3267, 6, 'Velence', 2481),
(3268, 2, 'Velény', 7951),
(3269, 2, 'Véménd', 7726),
(3270, 7, 'Vének', 9062),
(3271, 17, 'Vép', 9751),
(3272, 6, 'Vereb', 2477),
(3273, 13, 'Veresegyház', 2112),
(3274, 13, 'Verőce', 2621),
(3275, 9, 'Verpelét', 3351),
(3276, 13, 'Verseg', 2174),
(3277, 2, 'Versend', 7752),
(3278, 6, 'Vértesacsa', 8089),
(3279, 6, 'Vértesboglár', 8085),
(3280, 11, 'Vérteskethely', 2859),
(3281, 11, 'Vértessomló', 2823),
(3282, 11, 'Vértestolna', 2833),
(3283, 11, 'Vértesszőlős', 2837),
(3284, 14, 'Vése', 8721),
(3285, 7, 'Veszkény', 9352),
(3286, 18, 'Veszprém', 8412),
(3287, 18, 'Veszprém', 8411),
(3288, 18, 'Veszprém', 8200),
(3289, 18, 'Veszprémfajsz', 8248),
(3290, 18, 'Veszprémgalsa', 8475),
(3291, 18, 'Veszprémvarsány', 8438),
(3292, 3, 'Vésztő', 5530),
(3293, 10, 'Vezseny', 5093),
(3294, 18, 'Vid', 8484),
(3295, 18, 'Vigántpetend', 8294),
(3296, 2, 'Villány', 7773),
(3297, 2, 'Villánykövesd', 7772),
(3298, 4, 'Vilmány', 3891),
(3299, 18, 'Vilonya', 8194),
(3300, 4, 'Vilyvitány', 3991),
(3301, 18, 'Vinár', 9535),
(3302, 19, 'Vindornyafok', 8354),
(3303, 19, 'Vindornyalak', 8353),
(3304, 19, 'Vindornyaszőlős', 8355),
(3305, 13, 'Visegrád', 2026),
(3306, 13, 'Visegrád', 2025),
(3307, 14, 'Visnye', 7533),
(3308, 9, 'Visonta', 3272),
(3309, 9, 'Visonta', 3271),
(3310, 4, 'Viss', 3956),
(3311, 14, 'Visz', 8681),
(3312, 17, 'Viszák', 9932),
(3313, 4, 'Viszló', 3825),
(3314, 9, 'Visznek', 3293),
(3315, 7, 'Vitnyéd', 9371),
(3316, 14, 'Vízvár', 7588),
(3317, 12, 'Vizslás', 3128),
(3318, 4, 'Vizsoly', 3888),
(3319, 2, 'Vokány', 7768),
(3320, 19, 'Vonyarcvashegy', 8314),
(3321, 19, 'Vöckönd', 8931),
(3322, 7, 'Völcsej', 9462),
(3323, 17, 'Vönöck', 9516),
(3324, 18, 'Vöröstó', 8291),
(3325, 14, 'Vörs', 8711),
(3326, 12, 'Zabar', 3124),
(3327, 2, 'Zádor', 7976),
(3328, 4, 'Zádorfalva', 3726),
(3329, 10, 'Zagyvarékas', 5051),
(3330, 9, 'Zagyvaszántó', 3031),
(3331, 15, 'Záhony', 4625),
(3332, 19, 'Zajk', 8868),
(3333, 15, 'Zajta', 4974),
(3334, 14, 'Zákány', 8853),
(3335, 5, 'Zákányszék', 6787),
(3336, 14, 'Zala', 8660),
(3337, 19, 'Zalaapáti', 8741),
(3338, 19, 'Zalabaksa', 8971),
(3339, 19, 'Zalabér', 8798),
(3340, 19, 'Zalaboldogfa', 8992),
(3341, 19, 'Zalacsány', 8782),
(3342, 19, 'Zalacséb', 8996),
(3343, 19, 'Zalaegerszeg', 8900),
(3344, 18, 'Zalaerdőd', 8344),
(3345, 18, 'Zalagyömörő', 8349),
(3346, 18, 'Zalahaláp', 8308),
(3347, 19, 'Zalaháshágy', 8997),
(3348, 19, 'Zalaigrice', 8761),
(3349, 19, 'Zalaistvánd', 8932),
(3350, 19, 'Zalakaros', 8749),
(3351, 19, 'Zalakomár', 8751),
(3352, 19, 'Zalakomár', 8752),
(3353, 19, 'Zalaköveskút', 8354),
(3354, 19, 'Zalalövő', 8999),
(3355, 18, 'Zalameggyes', 8348),
(3356, 19, 'Zalamerenye', 8747),
(3357, 19, 'Zalasárszeg', 8756),
(3358, 19, 'Zalaszabar', 8743),
(3359, 19, 'Zalaszántó', 8353),
(3360, 18, 'Zalaszegvár', 8476),
(3361, 19, 'Zalaszentbalázs', 8772),
(3362, 19, 'Zalaszentgrót', 8795),
(3363, 19, 'Zalaszentgrót', 8793),
(3364, 19, 'Zalaszentgrót', 8785),
(3365, 19, 'Zalaszentgrót', 8789),
(3366, 19, 'Zalaszentgrót', 8790),
(3367, 19, 'Zalaszentgyörgy', 8994),
(3368, 19, 'Zalaszentiván', 8921),
(3369, 19, 'Zalaszentjakab', 8827),
(3370, 19, 'Zalaszentlászló', 8788),
(3371, 19, 'Zalaszentlőrinc', 8921),
(3372, 19, 'Zalaszentmárton', 8764),
(3373, 19, 'Zalaszentmihály', 8936),
(3374, 19, 'Zalaszombatfa', 8969),
(3375, 2, 'Zaláta', 7839),
(3376, 19, 'Zalatárnok', 8947),
(3377, 19, 'Zalaújlak', 8822),
(3378, 19, 'Zalavár', 8392),
(3379, 19, 'Zalavég', 8792),
(3380, 4, 'Zalkod', 3957),
(3381, 14, 'Zamárdi', 8621),
(3382, 6, 'Zámoly', 8081),
(3383, 18, 'Zánka', 8251),
(3384, 9, 'Zaránk', 3296),
(3385, 16, 'Závod', 7182),
(3386, 19, 'Zebecke', 8957),
(3387, 13, 'Zebegény', 2627),
(3388, 4, 'Zemplénagárd', 3977),
(3389, 2, 'Zengővárkony', 7720),
(3390, 6, 'Zichyújfalu', 8112),
(3391, 14, 'Zics', 8672),
(3392, 4, 'Ziliz', 3794),
(3393, 14, 'Zimány', 7471),
(3394, 18, 'Zirc', 8420),
(3395, 2, 'Zók', 7671),
(3396, 16, 'Zomba', 7173),
(3397, 3, 'Zsadány', 5537),
(3398, 8, 'Zsáka', 4142),
(3399, 13, 'Zsámbék', 2072),
(3400, 13, 'Zsámbok', 2116),
(3401, 1, 'Zsana', 6411),
(3402, 15, 'Zsarolyán', 4961),
(3403, 7, 'Zsebeháza', 9346),
(3404, 17, 'Zsédeny', 9635),
(3405, 14, 'Zselickisfalud', 7477),
(3406, 14, 'Zselickislak', 7400),
(3407, 14, 'Zselicszentpál', 7474),
(3408, 17, 'Zsennye', 9766),
(3409, 7, 'Zsira', 9476),
(3410, 5, 'Zsombó', 6792),
(3411, 4, 'Zsujta', 3897),
(3412, 15, 'Zsurk', 4627),
(3413, 4, 'Zubogy', 3723);

-- --------------------------------------------------------

--
-- Tábla szerkezet ehhez a táblához `conversations`
--

CREATE TABLE `conversations` (
  `id` bigint(20) UNSIGNED NOT NULL,
  `user_one_id` bigint(20) UNSIGNED NOT NULL,
  `user_two_id` bigint(20) UNSIGNED NOT NULL,
  `created_at` timestamp NULL DEFAULT NULL,
  `updated_at` timestamp NULL DEFAULT NULL
) ENGINE=InnoDB DEFAULT CHARSET=utf8mb4 COLLATE=utf8mb4_unicode_ci;

--
-- A tábla adatainak kiíratása `conversations`
--

INSERT INTO `conversations` (`id`, `user_one_id`, `user_two_id`, `created_at`, `updated_at`) VALUES
(1, 2, 7, '2026-04-22 10:38:28', '2026-04-22 10:38:28'),
(2, 4, 7, '2026-04-22 10:38:28', '2026-04-22 10:38:28'),
(3, 6, 8, '2026-04-22 10:38:28', '2026-04-22 10:38:28'),
(4, 3, 6, '2026-04-22 10:38:28', '2026-04-22 10:38:28'),
(5, 5, 7, '2026-04-22 10:38:28', '2026-04-22 10:38:28'),
(6, 4, 8, '2026-04-22 10:38:28', '2026-04-22 10:38:28'),
(7, 5, 6, '2026-04-22 10:38:28', '2026-04-22 10:38:28'),
(8, 1, 3, '2026-04-22 10:38:28', '2026-04-22 10:38:28'),
(9, 4, 5, '2026-04-22 10:38:28', '2026-04-22 10:38:28');

-- --------------------------------------------------------

--
-- Tábla szerkezet ehhez a táblához `counties`
--

CREATE TABLE `counties` (
  `id` bigint(20) UNSIGNED NOT NULL,
  `name` char(50) NOT NULL
) ENGINE=InnoDB DEFAULT CHARSET=utf8mb4 COLLATE=utf8mb4_unicode_ci;

--
-- A tábla adatainak kiíratása `counties`
--

INSERT INTO `counties` (`id`, `name`) VALUES
(1, 'Bács-Kiskun'),
(2, 'Baranya'),
(3, 'Békés'),
(4, 'Borsod-Abaúj-Zemplén'),
(5, 'Csongrád-Csanád'),
(6, 'Fejér'),
(7, 'Győr-Moson-Sopron'),
(8, 'Hajdú-Bihar'),
(9, 'Heves'),
(10, 'Jász-Nagykun-Szolnok'),
(11, 'Komárom-Esztergom'),
(12, 'Nógrád'),
(13, 'Pest'),
(14, 'Somogy'),
(15, 'Szabolcs-Szatmár-Bereg'),
(16, 'Tolna'),
(17, 'Vas'),
(18, 'Veszprém'),
(19, 'Zala');

-- --------------------------------------------------------

--
-- Tábla szerkezet ehhez a táblához `failed_jobs`
--

CREATE TABLE `failed_jobs` (
  `id` bigint(20) UNSIGNED NOT NULL,
  `uuid` varchar(255) NOT NULL,
  `connection` text NOT NULL,
  `queue` text NOT NULL,
  `payload` longtext NOT NULL,
  `exception` longtext NOT NULL,
  `failed_at` timestamp NOT NULL DEFAULT current_timestamp()
) ENGINE=InnoDB DEFAULT CHARSET=utf8mb4 COLLATE=utf8mb4_unicode_ci;

-- --------------------------------------------------------

--
-- Tábla szerkezet ehhez a táblához `jobs`
--

CREATE TABLE `jobs` (
  `id` bigint(20) UNSIGNED NOT NULL,
  `name` varchar(100) NOT NULL,
  `description` text DEFAULT NULL,
  `categories_id` bigint(20) UNSIGNED DEFAULT NULL
) ENGINE=InnoDB DEFAULT CHARSET=utf8mb4 COLLATE=utf8mb4_unicode_ci;

--
-- A tábla adatainak kiíratása `jobs`
--

INSERT INTO `jobs` (`id`, `name`, `description`, `categories_id`) VALUES
(1, 'Other', 'Other services not listed', 1),
(2, 'Accounting', 'Professional bookkeeping, financial records help, and account management.', 2),
(3, 'Admin', 'General administrative assistance for offices or personal tasks.', 2),
(4, 'Alterations', 'Clothing adjustments, resizing, and tailoring services.', 2),
(5, 'Appliances', 'Help with installing, repairing, or troubleshooting home appliances.', 2),
(6, 'Architects', 'Architectural planning, layout drafting, and design assistance.', 7),
(7, 'Assembly', 'General assembly support for furniture and household items.', 3),
(8, 'Bakers', 'Cake, pastry, and bread preparation for events or personal orders.', 8),
(9, 'Barbers', 'Professional haircuts and grooming services.', 5),
(10, 'Bathroom Renovation', 'Bathroom upgrades, fixture installation, and remodeling support.', 2),
(11, 'Beauticians', 'Beauty treatments, skincare, and makeup services.', 5),
(12, 'Bicycle Service', 'Bike repairs, tuning, and maintenance assistance.', 6),
(13, 'Bricklayer', 'Bricklaying and masonry work for construction projects.', 7),
(14, 'Building & Construction', 'General construction tasks, repairs, and structural work.', 7),
(15, 'Business', 'Business support tasks, consulting, and administrative help.', 2),
(16, 'Car Detailing', 'Interior and exterior car cleaning and detailing.', 6),
(17, 'Car Repair', 'Minor automotive repair and troubleshooting services.', 6),
(18, 'Car Service', 'Support with general vehicle checkups and maintenance.', 6),
(19, 'Car Wash', 'Professional car washing services at home or on-site.', 6),
(20, 'Carpentry', 'Woodwork, repairs, and custom furniture-related tasks.', 7),
(21, 'Carpet Cleaning', 'Deep carpet cleaning, stain removal, and refresh services.', 3),
(22, 'Catering', 'Food preparation and serving for events or gatherings.', 8),
(23, 'Chef', 'Personal chef services for meals, events, or meal prep.', 8),
(24, 'Childcare & Safety', 'Supervision and care for children with focus on safety.', 13),
(25, 'Cladding', 'Exterior cladding installation and repair services.', 7),
(26, 'Cleaning', 'General cleaning services for homes or offices.', 3),
(27, 'Clearance Services', 'Decluttering, removing unwanted items, and clearing spaces.', 4),
(28, 'Coaching', 'Support with personal development, skills, or motivation.', 10),
(29, 'Computers & IT', 'Technical support, troubleshooting, and IT setup.', 14),
(30, 'Concreting', 'Concrete pouring, leveling, and small construction projects.', 7),
(31, 'Cooking', 'Meal preparation services for individuals or families.', 8),
(32, 'Counselling & Therapy', 'Personal guidance, wellness, and emotional support sessions.', 5),
(33, 'Courier Services', 'Fast delivery of small packages and documents.', 4),
(34, 'Dance Lessons', 'Personal or group dance instruction.', 10),
(35, 'Decking', 'Deck installation, repairs, and refinishing.', 7),
(36, 'Delivery', 'General item pickup and delivery services.', 4),
(37, 'Design', 'Graphic, interior, or general design support.', 14),
(38, 'Draftsman', 'Technical drawings and plans for architectural projects.', 7),
(39, 'Driving', 'Driving assistance for errands, trips, or transport.', 4),
(40, 'Electricians', 'Electrical troubleshooting, repairs, and installations.', 5),
(41, 'Engraving', 'Custom engraving on metal, wood, or personal items.', 2),
(42, 'Entertainment', 'Entertainment assistance for events and gatherings.', 9),
(43, 'Events', 'Event setup, coordination, and support services.', 9),
(44, 'Fencing', 'Fence installation, repair, and maintenance.', 7),
(45, 'Fitness', 'Personal training and fitness coaching.', 5),
(46, 'Flooring', 'Floor installation, repairs, and refinishing.', 7),
(47, 'Florist', 'Flower arrangement and floral decoration services.', 8),
(48, 'Flower Delivery', 'Delivering fresh flowers for any occasion.', 8),
(49, 'Food Delivery', 'Pickup and delivery of meals from restaurants or stores.', 8),
(50, 'Furniture Assembly', 'Professional furniture assembly for any room.', 3),
(51, 'Gardening', 'General gardening help including planting and trimming.', 12),
(52, 'Gate Installation', 'Installation and repair of home gates or entryways.', 7),
(53, 'Grocery Delivery', 'Personal shopping and delivery of groceries.', 8),
(54, 'Hairdressers', 'Hair styling, cutting, and grooming services.', 5),
(55, 'Handyman', 'General home repairs, fixes, and improvements.', 2),
(56, 'Health & Wellness', 'Wellness coaching and lifestyle support services.', 5),
(57, 'Heating & Cooling', 'HVAC support, thermostat installs, and vent maintenance.', 7),
(58, 'Home & Lifestyle', 'General lifestyle and home-support tasks.', 13),
(59, 'Home Automation and Security', 'Smart home and security system setup.', 2),
(60, 'Home Theatre', 'Home theater setup, wiring, and configuration assistance.', 2),
(61, 'House Cleaning', 'Routine home cleaning and tidying tasks.', 3),
(62, 'Interior Designer', 'Interior decorating and space-planning assistance.', 13),
(63, 'Kitchen Renovation', 'Kitchen upgrades, fixture installation, and remodeling help.', 2),
(64, 'Landscaping', 'Lawn shaping, planting, and outdoor design.', 12),
(65, 'Laundry', 'Laundry washing, folding, and organizing assistance.', 3),
(66, 'Lawn Care', 'Lawn mowing, edging, and general yard upkeep.', 12),
(67, 'Legal Services', 'Legal paperwork and administrative help.', 14),
(68, 'Lessons', 'General tutoring and training services.', 10),
(69, 'Locksmith', 'Lock repair, key cutting, and home entry assistance.', 2),
(70, 'Makeup Artist', 'Professional makeup services for events or photoshoots.', 5),
(71, 'Marketing', 'Marketing support, branding, and promotion tasks.', 14),
(72, 'Martial Arts', 'Private or group martial arts training.', 10),
(73, 'Mechanic', 'General automotive repair and mechanical troubleshooting.', 6),
(74, 'Modelling', 'Modeling assistance for photoshoots or events.', 13),
(75, 'Motorcycle Mechanic', 'Motorcycle repair and maintenance services.', 6),
(76, 'Music Lessons', 'Instrument or vocal coaching and instruction.', 10),
(77, 'Painting', 'Interior and exterior painting services.', 7),
(78, 'Paving', 'Brick and concrete paving installation and maintenance.', 7),
(79, 'Pest Control', 'Inspection and treatment for common pests.', 2),
(80, 'Pet Care', 'General pet care such as feeding and walking.', 11),
(81, 'Photographers', 'Photography for portraits, events, or products.', 9),
(82, 'Plasterer', 'Plastering walls, ceilings, and surface smoothing.', 7),
(83, 'Plumbing', 'General plumbing repairs and installations.', 4),
(84, 'Pool Maintenance', 'Pool cleaning, chemical balancing, and upkeep.', 3),
(85, 'Real Estate', 'Support tasks related to property listings and visits.', 14),
(86, 'Removals', 'Assistance with moving, packing, and lifting.', 4),
(87, 'Roofing', 'Roof repair, inspection, and maintenance work.', 7),
(88, 'Rubbish Removal', 'Pickup and disposal of household or yard waste.', 4),
(89, 'Sharpening', 'Tool and knife sharpening services.', 14),
(90, 'Surveyors', 'Property measurement and survey assistance.', 7),
(91, 'Swimming Lessons', 'Personal swimming instruction for all ages.', 10),
(92, 'Tailors', 'Custom tailoring, adjustments, and clothing repairs.', 2),
(93, 'Tattoo Artists', 'Professional tattoo design and application.', 5),
(94, 'Tiling', 'Tile installation, repair, and alignment.', 7),
(95, 'Tradesman', 'General trade skills and handyman services.', 7),
(96, 'Translation', 'Translation services for documents or conversations.', 10),
(97, 'Tutoring', 'Academic tutoring and study support.', 10),
(98, 'Vehicle Transport', 'Transporting vehicles safely and efficiently.', 4),
(99, 'Wall Hanging and Mounting', 'Mounting shelves, TVs, and wall décor.', 2),
(100, 'Wallpapering', 'Applying, removing, and repairing wallpaper.', 7),
(101, 'Waste Collection & Disposal', 'Responsible waste removal and disposal services.', 4),
(102, 'Waterproofing', 'Waterproofing walls, floors, and surfaces.', 7),
(103, 'Web', 'Web design, setup, or support tasks.', 14),
(104, 'Wedding', 'Wedding assistance, setup, and coordination.', 9),
(105, 'Wheel & Tyre Service', 'Tire changes, balancing, and minor wheel services.', 6),
(106, 'Window Cleaning', 'Streak-free window cleaning inside and outside.', 3),
(107, 'Writing', 'Writing help for content, letters, or documentation.', 14);

-- --------------------------------------------------------

--
-- Tábla szerkezet ehhez a táblához `messages`
--

CREATE TABLE `messages` (
  `id` bigint(20) UNSIGNED NOT NULL,
  `conversation_id` bigint(20) UNSIGNED NOT NULL,
  `sender_id` bigint(20) UNSIGNED NOT NULL,
  `body` text DEFAULT NULL,
  `attachment` varchar(255) DEFAULT NULL,
  `attachment_type` varchar(255) DEFAULT NULL,
  `is_read` tinyint(1) NOT NULL DEFAULT 0,
  `is_deleted` tinyint(1) NOT NULL DEFAULT 0,
  `created_at` timestamp NULL DEFAULT NULL,
  `updated_at` timestamp NULL DEFAULT NULL
) ENGINE=InnoDB DEFAULT CHARSET=utf8mb4 COLLATE=utf8mb4_unicode_ci;

--
-- A tábla adatainak kiíratása `messages`
--

INSERT INTO `messages` (`id`, `conversation_id`, `sender_id`, `body`, `attachment`, `attachment_type`, `is_read`, `is_deleted`, `created_at`, `updated_at`) VALUES
(1, 1, 7, 'eyJpdiI6IlcyeXdYYnBNbXZ3TUpRVlRIYThJVnc9PSIsInZhbHVlIjoiTlVqMDRjbmtYNURac1hQWHdRanJjOU1kYjR6RzZuMm1zdW1MSW1HZVhrcWNCaEFXSnhSL1JnOEtYbC80NzF4ciIsIm1hYyI6IjBjNjQ4MjYzMzFlM2UyNWYyNDNiMjY4N2RhMjhkNGE2MWM0ZDg2YzVhOWM1ZDAwNTI0MzAxYmE4ZWQ3OTQ5YTEiLCJ0YWciOiIifQ==', NULL, NULL, 1, 0, '2026-04-17 21:30:28', '2026-04-22 10:38:28'),
(2, 1, 7, 'eyJpdiI6IncvbUEyRjRka01OSEVib3dTWnpYQnc9PSIsInZhbHVlIjoiRCtyT0p6VUFma2lwbE5ZODM2eHBTVDJCdkhMaDRCZ1VPblp0Q2hidDJuMnVqTFlIMk1FSmU5SG9VbnZ6UjRYRHVNdzdBNWU1ZTBTU2Y4K1llcklrcHc9PSIsIm1hYyI6ImVhODc3NzM0OTg2MTkyYzk5ZTIwYzY2YTgwN2U4OWNjZmQ2MjZmZjg0OThiNDgwNzQ0ZWQyMGM3MmNjNDk2ZTIiLCJ0YWciOiIifQ==', NULL, NULL, 0, 0, '2026-04-19 05:19:28', '2026-04-22 10:38:28'),
(3, 1, 2, 'eyJpdiI6IllHWUlNTXlsUWhnNm1lVklWbTB3dGc9PSIsInZhbHVlIjoieVpzZlFRQzdOUU0vYVBrRmMydG1yc3AvbHVEcEdGRTJNYkZhUjFLOVFYZFN2bEVLY3cvR3hKbmxZeGdNNGx4dGZvNVdTeWZ6UThFRjBHWFNhYkRpQVE9PSIsIm1hYyI6IjBkNTMxOTkxMWJhYWUyNDY2N2MzYzFlMDA2MDNlMmM1OTQxNzMwYzJlZjEwMWU3MmU5MDJiYzkwYTk2MGIxOTIiLCJ0YWciOiIifQ==', NULL, NULL, 1, 0, '2026-04-15 21:40:28', '2026-04-22 10:38:28'),
(4, 1, 7, 'eyJpdiI6IkhjOCtPTitwR1Z2cHVzKzdqazNtWXc9PSIsInZhbHVlIjoiejd0Q0xFTXJEd0c4ZFl2Mkd0NjVvb2R1OUUrUmpPZnFia0lGeEpzazh2RnhNUGFNQnA0TWs2UFN3UERoaTArdSIsIm1hYyI6Ijg2YzA1MDdiMzg3NTc5YjYxYWUzYjcyMjk5OGI3MTg2ODU3MzQwOGY4MWY0OWUyMDJjNDg1OWUxMWJlZWI4ZjMiLCJ0YWciOiIifQ==', NULL, NULL, 0, 0, '2026-04-18 15:30:28', '2026-04-22 10:38:28'),
(5, 1, 2, 'eyJpdiI6IkhKcDdVRnhlNk9jTzF1bnhGb1RhUnc9PSIsInZhbHVlIjoiS2RLYXpvenIxNGdYMVFWWXJ0T1FnU2pNVldYMVNVNW1HeEs0L2o4dUQ4RERzUjhCaXNQUUZmYi9TVXJWUy96Ni81ZFV6d3R1NjNWdU0rOWpnT2t0ZHVBQ29vV2lrVGovUm1hTkhwN0cxalk9IiwibWFjIjoiMjU0ZGYyZWM1ZDhiYjhkODNiNjQyOWQzYmE0NWI1YmRiYmQwZDkzYzgxZmIxNWZiNTI0NjdkMTc5YTkzNzgxOSIsInRhZyI6IiJ9', NULL, NULL, 1, 0, '2026-04-21 06:10:28', '2026-04-22 10:38:28'),
(6, 1, 7, 'eyJpdiI6IkpIQ05jUjZrMlpJZUJqVXFtckxubWc9PSIsInZhbHVlIjoicUcxZVFuQjNXdkpqSXl0NlFrOHh2TzArZUNKN1A5WkZNRGFYVHRvU0hpUDlpY2p0SDRlUklSd01TcjdCQjU0aTVjV1hON1FDZ2lSVFBlQW0yMG9pMVNVUmdhS2JIWlk2aUk2VkZyT1BjMmc9IiwibWFjIjoiNDI1NDk5OWRhNjI4YzMxY2QxOTUxYjFmNmRlOTRjMDdmMjlmYWVkOGVmMDUxZDNkYWMwMTc3NjA1OWFiMmM2NCIsInRhZyI6IiJ9', NULL, NULL, 1, 0, '2026-04-21 18:36:28', '2026-04-22 10:38:28'),
(7, 1, 2, 'eyJpdiI6ImZUdzh1bC9aMUx5OEU5emlYbDdWc0E9PSIsInZhbHVlIjoiVGVDcU02QmRQTkNoeWdYMjZnT2lRZE5RMXIvdTVSVjBvZFdBNGFOMVhQbUI1UXJ0RHF0Z2xaSnFRUVNIMGJqUVlHRW5qaUpldnh0OEhwVHlRQ1ZScEE9PSIsIm1hYyI6IjVmZjc5MWVkYWJmMDQ5NmUwOTY5MmM5MGEyNmU1NTNlNmZkMDQzMWM3YWI1MjVhMGMwYWU4MTc2NjAyNjM1YzgiLCJ0YWciOiIifQ==', NULL, NULL, 1, 0, '2026-04-19 17:19:28', '2026-04-22 10:38:28'),
(8, 2, 4, 'eyJpdiI6IndUazhMTURhL1V1L2YrSVo4Uk5ER0E9PSIsInZhbHVlIjoieFg1aVpKNkFMUGVMeUJMOEFDK3l4cmJPdzFLQnRBVUtuU3o0Z3pTS3FncTVYUG9uZ3ZnYnAwbWNWeTRqV2hobSIsIm1hYyI6IjJmNzA5YmU0MmQ1ZGViMmRlZDNmNDNjYjZlOThjNjUwN2M4YTY3OTRkYTRhODIzNjg3MTNkNzA0Yzg2YThhOGQiLCJ0YWciOiIifQ==', NULL, NULL, 0, 0, '2026-04-17 15:53:28', '2026-04-22 10:38:28'),
(9, 2, 7, 'eyJpdiI6ImlVSXVRaThyS1A2N0hxWXNIR3hHNXc9PSIsInZhbHVlIjoiQ2ZWdE1TRm1tSHRKbUNwRGtSVXZ2VXZOSE9ZSGM5MjA0ZEFkN0F1V25OVzd1aldidXRndDhKKzlaNXdnWURabSIsIm1hYyI6IjE2MjJlNTU2YjE0YWJiZjM0ODhiZDMzODM5MjNmYjMwNTlkMzBmYjYxMmE1OGRjODdkZDYzZGQwNGUzNGU3MmEiLCJ0YWciOiIifQ==', NULL, NULL, 1, 0, '2026-04-19 23:34:28', '2026-04-22 10:38:28'),
(10, 2, 7, 'eyJpdiI6IkppU3plaFY4UjBMNWVEQy9lSGVMVVE9PSIsInZhbHVlIjoid2VlcDNDWDIxR0lOZHRkMUROb1BnSTlSaWN0cXNkRjZDaXJ6cXdTdjRHd3pJaElkTi81enJOWXkxNkdOUEszYzExUWZMdVJqNCs5ZWt5RGY3ZEw2UzVTeUkzV01PaFR6L0xramdNSlNTa009IiwibWFjIjoiNzRhYjc2YThkYzFkOWM3MDVmNDFlNTE3Nzk0YjkyMzQ1ZWQ4NTZlNTZiY2I3ZmI1NWVhMDA3NzI3ODk5OTdiYyIsInRhZyI6IiJ9', NULL, NULL, 1, 0, '2026-04-16 00:48:28', '2026-04-22 10:38:28'),
(11, 2, 7, 'eyJpdiI6IklEM1BUOWg3Q1BWYjdDWTJRVTBQK2c9PSIsInZhbHVlIjoiWjlhRjAxd2gvcm9jOWxudzZzTnpIaDJRWGxTVW1sZGtxRFZUUXBFK2ErSGgzY29BWW9BaVp2TmZWa0cvcjd3MCIsIm1hYyI6Ijk3NGM1NzliZDRhYTkwNTM0MTljYWE3YjcwZjIzN2ZiMjc3ZTVlMzFjZTUxMmM2YTI0ZjQyZjk4NjVlMWI3NzgiLCJ0YWciOiIifQ==', NULL, NULL, 1, 0, '2026-04-21 06:11:28', '2026-04-22 10:38:28'),
(12, 1, 2, 'eyJpdiI6InNZTU5kSTZaSllFSlhWRXVMN2lvN2c9PSIsInZhbHVlIjoiZXcxUkkza0d3MjRnMmw4Y1k0eVo0WXZQNzhBU3M4bXVvdkFORjJMTjRuN3BrdnplZjJMY1UrQmZXelJZank4STg3WVJOL2lTK1V3SHdRaUI1MlFUaHAyRktaNFg0eVNqbWpPV29jbUFiVm89IiwibWFjIjoiNTFhYTQ3ODc1NTdiNTgxNmYwMGRlNzM4MjQzYjAzOTdjMzQxY2NlZjRhNThiZDE4YThhYTZhMzExMGZhNDhkMCIsInRhZyI6IiJ9', NULL, NULL, 0, 0, '2026-04-15 12:42:28', '2026-04-22 10:38:28'),
(13, 1, 7, 'eyJpdiI6ImlyYjcyQ2NhWVVMMmNzRjJnanJUNlE9PSIsInZhbHVlIjoiN1dkN0U0eFhMUVhRenFGVlcwSmUwb2ZrMkJuTTJaMUwvT2ZlWUpjRjk0Mm0rZ0ZCcGhZUU9oTEdWU2xidG4zQ1d6aGtDL0NnTHBPdFVWSUYxQm5ySlE9PSIsIm1hYyI6IjY2MGRkY2Y4NjVjZWY4YTQwM2IzY2IzNTc0M2ZlNTM0MDRjZmRjZmU3ZjRhZGU4YTM0Nzc1ZDI4NGRlM2IwZWIiLCJ0YWciOiIifQ==', NULL, NULL, 0, 0, '2026-04-22 09:20:28', '2026-04-22 10:38:28'),
(14, 1, 7, 'eyJpdiI6IjhrNDBOTERWVzQwWlBMYk9uS2ZTRmc9PSIsInZhbHVlIjoieGtySVMrazEraXJJYlRoWHBhaTRmcVR6dThjUGw2emIzRTBTdCt3V2lxNVo5Z3lTczFuYzVFQzgxQVArQlZTT1JHKzU5N1FKMENZZDk5TnlpT3pDdmc9PSIsIm1hYyI6ImFkODQwNzU4MmQ0ZTczMDczOTc2ZDQxMzI3YTkyOWM0NTFhZDc4YTI1MWNhYmQ1MWIwOTlhN2FlNWU1ODJhMDQiLCJ0YWciOiIifQ==', NULL, NULL, 0, 0, '2026-04-16 23:05:28', '2026-04-22 10:38:28'),
(15, 1, 7, 'eyJpdiI6InVnQm84ZUFNRHZHVmRUK3NEb0xDNkE9PSIsInZhbHVlIjoiSFdhb0tNbWdDZnBFSHd4SitvTSt5UnFrQTZraDFzdGZRVXdZWGp6RlRuN25JbWo3a2FPak9mdmh5S08rcWhOMiIsIm1hYyI6IjhlYjNhMDFhYTQ0NDA1NmQ0NWIyMDA5YjJlNDVkNWIxMzQ1NGJjMzUzZjRlNzI0NWVmZDUyMzA2ZWE1MmY3NmQiLCJ0YWciOiIifQ==', NULL, NULL, 1, 0, '2026-04-18 23:34:28', '2026-04-22 10:38:28'),
(16, 1, 7, 'eyJpdiI6ImFhT1JtNm1DV0NCcFRpa2hmS2gxVWc9PSIsInZhbHVlIjoiZUptOFVDbHR2WXdtd01SRm1Ba0RtcFZENkxTQ0R5WVVpejFrRHFVdmZlcWN5WU1EcG11V29xYjNPNWNVUGtWNTlBOStVNStHdnNWNHNVQkZQOEk1V3c9PSIsIm1hYyI6ImIwOTEwMjA3MmFlMmI5MGM2ZTlhODZlNDAwMTk0MjM4MjIwZmVlMDQyZDlkNGIyZDE1YTIzNTczMTIwNmIxNWIiLCJ0YWciOiIifQ==', NULL, NULL, 1, 0, '2026-04-16 05:41:28', '2026-04-22 10:38:28'),
(17, 1, 2, 'eyJpdiI6IjFocUlxV2RPWjNqTUl5aVNyQzA1ZEE9PSIsInZhbHVlIjoiNVRwNm85R0RnMnZFUjNPYVFuZkRVbkluUzUzNW9rYXcrZVNvODZHdkQ1N3dIVEl5bDQzSTFMQjc1WjFSLzJsVUhFbWNqcnBpUXQ2QzJqdVU5ZTNES1JTZDBMMUFzUnNjVkhlNS9GWU15RVk9IiwibWFjIjoiNTc2OThiYWIwZjFkYjgxY2U3ODdiMTJlZjkzM2QxYzAyNTdmMzYyYTUxYWEzYWYzZTUxNTNjNjZkNjg2OWNkOCIsInRhZyI6IiJ9', NULL, NULL, 1, 0, '2026-04-21 14:54:28', '2026-04-22 10:38:28'),
(18, 1, 7, 'eyJpdiI6InY0TGZDcDFmMmZSSUoxSGkvaHZBc2c9PSIsInZhbHVlIjoiUTMyckRWcGdkSDF0UGQ4OSs0UmFYWE4rNHVpbnd2ZzRCQ3puUzdpbTFScjZuS1VTN0ZmOFFCaGNySE94Q0ZIRWVTbjNWZkV4RFpaT2F5blY2NWU4SGc9PSIsIm1hYyI6ImFmZjZjNGFlZjE2Mjg5OTg4ZGMxOWMxZDI0MDU3NDllOGY3OTAwODJlMWFmN2NlYzRhY2VkZjllNmM3YjVmMDciLCJ0YWciOiIifQ==', NULL, NULL, 1, 0, '2026-04-21 03:14:28', '2026-04-22 10:38:28'),
(19, 1, 7, 'eyJpdiI6ImtIYUdsZ1lKR2FEMlZCaWxrcGt0Vmc9PSIsInZhbHVlIjoiWXRnZ3pMVFFUMkhycVRuRnEyM3J1QmVZa21helJQZTNRQ3dFc0g5QjNwZzdQR1hLcDBsbWJyc1VFeEFJQk9DNCIsIm1hYyI6IjlkMjg5OTBhYzU2ZjgzZGY2YWI2N2EzYTJhNTBmNzdmZDZhNjcwMWEzMzI5NmVmNTZkOTY5MDlkMjBiMDc4YmIiLCJ0YWciOiIifQ==', NULL, NULL, 0, 0, '2026-04-20 12:46:28', '2026-04-22 10:38:28'),
(20, 1, 7, 'eyJpdiI6InM0Tzl2aU9rdVVZV2w4bVNlNE9vNUE9PSIsInZhbHVlIjoiK2pkdVZzZUdxNnpTbGEyYW15T1hHWlFWT1EvV3BZOXNSQmxGU1Q0NEV0TjhETGJ0QmJ1Y0ZXTHU0UVVPWG1SaUYrczRrVndVeVgvLzh6cHhvMVdmSUE9PSIsIm1hYyI6IjQwZGFmOWMzYjBhZTE4YjVjYzNkZmZkY2ZjYTNlNjZjNzgyYjg1NTk3ZjYwMzI4N2IwZDRkYWJmZjM2NjI3YTQiLCJ0YWciOiIifQ==', NULL, NULL, 0, 0, '2026-04-21 02:00:28', '2026-04-22 10:38:28'),
(21, 1, 7, 'eyJpdiI6Ikt1M2xYNEdlRzQ2NlhPNGJENHJ1Ync9PSIsInZhbHVlIjoib2pPdDFLSU9SRmZDY1VLdUd0aHNPUXJmK1UzdzFDOWMraTRrSGZjZ1lNUVVFNWxuL3UvcWhCNUx6R3JLeFc5ViIsIm1hYyI6Ijc0MTdmYTQwYzljZmQ1ZGYwMzU0ZGZhNzNmYTJmMDVlZjA4YWM2N2JmZDA0NTQ5MzNjMjE1YjhlNDAwMDhhMjkiLCJ0YWciOiIifQ==', NULL, NULL, 1, 0, '2026-04-20 20:48:28', '2026-04-22 10:38:28'),
(22, 3, 8, 'eyJpdiI6ImRDSy9UWVNvWlVKZlJGcWhoVWJPN1E9PSIsInZhbHVlIjoiSnVoYjBaTzFVWUs4N0tHdXhsaEhDMUNxaHFCQjQrUmNFcFExTW1PajczTWhyQVNvak1sTmpNSHZ4UjNVdnBCSSIsIm1hYyI6IjYyM2Q4NWFiMjZiMzdlMjkxZTRmNzM1NGVlOGM0ZTFhYzY2MmMzM2U0Y2I4MDIyM2RjZDYxYzEzYzU4MjI1NmYiLCJ0YWciOiIifQ==', NULL, NULL, 0, 0, '2026-04-21 09:17:28', '2026-04-22 10:38:28'),
(23, 3, 8, 'eyJpdiI6IkdhcGtET1ZvSDNheHRZSHNUTVg2eEE9PSIsInZhbHVlIjoiYkNONlhxT1VrM2srWmRlSW50Y1BSZE5iZUtXL1hXcTdYMGdiekZVL25BckRKbi8rekVCd2RQeTBWWHFvZ2h5cnFiaFlFMm5KR0NpTGdOY1IyRkxmTUFkQlAvNHpENTI0T1h4SUpNalhhMzg9IiwibWFjIjoiYzMyNDAyMmY2YmFiMjkyZWRkZDk4YTJmMmRiYmNhNmY3ZjdhMTM1MDkzYWQ1MzM1NmFkMWNlNzZiNWNkODYwOSIsInRhZyI6IiJ9', NULL, NULL, 1, 0, '2026-04-19 16:14:28', '2026-04-22 10:38:28'),
(24, 3, 6, 'eyJpdiI6IlFnYXpzeEJMNEVmRmYvNkQ1ZUxWbFE9PSIsInZhbHVlIjoib3RyNGRidTRPbUxVRXhualc4amhUQmFHT3cvNE0rTHR5WWxFZEpma1hRSkRsNnZmbTV4U0pnbHNrT3BCUnQ1WHlOdnI2b1U2TXhpcGZOdUxCbDhYWXc9PSIsIm1hYyI6IjhmZDAwYWM1ZjI5OTI4MjRkODgyYTk2Y2Y0ZThjMWZjMDE1MjZlMjU4NWRmM2ZkYTVkMjI2NTVlMmU5NGQ4ZjQiLCJ0YWciOiIifQ==', NULL, NULL, 1, 0, '2026-04-16 10:16:28', '2026-04-22 10:38:28'),
(25, 3, 6, 'eyJpdiI6IlA3MjJiUjVtM3ZOY1NyZmdKelhHSUE9PSIsInZhbHVlIjoiN0VsSFdtaHRueHdndlIvY2dGV0htL2tSWnV1T0VTb0x3Y1ljQk1meEltTm9BYmFFWnJGWWhLcEJmZ0ZPWTNMbSIsIm1hYyI6ImZjNjRlNWUxMDhmYTcwOTg5OTkzZGRmNGZlNTQxZTExZTk0ODE2ZDA3NzJhZTZiMzVmNDlmYzkxNGM1MjJhOGIiLCJ0YWciOiIifQ==', NULL, NULL, 1, 0, '2026-04-17 19:44:28', '2026-04-22 10:38:28'),
(26, 3, 8, 'eyJpdiI6IkRsblpxZkZrY3VRRDlPbzM2R2I4MEE9PSIsInZhbHVlIjoiMFVVVG0rb3Zjd0JJK0IrL1VubW45dTU2am83b3h1SlhuVTdnak9GRTViUVNtK25Pejh4Yk1GZlJ1N3FQSkg2ZiIsIm1hYyI6IjNkNjRlYmQxNmQ4NmM5Mzg3NzcyZmJmYjBlNzE1NzE2YjcwYzljNmNiYWY5ZjRiOWM5ZGIyZmMzNzNmYWM2M2UiLCJ0YWciOiIifQ==', NULL, NULL, 0, 0, '2026-04-16 02:49:28', '2026-04-22 10:38:28'),
(27, 3, 6, 'eyJpdiI6ImpIbmZJZ1Q4UlFYNzB1ZVQwY1dsNWc9PSIsInZhbHVlIjoiaC85dGlvVTZMM0FYNkc5c3JmV2lzNGI1ZjZqVUpJQk5KcEpLYlZMUWlpbEEySXJ6blJNUnErOVV5WGIxOTJRRlJ3aFpzZmRBZmVTd0ZKTEREMzExRUE9PSIsIm1hYyI6ImQwYjk1OTg3NDU0ZGJkZWZmN2I4NTI3Zjg2MzNlODdmMTUwZWI1MGEzODNlMjRjZTJmYjMzZDRiMzM3ZTZkNDMiLCJ0YWciOiIifQ==', NULL, NULL, 1, 0, '2026-04-15 22:39:28', '2026-04-22 10:38:28'),
(28, 3, 6, 'eyJpdiI6IlZXRWhZSW5OY3RpQldSMUV0NG5WeGc9PSIsInZhbHVlIjoiK1VzTzJKNVlzTEhyQnNRbENmb3FQYVphRWpnRGtFL0k0eElreU14aDBIZ0hQTHJMbWlVOTlwZjdJK2l1RStQQyIsIm1hYyI6IjcxNGM2OTE0MWFmY2I2MjgxOTIxYWFjZWI3M2E0ZDdiNjQ0NGUwNDQ4Mzc5M2NiNTZiYzJkZDBkN2U3M2YyZWQiLCJ0YWciOiIifQ==', NULL, NULL, 1, 0, '2026-04-15 16:13:28', '2026-04-22 10:38:28'),
(29, 3, 8, 'eyJpdiI6Ik5pZmpmelBvalJNemViWnI2OURwNHc9PSIsInZhbHVlIjoiVnpiMGI5SG9IRXY0czJxY2ZQRjVUcVVqSDZNazMzK2dDSUI3Y2ZxMG4wUnZrSENxWG43ZWdGWEhDYzRnaHVGQWM2Z0FCZThiQVNzOSs0WStmZ2Zpd0E9PSIsIm1hYyI6ImM3Y2ZiZjc0OWJkMzQ2OWFlYTg4N2VmYjZlNmQwZTBmYjRhNjljZWIzMTRlYmU3NzlhMDAxNzM5MWIwYWRkNTQiLCJ0YWciOiIifQ==', NULL, NULL, 1, 0, '2026-04-19 18:09:28', '2026-04-22 10:38:28'),
(30, 4, 6, 'eyJpdiI6IlRYRXY0RFUweFViRkcyS2FOamhlWFE9PSIsInZhbHVlIjoidHBCbzVmc1E0Q2xWN1VRWHB6OERJUldVK1ZTK1NDNVFvNGpoQjkxamRLNnVpYUp0RzlRcjQwLzlzQzRnekFSNCIsIm1hYyI6IjRjNDVkNzgyZWU3NDBiMDg3ZDE2YzEzODNkMjlmZjUzZmZhNzAwZjFjYzJmNWYyODM4ZDI4OTNjNjdmMmNjYmYiLCJ0YWciOiIifQ==', NULL, NULL, 1, 0, '2026-04-19 07:51:28', '2026-04-22 10:38:28'),
(31, 4, 3, 'eyJpdiI6IkpTQlVKaXBJN2V5NDNFQ0FVbWFzWmc9PSIsInZhbHVlIjoiem5BNnpCbEpkbmlZY2M4VjlNTWw3WnJWb20xT1FTQ3NwQklVTTFXVFMzbFplZHZTYThlUy82dHFiT2Zwbjh5OCIsIm1hYyI6ImUyY2U2YjcxMThhOGY3Y2RhYmE4OTQyOTk4YjQ1N2NjZGRmNjNkMjcwZmI5MThhYTljNWMxMDgwNjQyYjczMzEiLCJ0YWciOiIifQ==', NULL, NULL, 1, 0, '2026-04-15 15:20:28', '2026-04-22 10:38:28'),
(32, 4, 6, 'eyJpdiI6Ik1vb0RRRXhYK3dMZW1PWTYyMkJuanc9PSIsInZhbHVlIjoiNjlvTjBVWmU5ODdZMDdiS2wxU2phd1owS2RXdW5wMDdEaGdYcDlFbGhVeUl6SEtzNmIyV0ZaSjI5b0xIdTN2MiIsIm1hYyI6IjQwNGFjMzA1ODY1ZTM0ZDE2YmVlOGRiNmY4MTUxMTA1ZTFiMjY4MGFhYWY3ODYxZDUxNjUxYWVjMTU0OWI1ZGUiLCJ0YWciOiIifQ==', NULL, NULL, 1, 0, '2026-04-16 09:39:28', '2026-04-22 10:38:28'),
(33, 4, 6, 'eyJpdiI6IkxaMjg0UEFQSGEycTI5VVlhTk92TFE9PSIsInZhbHVlIjoiWjRqNHVTa1JIY0NOZzNMWnJJZERPcEY5U3FMSnpmQytyc0NkQm9SS3o3U3hGQUNta0xoZGYvVkJmWTQ0bEVEd1owUDdHTThKSnB2SGxOVWVjOTBiN2c9PSIsIm1hYyI6ImIzMjliNTE4MjMxODZlYjAwZmVmZGVkMzM0ZGFjOThiNmJmOGE5NTExZWRhOWM0Zjc3NDA2MWU0Njg2NzVkMzUiLCJ0YWciOiIifQ==', NULL, NULL, 1, 0, '2026-04-20 14:21:28', '2026-04-22 10:38:28'),
(34, 4, 3, 'eyJpdiI6InFSbitmOVRmdzNjMExJR1Fuek1lTGc9PSIsInZhbHVlIjoiVFVQdDczM2VUa3Jjb29mYWNKdzhOSGxYTmFDRGFndUlRd1M3OHBJK2UzN1dIYzFLRG50Z295T2NKZ29WNkhEZiIsIm1hYyI6ImUwZmRjNmZiZWVjNzZhNzRjNGI3MTI4OTA0ODk5MWMyNjE4MTAzZGFkYTliMTA4MTZmNTcxZDk1NzM3NTNlY2MiLCJ0YWciOiIifQ==', NULL, NULL, 1, 0, '2026-04-20 09:03:28', '2026-04-22 10:38:28'),
(35, 5, 5, 'eyJpdiI6IkJkRzdFZnBvK3RSSnFYcVpmUW04WHc9PSIsInZhbHVlIjoiU2lxb1FHYjk0dVczY3FaS2F5azdnMTJzZXQ2NzZBOFV1bTF5cDJKeUtEaHc4Nm5KQjQrZnBKYTlYQ2pGVzlWQmhQdVhqakZGUTFEV292VWJ4VjIwRDhrWFFIQjJ6c3owVFFBeGV2SktSRms9IiwibWFjIjoiMjlhNTFhOTkzZDg4OWZjNGY1ZDI2ZTc5ODYzODE0NzRkODgzN2Y3ZTI5YWY2MWQwMDExNDRlNTkxYmRhNTlkNCIsInRhZyI6IiJ9', NULL, NULL, 0, 0, '2026-04-21 18:20:28', '2026-04-22 10:38:28'),
(36, 5, 7, 'eyJpdiI6ImRNbFNCbEpwRGs1dzlYSGZzQkhKbEE9PSIsInZhbHVlIjoidmpaak9zMEJtem5YRXdZcXR3eEpwQlVJdWYwbXZmaEF1Vnp2ekIydFh6bkcvRDZQVVZxam5hdW9ib2dlRkYvL3ZEekpUMzBuOVYxVTRJWUFqcWNlWWFveUVVSm9xM2M1bEFWNEVTOXNmajg9IiwibWFjIjoiOTNkYmM1NzNjZGM2OTM5MDJmZmJlYmM4NDEwMDMxZTZlNmJkNmUyZTBkODYyMTZkODU2NzQwZTc4ZjVkMDVjNSIsInRhZyI6IiJ9', NULL, NULL, 0, 0, '2026-04-15 17:46:28', '2026-04-22 10:38:28'),
(37, 5, 7, 'eyJpdiI6Imxsd1pMRkl5Q1pSek42VG5FZjNKQ0E9PSIsInZhbHVlIjoiaGV4ZWJ0c2dPRC9jQUNSSURmelBxYmdLTjVLZ2NEbmdoa3FXaml1KzRMUkZFTy9mQ0hWYzBhQW9QcXJUWjFwTjRxRDR1WFE4U211SXRFUHJ0TU92RHc9PSIsIm1hYyI6ImYxZjg3ZjE3OGIwMTRhMWI5NWVlNTI4ZTk1Mjc4MjhkYTg0Yzg1ZTc0OGQ0MWMyZTNlMmMxMWI5MTQyOTY3NjMiLCJ0YWciOiIifQ==', NULL, NULL, 1, 0, '2026-04-20 14:55:28', '2026-04-22 10:38:28'),
(38, 5, 5, 'eyJpdiI6IlRJak5YZ3hOblQvQXJUOW9kUVpYNVE9PSIsInZhbHVlIjoidEFCU0JZTlZ0bGxCeVFDSDdtQ2dxbld2aCszQUdaTS8rNUJ6aW9taG5aVFR3MHJibUZCUmR1aE05RVdUdTVZRk9VcjV6TU5INFYvcGc1ZWJLWG1SSnc9PSIsIm1hYyI6IjdhOTk2YzM0MDU1NjRlMThjZjk5Yzg2MmEyMTM3MmVhMmYxZmViOTM2MTQwNzQwZmM5NWU2OTUwNDZiNWZiNDkiLCJ0YWciOiIifQ==', NULL, NULL, 1, 0, '2026-04-18 01:37:28', '2026-04-22 10:38:28'),
(39, 5, 7, 'eyJpdiI6IjVrNDJIRUIvQ2MvQldOUFBMOHM4dFE9PSIsInZhbHVlIjoiQm0yZlhnNUl2Y0tYcEplU1BJbkcwOFZhSjF6Ly9WWC9iTS9pM29pRkV4WVlXN0JYTkU4dkJWWXBNYmp0dlhncCIsIm1hYyI6IjBkYTk3YjY5OWViOWY3ZWY2MTg4Yzk1OWZiNzZiMjUyM2U4MmFiYmQ5NzJkNGNhYzU5MzhhYTBmNjMzNDA2YjUiLCJ0YWciOiIifQ==', NULL, NULL, 1, 0, '2026-04-17 00:59:28', '2026-04-22 10:38:28'),
(40, 5, 7, 'eyJpdiI6Im1xcXFTMWZDQ0NvZE56Q2k3L0RSRXc9PSIsInZhbHVlIjoiMVlXc00zRlBmSnF1bW95WjFmRXk5b2Vmem1xQ2k3bHFWbWJZSWxQTFhPemRweU1mVUNyemVxK3BXOWFQbWdCTyIsIm1hYyI6ImU0ZDIyYmQ5MTE0N2Q4OTU4MGJkYmRjNjgxMzBlYjhhYTM4ZDNmNzdkMTZjNjQ4YTgyMTRkMDM0NjlmYjk1NGYiLCJ0YWciOiIifQ==', NULL, NULL, 1, 0, '2026-04-18 10:12:28', '2026-04-22 10:38:28'),
(41, 5, 7, 'eyJpdiI6IlI4Tkl4SzVDYzk1RHZ5dzU1c3NJTFE9PSIsInZhbHVlIjoiL0FESDdvK1haWjFabXJkbzJ0aDVndzZVWDBlS2hEMVFLeDMvNXhOczRJenVLZUxZMWNKL2V0NkRHZGd2Ung0RSsvK2d1NTdCTGZvQWN0cE5BMEhIeUE9PSIsIm1hYyI6ImMyOTJkNGVlNWJmOTZjNzc4NDZlNWYxYjdkNWVkMDRhODdmODRkNDFhY2ZmMDRkYTFmZTMxZmU0M2RmMWZhN2QiLCJ0YWciOiIifQ==', NULL, NULL, 1, 0, '2026-04-21 10:21:28', '2026-04-22 10:38:28'),
(42, 6, 4, 'eyJpdiI6ImJyWXhpSTc1dVV4dGFDU2xkN3hON3c9PSIsInZhbHVlIjoiZmVXM2ozYWp3Mi9xNUVqVDBhTlhSa1dhTGwyZHBlZmJtcFNQRnJtbnNhRC9VcFRyakRDNVNucWxnQ0NaT1VEQ1I3bVVZUGlyOC9XMVdXQ01jWTJRQXc9PSIsIm1hYyI6IjExNjBiMmRhODhlYmQ2YmIwZGFjODNkYTg5M2UwYTcyNjk1ZDQxNGFkNjIxN2I4NmE0MTY5ZTQ2MTdhMGQ2NzgiLCJ0YWciOiIifQ==', NULL, NULL, 1, 0, '2026-04-18 09:43:28', '2026-04-22 10:38:28'),
(43, 6, 4, 'eyJpdiI6InZsbUU2N3JlM0hhR3JhS2g1S1FLc3c9PSIsInZhbHVlIjoienhQK0QwWWdkaWY5UHhZMzhsbUJ1THBBdjY3SlFFSlp1eDhiMXk2a3ZMVlU2RWNJUk1tRWRuSnlEb045V2dWRno4MnUxVGJ2RXFPcUVsbVo5VGgvWFE9PSIsIm1hYyI6IjYzNTVkYmQ0NmY2NzBlOWZmYjgwNTIzN2Q1MWQ2YThiODJhMDNiZTk2NzYxMjUzZmQ0YzNiZTA1MjU2NmJlMzYiLCJ0YWciOiIifQ==', NULL, NULL, 1, 0, '2026-04-18 01:56:28', '2026-04-22 10:38:28'),
(44, 6, 4, 'eyJpdiI6ImJsYjFaendPdDc5UzM3eTFtK05QWWc9PSIsInZhbHVlIjoiRU9sT1Q3M1A1U2F1WG1lUGErdUFsWlU0d2g3UkZ6eHRiT3k2Y3hJTytDcGVyZldTd2pLaHdSU3ZnajVEc29WcyIsIm1hYyI6IjFhNmM2Njk0ZTAxMTU0OTJlYTA0YjE1MjI1NGFlNGQ1Y2QyMzVmMTgzMjllNGM4ZmYwYzkzY2Y5NmMwOTZiZjIiLCJ0YWciOiIifQ==', NULL, NULL, 1, 0, '2026-04-15 14:33:28', '2026-04-22 10:38:28'),
(45, 6, 8, 'eyJpdiI6Iks2L2w5SGk4RUhnV05uelRjOUVXdUE9PSIsInZhbHVlIjoiMDVLWlJ0WWg2ZktUcGIzWnpUUm1tRk1rdnkxKy9GaXUrNXEyeFZrK3paMFdnYWVxbzhYaEFvUmtaeUhic3l0emlJbUhjUnYvNmY5WmdjTmR2RXI1elE9PSIsIm1hYyI6IjFmMTBhM2E0NzNmODY0NzM1Y2Y1OTZjMzZmNDczNGZlNWFmMjIwMWIzNTcxZjQyYjJiZmY4ZDVkNThjMDdjNzUiLCJ0YWciOiIifQ==', NULL, NULL, 1, 0, '2026-04-15 13:00:28', '2026-04-22 10:38:28'),
(46, 6, 8, 'eyJpdiI6IkNRT1YwdUlsbEkzcTc1bzdSRjFETkE9PSIsInZhbHVlIjoia3pDWUVqMk9ZY0VqaDkwUy8zU0N0SFpydVdUc1RPampnckxTeVExMmZTTjhuOG1WVE8yOGphdTBPMU1GVFkrdUdzSkFtQ01Nc2N0VUZ5WFI3T2I5d1E9PSIsIm1hYyI6IjZiMzgyMDY4NGM4ZGMwNjc2MGMyMzkxYmI2OGJlOWFiNTQ0NmM4NDIyYmE4M2EyMTExZGI0YmNhMjVmYmI4YWUiLCJ0YWciOiIifQ==', NULL, NULL, 1, 0, '2026-04-22 01:41:28', '2026-04-22 10:38:28'),
(47, 6, 8, 'eyJpdiI6ImhMVlhXUUlpWDFwNUV1bUNNSGZlL3c9PSIsInZhbHVlIjoiTGhXdUx3MkFvbHNnTXJLZCs3b0o3RkM2cVpSRGZ1ci84QlJQcnVsc3BBZGREL0hxT1dmaUROU1RsQUxadFpXeWRtQ01uMW5yeDQ5aE9EelBEakl2cEE9PSIsIm1hYyI6ImY1MDg4MTEwYTNmMzM5YTk3NzUxYjlhY2ExNDJiMDZiYTZjNDAyN2Q2MGUzM2EwM2U4ZmI5MmM4OTJjN2QyZTUiLCJ0YWciOiIifQ==', NULL, NULL, 1, 0, '2026-04-19 13:15:28', '2026-04-22 10:38:28'),
(48, 7, 6, 'eyJpdiI6IlpXcFRkLzhITGlROHhsRTVaeWhWdlE9PSIsInZhbHVlIjoibDBvNndpSzl4SUdxZjA2TkVKU2VEM2dMWjZsU3krT0FPMWxZYzdQeE9HRlBxTlNrN2Iva216NVRrL2NNWWxJMk5LaEFkMzFVczArSU5McTBBYjJxdEE9PSIsIm1hYyI6IjRiOGY4ZTc4MjE0MmY3NzZlOTAyNmQzMDczMzU4ODc3OWMzZDcwZWUzZTdlMjFmNTFiMjVkMjFkM2QyMDhkNDUiLCJ0YWciOiIifQ==', NULL, NULL, 1, 0, '2026-04-21 06:34:28', '2026-04-22 10:38:28'),
(49, 7, 5, 'eyJpdiI6InY0b3FGbjdsMGpkMHBud0dWbndnYXc9PSIsInZhbHVlIjoiYkEzUzE2aUlhcEpIVHFDZXVQQTdBWFpVWWVGWEFlb0Q4VnJWMHZGa3dkbGZmcEY5THZMVzNRNnBRd1hMc0RBZmJhVmhzMTlMMTBleGdibUw5MW9FeWQ4UytCeWdQREp3YVYwdjd5dWxjZjA9IiwibWFjIjoiZTdjNzBjMjYwOWUxODMwY2YwNDMyNTA3ODYxMzI5ZTE0ODc0YTI1YjRmZjViNGVhZDJlNmQ5NTljYzM2OTZhOCIsInRhZyI6IiJ9', NULL, NULL, 0, 0, '2026-04-17 16:53:28', '2026-04-22 10:38:28'),
(50, 7, 6, 'eyJpdiI6IlVoeEdkb3d4YnU5cGFuOGdodFNBTnc9PSIsInZhbHVlIjoiRE1Pc0FBNVVqSzFmV25jUzZLcDZhTFMrZDUzRmpocmppNDNhWnhuVkQ0cGRBYW83U3gvSDc3WUNQK08raE1VbTBGY0J2Q0Nmbms4Y1MyaThPR0orSmc9PSIsIm1hYyI6IjgzNTU1YzM4ZGFlNmI4MWI3ZDkyM2JhNzViY2Q0NmJiNzg0OGJkZTBmOWEzM2YzYmVhNDBjNzI3MDFiMTExNTYiLCJ0YWciOiIifQ==', NULL, NULL, 1, 0, '2026-04-15 22:38:28', '2026-04-22 10:38:28'),
(51, 7, 6, 'eyJpdiI6Ik42QVh5Z0RneERxbk90OXE1dlJDZEE9PSIsInZhbHVlIjoic1ZKd2lkK052dTNxSFJlWU1OV0FHc1VtempTNVpqZlYxUXlBWWhqYmFkb2xCb0Z3NHZWTENGdFd0SU5MY25aYSIsIm1hYyI6ImYzYzA0OTRhMmIzZDFkYjI4NGFlMDExM2M4NDBkZmY2MTA5NjQ0ZTBmMDAyMmQ5YmJjY2NmMmVhZmExMmYyZmYiLCJ0YWciOiIifQ==', NULL, NULL, 0, 0, '2026-04-17 18:28:28', '2026-04-22 10:38:28'),
(52, 7, 6, 'eyJpdiI6IlY5MWZwU0hId1NjdmFGTDAwUzNoNXc9PSIsInZhbHVlIjoiYmZYZVpxaGdsdXZLL2tkamh5Ri9DdDNHODk5cWl1T3VSUFJjbHArUFhuMnBsNzhZcEtqZG94TyttZGFqeTZqbiIsIm1hYyI6IjM2ZDA4NTBiYzQ3YzVhYWRlNWFjYmZhMGNmNjJhNjEwZTU2NDk2MDUxMzI1MjEzNjc1M2YyNDRlMTc0MDNhNDEiLCJ0YWciOiIifQ==', NULL, NULL, 1, 0, '2026-04-22 08:54:28', '2026-04-22 10:38:28'),
(53, 7, 6, 'eyJpdiI6InBHL3NBL29STEIvZjJCZ0krT0p6Q1E9PSIsInZhbHVlIjoiODZBZnJDVFdjcEhjSVVkcWEzeUlzV0t0MjJIR0l1YlVKQU91Ym84Z0ROSW1WWXhkd0Q3bWRHK0hRSWJFclUxcStXeUtQbXdVVXVPV2NrU0Zyb0pyUzlRcWt1MEtpUEYvNE9iN1VSTHZMOTg9IiwibWFjIjoiNGJkMzY0MzMwNzY0ZGUyNDQyM2E0MmM2ZDYxMjQ4MDE3OTQ0ZmY4NDVkNjAwYWJkMWRkNDgwY2IzZmY1MmEwYiIsInRhZyI6IiJ9', NULL, NULL, 0, 0, '2026-04-18 02:06:28', '2026-04-22 10:38:28'),
(54, 7, 5, 'eyJpdiI6IkVjdWNBeVR3Z0dJQmJybnFrdHI2OFE9PSIsInZhbHVlIjoidExzU21kS215S29sd1lYS284cDkrN2dybVpYb3g0MENRbVd3Y0JISjdUSGdsMGwyd0dxRXpjaDhwRXF1NzI5NFVVWTA0bFl0K050U1VtRkR1dDZYVkE9PSIsIm1hYyI6IjUxMTg3MWNkYTIzODllZmE0OTVkNzVhNDBmMWE2Mjk1MTc4Yjc4ZDVlODI5NGFiNjFhYjgxZjkwYjExYmI1MjYiLCJ0YWciOiIifQ==', NULL, NULL, 1, 0, '2026-04-20 21:40:28', '2026-04-22 10:38:28'),
(55, 8, 3, 'eyJpdiI6IkhjRExubXpad0ZVRzhjZExIMEZpK1E9PSIsInZhbHVlIjoiM3EyTk9IL0dPc1NhTlkySHdvOXYydGRiLzEva0puMWR0MmFrSWlsYVJNbW9jMkJBckQ0bUluQ0NVUllsVlpHbSIsIm1hYyI6ImE5OGQ4ZDcwMjdmODJmNmU4MTk1YWJkNGViYjhjMjE4MjAxNTcyZTkxMTgxOGQwOWU5YWNjODdkNWMyNjk0ZjQiLCJ0YWciOiIifQ==', NULL, NULL, 1, 0, '2026-04-16 09:40:28', '2026-04-22 10:38:28'),
(56, 8, 3, 'eyJpdiI6InV0Z1V2TjMwT00yU0hvUzE3OS9DcHc9PSIsInZhbHVlIjoidnhjekQ5dWsxZ1hVL0RzWFJtQXFQR2RpNlY0M3hNWTJNQlJucm04NTMwUC9lMDFlQXE4VGphTVBWZUFVdTJ4Z000VXVVMmhTN05rbjVyNXR0R0ZLKzl3aDJXNGVBWTRGRWw2U2Y3bStDTG89IiwibWFjIjoiNzgxMzdjNDEyMDEwNzhlYzRiM2E5YWIzY2JmZjdjYjg5NTM0NDY3YTYzZDFkOTQ3ZWM4NTJlMjJkYmVmNDIxNSIsInRhZyI6IiJ9', NULL, NULL, 1, 0, '2026-04-20 16:59:28', '2026-04-22 10:38:28'),
(57, 8, 3, 'eyJpdiI6Ijlta2s3MEFPUDgyUDB2NUczYUZUT1E9PSIsInZhbHVlIjoieG9vNmRaaytMQVFKUjdwNFJRQTF1cjhPUjZxZDgxdXZpSHdLdk0wRlMxQTA0bWxseGtORUV3ZVcrK0h2M2pQRyIsIm1hYyI6ImIyZDRlMGZhYjNmNDk4OGRhZmE4YTc3OWRjYWIwMmRkZWFiMzEwNmYxZDQxOGFmOGE0MTVlYWZjY2JjNDJiNzUiLCJ0YWciOiIifQ==', NULL, NULL, 1, 0, '2026-04-22 00:10:28', '2026-04-22 10:38:28'),
(58, 8, 1, 'eyJpdiI6InJrK3lhbXRDZnllanZUTUt5Qlg0NGc9PSIsInZhbHVlIjoiUlRUWkcrQ3YrRlZ3bHk4R1kzMU5WSlY3S0VHQ0JMV1JydFE3TGZ3VU5nK21sNHNKcUNHRDdZQ0ZNdUNRa1M1ZlY1WlpidklndWErZDEwakpMemdqSGc9PSIsIm1hYyI6IjUzMzZjNGFhNzgxYzQzYWIyNTFkNDYyMGU3M2I4NDI3NGI2NzBjOTk5NmJkNDY1YTg5ODU4ZjQyYmFiMjM4ODMiLCJ0YWciOiIifQ==', NULL, NULL, 1, 0, '2026-04-15 12:36:28', '2026-04-22 10:38:28'),
(59, 8, 1, 'eyJpdiI6Iiswbm9hYnNNeEFCY1doa0tPSCtoMEE9PSIsInZhbHVlIjoiV0hZTzNzSkdyQjArdUZiaWdZREdpdWpiVTJWajkrUFhwOFFOR1JHemNDY0s3NnVaK2tTU3BNUHhNTXBEQU5JWXhFbWFwaHI0U3R4czhpMkxXdTB0RFFQREtFQXdteGRtMlk1YmFxSklUWWs9IiwibWFjIjoiNzUyZWQ1ZWRjY2Y2YWI2NWZhM2MxNTk4ZTI5MzYwY2VmZTNmN2JiYTIyOGJmNTdhZTIzMmFhZjRlYWIyM2ZhMSIsInRhZyI6IiJ9', NULL, NULL, 1, 0, '2026-04-20 11:38:28', '2026-04-22 10:38:28'),
(60, 8, 1, 'eyJpdiI6IjFQY3pEYTUzWEt2bHJPU3I5ai9MNnc9PSIsInZhbHVlIjoiamhwOU40SlNIaVRSekhwL2VteitucEJERWxiRVRld3dKL293OVBDRWR4R3RnR3Q4RzdlNXY0bGtmaFp4N1lrayIsIm1hYyI6IjRmNTAwNzViMWE1NTAwNTY5Nzc3MmU1OGQ3OTZiOTE3MTg3ZmM5NjNhOGZjZTc3Mjg4MDRkMjMyZDE3M2JkMTUiLCJ0YWciOiIifQ==', NULL, NULL, 1, 0, '2026-04-18 04:56:28', '2026-04-22 10:38:28'),
(61, 8, 3, 'eyJpdiI6Ik1GdzlncmVXbmVZRFRGM0pCZHdGUHc9PSIsInZhbHVlIjoiMzRIa1dLeVRHQXNTNnNYbE55dkRpaGNqUTg5ME1jWTB2b0NUSy9scjJ5MnVTanYydWtFbUo1Z1Q5WlVuZFhNbnRmN3dmYWJvWjZITG1DL3JUMDhKUXVSUzNmenpWSG9FTXBLRW0wcVFEdG89IiwibWFjIjoiZTY4ZDA3ZjFkNzg5NzcwMWQ0ZDM0ZTE3ODBlYTYyMDc0OWU3ZmIxOTRmNmE4YjBlOTAzZjMyYjRkNWMyMzg2ZSIsInRhZyI6IiJ9', NULL, NULL, 1, 0, '2026-04-20 20:13:28', '2026-04-22 10:38:28'),
(62, 8, 1, 'eyJpdiI6ImswL3A3K25xcjc2eURFbUpwK3FQZkE9PSIsInZhbHVlIjoibVQxU1o0eEI1Q1drQ2luM1lESUVXbW1RbHp5L1JBRWxLZ29vTXJhazZWL3d3dGUwMVFCd0hkN2l2Mkd6YTltM0FGbFlXZ2xDdkJkQ2IvTHdveFRMRWc9PSIsIm1hYyI6IjBkMGI5MTIxZWI0NGYwOGM0NGQyZDZiYzMwY2E1M2JmN2QxZDMzNjYxNGVjMzcxYjM4NzVmNGQ4MjEwZWUzNDgiLCJ0YWciOiIifQ==', NULL, NULL, 1, 0, '2026-04-19 19:43:28', '2026-04-22 10:38:28'),
(63, 8, 3, 'eyJpdiI6InhDK3RKNkdZdmFGMGNkQ2F6NUdYckE9PSIsInZhbHVlIjoid3VCMmhxa1NOdGdSeFBnZ3dHSUxJOTVUY0FBMCt1UjVDcDl0VUVGZ3lkeW12V2NpVGZZWVBUdm8zNFdvU1NRQSIsIm1hYyI6IjZkMmM2NDBhZDZkNDczNjNiMmRlZDZkYTI3ZTZkNGM2NWU5YmY2ZjEzNDNlZTc4M2JjNTcyMGQyMDNhM2NlYTEiLCJ0YWciOiIifQ==', NULL, NULL, 1, 0, '2026-04-18 18:21:28', '2026-04-22 10:38:28'),
(64, 9, 4, 'eyJpdiI6ImZVUXh4RGlydGF3Ung4bVlmOGRNcVE9PSIsInZhbHVlIjoic3p5TmkzOWVCR2NacTNJbjZLYTFxNG5iK2c5RW9DbFJRbng3SDNQZ3YvWkkxRklNTWlqSkJYckc3SEE1RGNoSiIsIm1hYyI6IjgyNWM2M2EyM2U2OWJiZGQzOWIyYWZlZWE1ZDhkZTg5YjZiN2EzYzY3ZjZkNjM1NjBjY2I4ZTlmYmE4YmUyNGUiLCJ0YWciOiIifQ==', NULL, NULL, 1, 0, '2026-04-17 16:43:28', '2026-04-22 10:38:28'),
(65, 9, 4, 'eyJpdiI6InNROVNpNnNxYlluaHNjaFZPUWYzWEE9PSIsInZhbHVlIjoiYUJrSmJFUWprVnhZSjFaUjE0OE1tSUsvUGlRRnp2ZzJKWmNyNTFFRkpjWlZVaFZKb1p5RHk4WFUrUlRXOEQxNW5TWEpLdWs0RlJuemdYYW1NaVJmdlFNSzVROWR2cHJtQ05VVmZ5ZXVhSWs9IiwibWFjIjoiMWUzZTNkODkxMTdhNmYyODFiMmNkZDEzMzIyMWQzODg1NjlhZjg3YzkyYjRjYTI0Y2Q1ZWYyNTE2ZjQxNGJmOCIsInRhZyI6IiJ9', NULL, NULL, 1, 0, '2026-04-17 20:06:28', '2026-04-22 10:38:28'),
(66, 9, 5, 'eyJpdiI6Ims1OTJPTVZKM0pqRjNINElSUE0zeVE9PSIsInZhbHVlIjoiL0U0QlBqRm1RcFBsQkxrMTREdXBtZ2dCamp5clRNUEp0WjRwanhRMDVsMkhSYlRTTEM3WXdmNnAyUmFRYjdCNSIsIm1hYyI6IjdhNGFlN2U5N2Y3OGY3ZTQyMWVjMjM0ZDdiMWEyYTkyMDFjNzRlMTYwYmNjYjE2NzlhZWNlNTExNDdmOTljYjciLCJ0YWciOiIifQ==', NULL, NULL, 1, 0, '2026-04-19 15:00:28', '2026-04-22 10:38:28'),
(67, 9, 4, 'eyJpdiI6IkpsWG5EQk4yTzEyQ2podXNoMVlPNUE9PSIsInZhbHVlIjoiVGx6eldvSFhicGpqM0hyckJoWXpFS0lqYWlmWEVlSnQ2ckh2WE9zbkYyL2tiTTJYdnl6OUN6eGgyTzh4b1hYVytlMVo0K2dISFM5TEE1aVNiZmF6VUE9PSIsIm1hYyI6IjI2OGEwMjBkNDFlZDc3NWU1MDBhNzUxNjI3NWE1NTYzNzc3ODdjNmQ3ODUxNWUyZmNmOTk2MDQ4NTUzN2Q4NDMiLCJ0YWciOiIifQ==', NULL, NULL, 1, 0, '2026-04-17 23:49:28', '2026-04-22 10:38:28');

-- --------------------------------------------------------

--
-- Tábla szerkezet ehhez a táblához `migrations`
--

CREATE TABLE `migrations` (
  `id` int(10) UNSIGNED NOT NULL,
  `migration` varchar(255) NOT NULL,
  `batch` int(11) NOT NULL
) ENGINE=InnoDB DEFAULT CHARSET=utf8mb4 COLLATE=utf8mb4_unicode_ci;

--
-- A tábla adatainak kiíratása `migrations`
--

INSERT INTO `migrations` (`id`, `migration`, `batch`) VALUES
(1, '2025_09_30_100000_create_counties_table', 1),
(2, '2025_09_30_101000_create_cities_table', 1),
(3, '2025_09_30_102500_create_password_reset_tokens_table', 1),
(4, '2025_09_30_103000_create_users_table', 1),
(5, '2025_09_30_104000_create_verify_users_table', 1),
(6, '2025_09_30_105000_create_categories_table', 1),
(7, '2025_09_30_106000_create_reviews_table', 1),
(8, '2025_09_30_107000_create_jobs_table', 1),
(9, '2025_09_30_108000_create_advertisements_table', 1),
(10, '2025_12_02_120000_ensure_other_job_exists', 1),
(11, '2025_12_03_100552_create_admins_table', 1),
(12, '2025_12_03_100558_create_penalties_table', 1),
(13, '2025_12_03_100601_create_blacklist_table', 1),
(14, '2025_12_04_120000_create_offers_table', 1),
(15, '2025_12_06_155513_create_notifications_table', 1),
(16, '2025_12_06_192059_create_conversations_table', 1),
(17, '2025_12_06_192113_create_messages_table', 1),
(18, '2025_12_11_110147_create_advertisement_reports_table', 1),
(19, '2026_01_08_091716_create_user_reports_table', 1),
(20, '2026_03_04_125600_add_email_task_digest_and_tracked_categories', 1),
(21, '2026_03_12_082412_create_queue_jobs_table', 1),
(22, '2026_03_12_082842_create_failed_jobs_table', 1),
(23, '2026_03_15_201836_create_advertisement_views_table', 1),
(24, '2026_04_13_093250_create_cache_table', 1);

-- --------------------------------------------------------

--
-- Tábla szerkezet ehhez a táblához `notifications`
--

CREATE TABLE `notifications` (
  `id` char(36) NOT NULL,
  `type` varchar(255) NOT NULL,
  `notifiable_type` varchar(255) NOT NULL,
  `notifiable_id` bigint(20) UNSIGNED NOT NULL,
  `data` text NOT NULL,
  `read_at` timestamp NULL DEFAULT NULL,
  `created_at` timestamp NULL DEFAULT NULL,
  `updated_at` timestamp NULL DEFAULT NULL
) ENGINE=InnoDB DEFAULT CHARSET=utf8mb4 COLLATE=utf8mb4_unicode_ci;

--
-- A tábla adatainak kiíratása `notifications`
--

INSERT INTO `notifications` (`id`, `type`, `notifiable_type`, `notifiable_id`, `data`, `read_at`, `created_at`, `updated_at`) VALUES
('40f1c760-20ef-47a5-8a4c-bbd81eb797af', 'App\\Notifications\\TaskOfferReceived', 'App\\Models\\User', 3, '{\"message\":\"\\u00daj aj\\u00e1nlat \\u00e9rkezett a hirdet\\u00e9sedre!\"}', '2026-04-22 10:38:28', '2026-04-22 10:38:28', '2026-04-22 10:38:28'),
('4d51bf6b-c70d-47d9-a8a2-d75e87000671', 'App\\Notifications\\TaskOfferReceived', 'App\\Models\\User', 6, '{\"message\":\"\\u00daj aj\\u00e1nlat \\u00e9rkezett a hirdet\\u00e9sedre!\"}', '2026-04-22 10:38:28', '2026-04-22 10:38:28', '2026-04-22 10:38:28'),
('610c2d93-d175-4601-a531-67f617149b93', 'App\\Notifications\\OfferAccepted', 'App\\Models\\User', 7, '{\"message\":\"Elfogadt\\u00e1k az aj\\u00e1nlatodat! Gratul\\u00e1lunk!\"}', '2026-04-22 10:38:28', '2026-04-22 10:38:28', '2026-04-22 10:38:28'),
('757cfa17-b535-47b8-9d6e-c2cf49f1a9f8', 'App\\Notifications\\TaskOfferReceived', 'App\\Models\\User', 2, '{\"message\":\"\\u00daj aj\\u00e1nlat \\u00e9rkezett a hirdet\\u00e9sedre!\"}', '2026-04-22 10:38:28', '2026-04-22 10:38:28', '2026-04-22 10:38:28'),
('7842a385-d552-4c3b-97f6-78874705e07d', 'App\\Notifications\\OfferAccepted', 'App\\Models\\User', 8, '{\"message\":\"Elfogadt\\u00e1k az aj\\u00e1nlatodat! Gratul\\u00e1lunk!\"}', NULL, '2026-04-22 10:38:28', '2026-04-22 10:38:28');

-- --------------------------------------------------------

--
-- Tábla szerkezet ehhez a táblához `offers`
--

CREATE TABLE `offers` (
  `id` bigint(20) UNSIGNED NOT NULL,
  `advertisement_id` bigint(20) UNSIGNED NOT NULL,
  `user_id` bigint(20) UNSIGNED NOT NULL,
  `price` int(11) NOT NULL,
  `message` text NOT NULL,
  `status` varchar(20) NOT NULL DEFAULT 'pending',
  `created_at` timestamp NULL DEFAULT NULL,
  `updated_at` timestamp NULL DEFAULT NULL
) ENGINE=InnoDB DEFAULT CHARSET=utf8mb4 COLLATE=utf8mb4_unicode_ci;

--
-- A tábla adatainak kiíratása `offers`
--

INSERT INTO `offers` (`id`, `advertisement_id`, `user_id`, `price`, `message`, `status`, `created_at`, `updated_at`) VALUES
(1, 1, 2, 40, 'Szia! Nagyon szívesen segítek a takarításban. Tapasztalt vagyok, és minden szükséges eszközöm megvan.', 'accepted', '2026-04-22 10:38:28', '2026-04-22 10:38:28'),
(2, 2, 4, 119, 'Szia! Nagyon szívesen segítek a takarításban. Tapasztalt vagyok, és minden szükséges eszközöm megvan.', 'rejected', '2026-04-22 10:38:28', '2026-04-22 10:38:28'),
(3, 2, 8, 103, 'Üdvözlöm! Több éves tapasztalatom van ilyen szekrények összeszerelésében, szívesen megcsinálom.', 'rejected', '2026-04-22 10:38:28', '2026-04-22 10:38:28'),
(4, 3, 1, 35, 'Üdv! El tudom vállalni a szállítást a hétvégén. Van egy tágas furgonom, minden épségben megérkezik.', 'accepted', '2026-04-22 10:38:28', '2026-04-22 10:38:28'),
(5, 3, 8, 34, 'Üdv! El tudom vállalni a szállítást a hétvégén. Van egy tágas furgonom, minden épségben megérkezik.', 'rejected', '2026-04-22 10:38:28', '2026-04-22 10:38:28'),
(6, 4, 5, 56, 'Szia! Nagyon szívesen segítek a takarításban. Tapasztalt vagyok, és minden szükséges eszközöm megvan.', 'accepted', '2026-04-22 10:38:28', '2026-04-22 10:38:28'),
(7, 5, 6, 97, 'Szia, érdekelne a kertmunka. Péntek délután vagy szombat reggel lenne neked alkalmasabb?', 'accepted', '2026-04-22 10:38:28', '2026-04-22 10:38:28'),
(8, 5, 8, 96, 'Üdv! El tudom vállalni a szállítást a hétvégén. Van egy tágas furgonom, minden épségben megérkezik.', 'accepted', '2026-04-22 10:38:28', '2026-04-22 10:38:28'),
(9, 6, 1, 72, 'Üdv! Referenciákkal rendelkezem, megbízható és precíz munkát végzek. Mikor kezdhetünk?', 'accepted', '2026-04-22 10:38:28', '2026-04-22 10:38:28'),
(10, 7, 6, 192, 'Üdv! Referenciákkal rendelkezem, megbízható és precíz munkát végzek. Mikor kezdhetünk?', 'rejected', '2026-04-22 10:38:28', '2026-04-22 10:38:28'),
(11, 8, 4, 24, 'Szia, érdekelne a kertmunka. Péntek délután vagy szombat reggel lenne neked alkalmasabb?', 'accepted', '2026-04-22 10:38:28', '2026-04-22 10:38:28'),
(12, 9, 7, 196, 'Üdv! El tudom vállalni a szállítást a hétvégén. Van egy tágas furgonom, minden épségben megérkezik.', 'rejected', '2026-04-22 10:38:28', '2026-04-22 10:38:28'),
(13, 10, 6, 56, 'Szia! Épp a közelben lakom, így rugalmasan tudok menni segíteni a kutyasétáltatásban.', 'rejected', '2026-04-22 10:38:28', '2026-04-22 10:38:28'),
(14, 10, 7, 57, 'Üdvözlöm! Több éves tapasztalatom van ilyen szekrények összeszerelésében, szívesen megcsinálom.', 'pending', '2026-04-22 10:38:28', '2026-04-22 10:38:28'),
(15, 10, 8, 50, 'Üdv! Referenciákkal rendelkezem, megbízható és precíz munkát végzek. Mikor kezdhetünk?', 'pending', '2026-04-22 10:38:28', '2026-04-22 10:38:28'),
(16, 11, 7, 98, 'Üdv! Referenciákkal rendelkezem, megbízható és precíz munkát végzek. Mikor kezdhetünk?', 'pending', '2026-04-22 10:38:28', '2026-04-22 10:38:28'),
(17, 11, 8, 98, 'Üdv! Referenciákkal rendelkezem, megbízható és precíz munkát végzek. Mikor kezdhetünk?', 'rejected', '2026-04-22 10:38:28', '2026-04-22 10:38:28'),
(18, 12, 3, 55, 'Szia! Nagyon szívesen segítek a takarításban. Tapasztalt vagyok, és minden szükséges eszközöm megvan.', 'accepted', '2026-04-22 10:38:28', '2026-04-22 10:38:28'),
(19, 12, 5, 50, 'Üdv! Referenciákkal rendelkezem, megbízható és precíz munkát végzek. Mikor kezdhetünk?', 'accepted', '2026-04-22 10:38:28', '2026-04-22 10:38:28'),
(20, 13, 1, 51, 'Szia, érdekelne a kertmunka. Péntek délután vagy szombat reggel lenne neked alkalmasabb?', 'rejected', '2026-04-22 10:38:28', '2026-04-22 10:38:28'),
(21, 13, 7, 48, 'Szia! Nagyon szívesen segítek a takarításban. Tapasztalt vagyok, és minden szükséges eszközöm megvan.', 'pending', '2026-04-22 10:38:28', '2026-04-22 10:38:28'),
(22, 13, 8, 45, 'Üdv! El tudom vállalni a szállítást a hétvégén. Van egy tágas furgonom, minden épségben megérkezik.', 'accepted', '2026-04-22 10:38:28', '2026-04-22 10:38:28'),
(23, 14, 5, 89, 'Üdv! El tudom vállalni a szállítást a hétvégén. Van egy tágas furgonom, minden épségben megérkezik.', 'accepted', '2026-04-22 10:38:28', '2026-04-22 10:38:28'),
(24, 15, 7, 70, 'Üdv! El tudom vállalni a szállítást a hétvégén. Van egy tágas furgonom, minden épségben megérkezik.', 'rejected', '2026-04-22 10:38:28', '2026-04-22 10:38:28'),
(25, 15, 8, 60, 'Üdvözlöm! Több éves tapasztalatom van ilyen szekrények összeszerelésében, szívesen megcsinálom.', 'rejected', '2026-04-22 10:38:28', '2026-04-22 10:38:28'),
(26, 16, 2, 327, 'Üdv! Referenciákkal rendelkezem, megbízható és precíz munkát végzek. Mikor kezdhetünk?', 'pending', '2026-04-22 10:38:28', '2026-04-22 10:38:28');

-- --------------------------------------------------------

--
-- Tábla szerkezet ehhez a táblához `password_reset_tokens`
--

CREATE TABLE `password_reset_tokens` (
  `id` bigint(20) UNSIGNED NOT NULL,
  `email` varchar(150) NOT NULL,
  `token` varchar(255) NOT NULL,
  `created_at` timestamp NULL DEFAULT NULL
) ENGINE=InnoDB DEFAULT CHARSET=utf8mb4 COLLATE=utf8mb4_unicode_ci;

-- --------------------------------------------------------

--
-- Tábla szerkezet ehhez a táblához `penalties`
--

CREATE TABLE `penalties` (
  `id` bigint(20) UNSIGNED NOT NULL,
  `name` varchar(255) NOT NULL
) ENGINE=InnoDB DEFAULT CHARSET=utf8mb4 COLLATE=utf8mb4_unicode_ci;

--
-- A tábla adatainak kiíratása `penalties`
--

INSERT INTO `penalties` (`id`, `name`) VALUES
(1, 'Némítás'),
(2, 'Korlátozás'),
(3, 'Tiltás');

-- --------------------------------------------------------

--
-- Tábla szerkezet ehhez a táblához `queue_jobs`
--

CREATE TABLE `queue_jobs` (
  `id` bigint(20) UNSIGNED NOT NULL,
  `queue` varchar(255) NOT NULL,
  `payload` longtext NOT NULL,
  `attempts` tinyint(3) UNSIGNED NOT NULL,
  `reserved_at` int(10) UNSIGNED DEFAULT NULL,
  `available_at` int(10) UNSIGNED NOT NULL,
  `created_at` int(10) UNSIGNED NOT NULL
) ENGINE=InnoDB DEFAULT CHARSET=utf8mb4 COLLATE=utf8mb4_unicode_ci;

-- --------------------------------------------------------

--
-- Tábla szerkezet ehhez a táblához `reviews`
--

CREATE TABLE `reviews` (
  `id` bigint(20) UNSIGNED NOT NULL,
  `target_user_id` bigint(20) UNSIGNED DEFAULT NULL,
  `reviewer_id` bigint(20) UNSIGNED DEFAULT NULL,
  `stars` int(11) NOT NULL,
  `comment` varchar(500) NOT NULL,
  `created_at` timestamp NULL DEFAULT NULL,
  `updated_at` timestamp NULL DEFAULT NULL
) ENGINE=InnoDB DEFAULT CHARSET=utf8mb4 COLLATE=utf8mb4_unicode_ci;

--
-- A tábla adatainak kiíratása `reviews`
--

INSERT INTO `reviews` (`id`, `target_user_id`, `reviewer_id`, `stars`, `comment`, `created_at`, `updated_at`) VALUES
(1, 2, 1, 5, 'Nagyon meg voltam elégedve a munkájával. Precíz volt, pontosan érkezett, és a takarítás után minden ragyogott. Csak ajánlani tudom!', '2026-04-12 10:38:27', '2026-04-22 10:38:27'),
(2, 3, 2, 4, 'Alapvetően jól sikerült a szállítás, minden épségben megérkezett. Egy csillagot csak azért vonok le, mert 20 percet késett a megbeszélthez képest.', '2026-04-15 10:38:27', '2026-04-22 10:38:27'),
(3, 4, 3, 5, 'Profi szakember! A sövényvágás és a kertrendezés után végre újra öröm ránézni az udvarra. Minden hulladékot feltakarított maga után.', '2026-04-13 10:38:27', '2026-04-22 10:38:27'),
(4, 5, 4, 4, 'A gyermekfelügyelet rendben volt, a gyerekek szerették őt. Legközelebb is keresni fogjuk, ha segítség kell.', '2026-04-07 10:38:27', '2026-04-22 10:38:27'),
(5, 6, 5, 5, 'Nagyon kedves és segítőkész volt a kutyasétáltatás során. Látszik, hogy ért az állatokhoz, a kutyusom is rögtön megkedvelte.', '2026-03-30 10:38:27', '2026-04-22 10:38:27'),
(6, 1, 6, 3, 'A munka el lett végezve, de a kommunikáció kicsit nehézkes volt. Többször is át kellett beszélni ugyanazt a részletet.', '2026-04-02 10:38:27', '2026-04-22 10:38:27'),
(7, 2, 1, 5, 'Kiváló minőségű festés! Sehol egy folt vagy egy hiba, nagyon ügyelt a bútorok megóvására is. Nagyon hálás vagyok!', '2026-03-31 10:38:27', '2026-04-22 10:38:27'),
(8, 3, 2, 4, 'Gyorsan kihozta a csomagot, minden rendben ment. Kicsit nehéz volt parkolóhelyet találnia, de ez nem az ő hibája.', '2026-03-24 11:38:27', '2026-04-22 10:38:27'),
(9, 4, 3, 5, 'A gardrób összeszerelése sokkal gyorsabban ment, mint hittem. Minden rögzítés stabil, a fiókok simán járnak.', '2026-04-20 10:38:27', '2026-04-22 10:38:27'),
(10, 5, 4, 5, 'Remek oktató! A matek korrepetálás után a fiam sokkal magabiztosabb lett, és végre érti az összefüggéseket.', '2026-04-10 10:38:27', '2026-04-22 10:38:27');

-- --------------------------------------------------------

--
-- Tábla szerkezet ehhez a táblához `tracked_categories`
--

CREATE TABLE `tracked_categories` (
  `id` bigint(20) UNSIGNED NOT NULL,
  `user_id` bigint(20) UNSIGNED NOT NULL,
  `category_id` bigint(20) UNSIGNED NOT NULL,
  `last_digest_sent_at` timestamp NULL DEFAULT NULL,
  `created_at` timestamp NULL DEFAULT NULL,
  `updated_at` timestamp NULL DEFAULT NULL
) ENGINE=InnoDB DEFAULT CHARSET=utf8mb4 COLLATE=utf8mb4_unicode_ci;

-- --------------------------------------------------------

--
-- Tábla szerkezet ehhez a táblához `users`
--

CREATE TABLE `users` (
  `id` bigint(20) UNSIGNED NOT NULL,
  `city_id` bigint(20) UNSIGNED DEFAULT NULL,
  `account_id` varchar(15) NOT NULL,
  `first_name` varchar(50) DEFAULT NULL,
  `last_name` varchar(50) DEFAULT NULL,
  `birthdate` varchar(50) DEFAULT NULL,
  `phone_number` varchar(50) DEFAULT NULL,
  `avatar` varchar(255) DEFAULT NULL,
  `email` varchar(150) NOT NULL,
  `password` varchar(255) NOT NULL,
  `google_id` varchar(255) DEFAULT NULL,
  `facebook_id` varchar(255) DEFAULT NULL,
  `remember_token` varchar(100) DEFAULT NULL,
  `verified` tinyint(1) NOT NULL DEFAULT 0,
  `email_notifications` tinyint(1) NOT NULL DEFAULT 1,
  `email_task_digest` tinyint(1) NOT NULL DEFAULT 0,
  `email_direct_quotes` tinyint(1) NOT NULL DEFAULT 1,
  `locale` varchar(5) NOT NULL DEFAULT 'en',
  `theme` varchar(255) NOT NULL DEFAULT 'system',
  `reduced_motion` tinyint(1) NOT NULL DEFAULT 0,
  `high_contrast` tinyint(1) NOT NULL DEFAULT 0,
  `created_at` timestamp NULL DEFAULT NULL,
  `updated_at` timestamp NULL DEFAULT NULL
) ENGINE=InnoDB DEFAULT CHARSET=utf8mb4 COLLATE=utf8mb4_unicode_ci;

--
-- A tábla adatainak kiíratása `users`
--

INSERT INTO `users` (`id`, `city_id`, `account_id`, `first_name`, `last_name`, `birthdate`, `phone_number`, `avatar`, `email`, `password`, `google_id`, `facebook_id`, `remember_token`, `verified`, `email_notifications`, `email_task_digest`, `email_direct_quotes`, `locale`, `theme`, `reduced_motion`, `high_contrast`, `created_at`, `updated_at`) VALUES
(1, 28, 'AC1001', 'Kovács', 'Péter', '1990-04-12', '+36301234567', NULL, 'peter.kovacs@example.hu', '$2y$12$BIlKhZ61nIkyqFldoBWY..dcVwNySxdBYzlOsoIWfbjowTc7Y8VhC', NULL, NULL, NULL, 1, 1, 0, 1, 'en', 'system', 0, 0, '2026-04-22 10:38:26', '2026-04-22 10:38:26'),
(2, 28, 'AC1002', 'Nagy', 'Mária', '1987-11-23', '+36304561234', NULL, 'maria.nagy@example.hu', '$2y$12$JKZ3UFG3ksCuC1QjxSJz..vS9NOFVE4IFqXlROrUsE8Cv7bRua4yy', NULL, NULL, NULL, 1, 1, 0, 1, 'en', 'system', 0, 0, '2026-04-22 10:38:26', '2026-04-22 10:38:26'),
(3, 28, 'AC1003', 'Szabó', 'Gergely', '1995-06-30', '+36205553322', NULL, 'gergely.szabo@example.hu', '$2y$12$Q39.kG7i4VwvwHWAy78MoOpTN82afiM9HIphi6JL/FVcY6apd7A.2', NULL, NULL, NULL, 1, 1, 0, 1, 'en', 'system', 0, 0, '2026-04-22 10:38:26', '2026-04-22 10:38:26'),
(4, 28, 'AC1004', 'Tóth', 'Eszter', '1992-02-19', '+36701234566', NULL, 'eszter.toth@example.hu', '$2y$12$8IGG9nv.tis8hT..bNSS3OxX/XOVG5VTgTI2Dm0zFhxcibANmbIt6', NULL, NULL, NULL, 1, 1, 0, 1, 'en', 'system', 0, 0, '2026-04-22 10:38:27', '2026-04-22 10:38:27'),
(5, 28, 'AC1005', 'Kiss', 'Tamás', '1991-12-10', '+36204443322', NULL, 'tamas.kiss@example.hu', '$2y$12$g4G4ciPhn/vPmTwXsvEO5Oji.TGNBQj36md6rcYW3dbiId6iZz/O.', NULL, NULL, NULL, 1, 1, 0, 1, 'en', 'system', 0, 0, '2026-04-22 10:38:27', '2026-04-22 10:38:27'),
(6, 28, 'AC1006', 'Farkas', 'Bence', '1993-08-05', '+36305556677', NULL, 'test2@example.hu', '$2y$12$JooUlxNFYSkozVFKuE/e5ugw46.2sAg10wRVfuKAHRemGJOYjve.2', NULL, NULL, NULL, 1, 1, 0, 1, 'en', 'system', 0, 0, '2026-04-22 10:38:27', '2026-04-22 10:38:27'),
(7, NULL, 'AC1007', 'Teszt', 'Elek', NULL, '+36111111111', NULL, 'test@example.com', '$2y$12$YqY.7MaxhxC64.LYLmEByeWNrwW/j8WhfPo3yZNwdFASjd5CMDob2', NULL, NULL, NULL, 1, 1, 0, 1, 'en', 'system', 0, 0, '2026-04-22 10:38:28', '2026-04-22 10:38:28'),
(8, NULL, 'AC1008', 'Próba', 'Péter', NULL, '+36222222222', NULL, 'test2@example.com', '$2y$12$.FeBlAb0FYXQAq1syNuix.JNZKsM18q/OgHrpaDX8TLXo2CX41/Yu', NULL, NULL, NULL, 1, 1, 0, 1, 'en', 'system', 0, 0, '2026-04-22 10:38:28', '2026-04-22 10:38:28');

-- --------------------------------------------------------

--
-- Tábla szerkezet ehhez a táblához `user_reports`
--

CREATE TABLE `user_reports` (
  `id` bigint(20) UNSIGNED NOT NULL,
  `description` text NOT NULL,
  `reporter_account_id` varchar(255) NOT NULL,
  `reported_account_id` varchar(255) NOT NULL,
  `status` enum('open','closed') NOT NULL DEFAULT 'open',
  `created_at` timestamp NULL DEFAULT NULL
) ENGINE=InnoDB DEFAULT CHARSET=utf8mb4 COLLATE=utf8mb4_unicode_ci;

--
-- A tábla adatainak kiíratása `user_reports`
--

INSERT INTO `user_reports` (`id`, `description`, `reporter_account_id`, `reported_account_id`, `status`, `created_at`) VALUES
(1, 'Sértő stílus: Alpári és fenyegető hangvételű üzenetek az üzletkötés során.', 'AC1003', 'AC1002', 'open', '2026-04-18 10:38:28'),
(2, 'Kamu profil: A képek és az adatok alapján nem valós személynek tűnik.', 'AC1004', 'AC1008', 'closed', '2026-04-18 10:38:28'),
(3, 'Zaklatás: Többszöri kéretlen megkeresés a nemleges válasz után is.', 'AC1005', 'AC1007', 'closed', '2026-04-21 10:38:28'),
(4, 'Csalási kísérlet: Gyanús külső linkekre akart átirányítani fizetés miatt.', 'AC1006', 'AC1005', 'closed', '2026-04-20 10:38:28'),
(5, 'Sértő stílus: Alpári és fenyegető hangvételű üzenetek az üzletkötés során.', 'AC1008', 'AC1002', 'closed', '2026-04-21 10:38:28');

-- --------------------------------------------------------

--
-- Tábla szerkezet ehhez a táblához `verify_users`
--

CREATE TABLE `verify_users` (
  `id` bigint(20) UNSIGNED NOT NULL,
  `user_id` bigint(20) UNSIGNED NOT NULL,
  `token` varchar(255) NOT NULL,
  `code` varchar(255) DEFAULT NULL,
  `created_at` timestamp NULL DEFAULT NULL,
  `updated_at` timestamp NULL DEFAULT NULL
) ENGINE=InnoDB DEFAULT CHARSET=utf8mb4 COLLATE=utf8mb4_unicode_ci;

--
-- Indexek a kiírt táblákhoz
--

--
-- A tábla indexei `admins`
--
ALTER TABLE `admins`
  ADD PRIMARY KEY (`id`);

--
-- A tábla indexei `advertisements`
--
ALTER TABLE `advertisements`
  ADD PRIMARY KEY (`id`),
  ADD KEY `advertisements_employee_id_foreign` (`employee_id`),
  ADD KEY `advertisements_reviews_id_foreign` (`reviews_id`),
  ADD KEY `advertisements_created_at_index` (`created_at`),
  ADD KEY `advertisements_jobs_id_index` (`jobs_id`),
  ADD KEY `advertisements_employer_id_index` (`employer_id`),
  ADD KEY `advertisements_status_index` (`status`);

--
-- A tábla indexei `advertisement_reports`
--
ALTER TABLE `advertisement_reports`
  ADD PRIMARY KEY (`id`),
  ADD KEY `advertisement_reports_advertisement_id_foreign` (`advertisement_id`),
  ADD KEY `advertisement_reports_reporter_account_id_foreign` (`reporter_account_id`),
  ADD KEY `advertisement_reports_reported_account_id_foreign` (`reported_account_id`);

--
-- A tábla indexei `advertisement_views`
--
ALTER TABLE `advertisement_views`
  ADD PRIMARY KEY (`id`),
  ADD UNIQUE KEY `advertisement_views_advertisement_id_user_id_unique` (`advertisement_id`,`user_id`),
  ADD KEY `advertisement_views_user_id_foreign` (`user_id`);

--
-- A tábla indexei `blacklist`
--
ALTER TABLE `blacklist`
  ADD PRIMARY KEY (`id`),
  ADD KEY `blacklist_user_id_foreign` (`user_id`),
  ADD KEY `blacklist_penalty_id_foreign` (`penalty_id`);

--
-- A tábla indexei `cache`
--
ALTER TABLE `cache`
  ADD PRIMARY KEY (`key`),
  ADD KEY `cache_expiration_index` (`expiration`);

--
-- A tábla indexei `cache_locks`
--
ALTER TABLE `cache_locks`
  ADD PRIMARY KEY (`key`),
  ADD KEY `cache_locks_expiration_index` (`expiration`);

--
-- A tábla indexei `categories`
--
ALTER TABLE `categories`
  ADD PRIMARY KEY (`id`);

--
-- A tábla indexei `cities`
--
ALTER TABLE `cities`
  ADD PRIMARY KEY (`id`),
  ADD KEY `cities_county_id_foreign` (`county_id`);

--
-- A tábla indexei `conversations`
--
ALTER TABLE `conversations`
  ADD PRIMARY KEY (`id`),
  ADD UNIQUE KEY `conversations_user_one_id_user_two_id_unique` (`user_one_id`,`user_two_id`),
  ADD KEY `conversations_user_two_id_foreign` (`user_two_id`);

--
-- A tábla indexei `counties`
--
ALTER TABLE `counties`
  ADD PRIMARY KEY (`id`);

--
-- A tábla indexei `failed_jobs`
--
ALTER TABLE `failed_jobs`
  ADD PRIMARY KEY (`id`),
  ADD UNIQUE KEY `failed_jobs_uuid_unique` (`uuid`);

--
-- A tábla indexei `jobs`
--
ALTER TABLE `jobs`
  ADD PRIMARY KEY (`id`),
  ADD KEY `jobs_categories_id_foreign` (`categories_id`);

--
-- A tábla indexei `messages`
--
ALTER TABLE `messages`
  ADD PRIMARY KEY (`id`),
  ADD KEY `messages_conversation_id_foreign` (`conversation_id`),
  ADD KEY `messages_sender_id_foreign` (`sender_id`);

--
-- A tábla indexei `migrations`
--
ALTER TABLE `migrations`
  ADD PRIMARY KEY (`id`);

--
-- A tábla indexei `notifications`
--
ALTER TABLE `notifications`
  ADD PRIMARY KEY (`id`),
  ADD KEY `notifications_notifiable_type_notifiable_id_index` (`notifiable_type`,`notifiable_id`);

--
-- A tábla indexei `offers`
--
ALTER TABLE `offers`
  ADD PRIMARY KEY (`id`),
  ADD KEY `offers_advertisement_id_foreign` (`advertisement_id`),
  ADD KEY `offers_user_id_foreign` (`user_id`);

--
-- A tábla indexei `password_reset_tokens`
--
ALTER TABLE `password_reset_tokens`
  ADD PRIMARY KEY (`id`);

--
-- A tábla indexei `penalties`
--
ALTER TABLE `penalties`
  ADD PRIMARY KEY (`id`);

--
-- A tábla indexei `queue_jobs`
--
ALTER TABLE `queue_jobs`
  ADD PRIMARY KEY (`id`),
  ADD KEY `queue_jobs_queue_index` (`queue`);

--
-- A tábla indexei `reviews`
--
ALTER TABLE `reviews`
  ADD PRIMARY KEY (`id`),
  ADD KEY `reviews_target_user_id_foreign` (`target_user_id`),
  ADD KEY `reviews_reviewer_id_foreign` (`reviewer_id`);

--
-- A tábla indexei `tracked_categories`
--
ALTER TABLE `tracked_categories`
  ADD PRIMARY KEY (`id`),
  ADD UNIQUE KEY `tracked_categories_user_id_category_id_unique` (`user_id`,`category_id`),
  ADD KEY `tracked_categories_category_id_foreign` (`category_id`);

--
-- A tábla indexei `users`
--
ALTER TABLE `users`
  ADD PRIMARY KEY (`id`),
  ADD UNIQUE KEY `users_account_id_unique` (`account_id`),
  ADD UNIQUE KEY `users_facebook_id_unique` (`facebook_id`),
  ADD KEY `users_city_id_foreign` (`city_id`);

--
-- A tábla indexei `user_reports`
--
ALTER TABLE `user_reports`
  ADD PRIMARY KEY (`id`),
  ADD KEY `user_reports_reporter_account_id_foreign` (`reporter_account_id`),
  ADD KEY `user_reports_reported_account_id_foreign` (`reported_account_id`);

--
-- A tábla indexei `verify_users`
--
ALTER TABLE `verify_users`
  ADD PRIMARY KEY (`id`),
  ADD KEY `verify_users_user_id_foreign` (`user_id`),
  ADD KEY `verify_users_token_index` (`token`);

--
-- A kiírt táblák AUTO_INCREMENT értéke
--

--
-- AUTO_INCREMENT a táblához `admins`
--
ALTER TABLE `admins`
  MODIFY `id` bigint(20) UNSIGNED NOT NULL AUTO_INCREMENT, AUTO_INCREMENT=2;

--
-- AUTO_INCREMENT a táblához `advertisements`
--
ALTER TABLE `advertisements`
  MODIFY `id` bigint(20) UNSIGNED NOT NULL AUTO_INCREMENT, AUTO_INCREMENT=17;

--
-- AUTO_INCREMENT a táblához `advertisement_reports`
--
ALTER TABLE `advertisement_reports`
  MODIFY `id` bigint(20) UNSIGNED NOT NULL AUTO_INCREMENT, AUTO_INCREMENT=6;

--
-- AUTO_INCREMENT a táblához `advertisement_views`
--
ALTER TABLE `advertisement_views`
  MODIFY `id` bigint(20) UNSIGNED NOT NULL AUTO_INCREMENT, AUTO_INCREMENT=81;

--
-- AUTO_INCREMENT a táblához `blacklist`
--
ALTER TABLE `blacklist`
  MODIFY `id` bigint(20) UNSIGNED NOT NULL AUTO_INCREMENT, AUTO_INCREMENT=4;

--
-- AUTO_INCREMENT a táblához `categories`
--
ALTER TABLE `categories`
  MODIFY `id` bigint(20) UNSIGNED NOT NULL AUTO_INCREMENT, AUTO_INCREMENT=15;

--
-- AUTO_INCREMENT a táblához `cities`
--
ALTER TABLE `cities`
  MODIFY `id` bigint(20) UNSIGNED NOT NULL AUTO_INCREMENT, AUTO_INCREMENT=3414;

--
-- AUTO_INCREMENT a táblához `conversations`
--
ALTER TABLE `conversations`
  MODIFY `id` bigint(20) UNSIGNED NOT NULL AUTO_INCREMENT, AUTO_INCREMENT=10;

--
-- AUTO_INCREMENT a táblához `counties`
--
ALTER TABLE `counties`
  MODIFY `id` bigint(20) UNSIGNED NOT NULL AUTO_INCREMENT, AUTO_INCREMENT=20;

--
-- AUTO_INCREMENT a táblához `failed_jobs`
--
ALTER TABLE `failed_jobs`
  MODIFY `id` bigint(20) UNSIGNED NOT NULL AUTO_INCREMENT;

--
-- AUTO_INCREMENT a táblához `jobs`
--
ALTER TABLE `jobs`
  MODIFY `id` bigint(20) UNSIGNED NOT NULL AUTO_INCREMENT, AUTO_INCREMENT=108;

--
-- AUTO_INCREMENT a táblához `messages`
--
ALTER TABLE `messages`
  MODIFY `id` bigint(20) UNSIGNED NOT NULL AUTO_INCREMENT, AUTO_INCREMENT=68;

--
-- AUTO_INCREMENT a táblához `migrations`
--
ALTER TABLE `migrations`
  MODIFY `id` int(10) UNSIGNED NOT NULL AUTO_INCREMENT, AUTO_INCREMENT=25;

--
-- AUTO_INCREMENT a táblához `offers`
--
ALTER TABLE `offers`
  MODIFY `id` bigint(20) UNSIGNED NOT NULL AUTO_INCREMENT, AUTO_INCREMENT=27;

--
-- AUTO_INCREMENT a táblához `password_reset_tokens`
--
ALTER TABLE `password_reset_tokens`
  MODIFY `id` bigint(20) UNSIGNED NOT NULL AUTO_INCREMENT;

--
-- AUTO_INCREMENT a táblához `penalties`
--
ALTER TABLE `penalties`
  MODIFY `id` bigint(20) UNSIGNED NOT NULL AUTO_INCREMENT, AUTO_INCREMENT=4;

--
-- AUTO_INCREMENT a táblához `queue_jobs`
--
ALTER TABLE `queue_jobs`
  MODIFY `id` bigint(20) UNSIGNED NOT NULL AUTO_INCREMENT;

--
-- AUTO_INCREMENT a táblához `reviews`
--
ALTER TABLE `reviews`
  MODIFY `id` bigint(20) UNSIGNED NOT NULL AUTO_INCREMENT, AUTO_INCREMENT=11;

--
-- AUTO_INCREMENT a táblához `tracked_categories`
--
ALTER TABLE `tracked_categories`
  MODIFY `id` bigint(20) UNSIGNED NOT NULL AUTO_INCREMENT;

--
-- AUTO_INCREMENT a táblához `users`
--
ALTER TABLE `users`
  MODIFY `id` bigint(20) UNSIGNED NOT NULL AUTO_INCREMENT, AUTO_INCREMENT=9;

--
-- AUTO_INCREMENT a táblához `user_reports`
--
ALTER TABLE `user_reports`
  MODIFY `id` bigint(20) UNSIGNED NOT NULL AUTO_INCREMENT, AUTO_INCREMENT=6;

--
-- AUTO_INCREMENT a táblához `verify_users`
--
ALTER TABLE `verify_users`
  MODIFY `id` bigint(20) UNSIGNED NOT NULL AUTO_INCREMENT;

--
-- Megkötések a kiírt táblákhoz
--

--
-- Megkötések a táblához `advertisements`
--
ALTER TABLE `advertisements`
  ADD CONSTRAINT `advertisements_employee_id_foreign` FOREIGN KEY (`employee_id`) REFERENCES `users` (`id`) ON DELETE SET NULL,
  ADD CONSTRAINT `advertisements_employer_id_foreign` FOREIGN KEY (`employer_id`) REFERENCES `users` (`id`) ON DELETE CASCADE,
  ADD CONSTRAINT `advertisements_jobs_id_foreign` FOREIGN KEY (`jobs_id`) REFERENCES `jobs` (`id`) ON DELETE SET NULL,
  ADD CONSTRAINT `advertisements_reviews_id_foreign` FOREIGN KEY (`reviews_id`) REFERENCES `reviews` (`id`) ON DELETE SET NULL;

--
-- Megkötések a táblához `advertisement_reports`
--
ALTER TABLE `advertisement_reports`
  ADD CONSTRAINT `advertisement_reports_advertisement_id_foreign` FOREIGN KEY (`advertisement_id`) REFERENCES `advertisements` (`id`) ON DELETE CASCADE,
  ADD CONSTRAINT `advertisement_reports_reported_account_id_foreign` FOREIGN KEY (`reported_account_id`) REFERENCES `users` (`account_id`) ON DELETE CASCADE,
  ADD CONSTRAINT `advertisement_reports_reporter_account_id_foreign` FOREIGN KEY (`reporter_account_id`) REFERENCES `users` (`account_id`) ON DELETE CASCADE;

--
-- Megkötések a táblához `advertisement_views`
--
ALTER TABLE `advertisement_views`
  ADD CONSTRAINT `advertisement_views_advertisement_id_foreign` FOREIGN KEY (`advertisement_id`) REFERENCES `advertisements` (`id`) ON DELETE CASCADE,
  ADD CONSTRAINT `advertisement_views_user_id_foreign` FOREIGN KEY (`user_id`) REFERENCES `users` (`id`) ON DELETE CASCADE;

--
-- Megkötések a táblához `blacklist`
--
ALTER TABLE `blacklist`
  ADD CONSTRAINT `blacklist_penalty_id_foreign` FOREIGN KEY (`penalty_id`) REFERENCES `penalties` (`id`) ON DELETE CASCADE,
  ADD CONSTRAINT `blacklist_user_id_foreign` FOREIGN KEY (`user_id`) REFERENCES `users` (`id`) ON DELETE CASCADE;

--
-- Megkötések a táblához `cities`
--
ALTER TABLE `cities`
  ADD CONSTRAINT `cities_county_id_foreign` FOREIGN KEY (`county_id`) REFERENCES `counties` (`id`) ON DELETE CASCADE;

--
-- Megkötések a táblához `conversations`
--
ALTER TABLE `conversations`
  ADD CONSTRAINT `conversations_user_one_id_foreign` FOREIGN KEY (`user_one_id`) REFERENCES `users` (`id`) ON DELETE CASCADE,
  ADD CONSTRAINT `conversations_user_two_id_foreign` FOREIGN KEY (`user_two_id`) REFERENCES `users` (`id`) ON DELETE CASCADE;

--
-- Megkötések a táblához `jobs`
--
ALTER TABLE `jobs`
  ADD CONSTRAINT `jobs_categories_id_foreign` FOREIGN KEY (`categories_id`) REFERENCES `categories` (`id`) ON DELETE SET NULL;

--
-- Megkötések a táblához `messages`
--
ALTER TABLE `messages`
  ADD CONSTRAINT `messages_conversation_id_foreign` FOREIGN KEY (`conversation_id`) REFERENCES `conversations` (`id`) ON DELETE CASCADE,
  ADD CONSTRAINT `messages_sender_id_foreign` FOREIGN KEY (`sender_id`) REFERENCES `users` (`id`) ON DELETE CASCADE;

--
-- Megkötések a táblához `offers`
--
ALTER TABLE `offers`
  ADD CONSTRAINT `offers_advertisement_id_foreign` FOREIGN KEY (`advertisement_id`) REFERENCES `advertisements` (`id`) ON DELETE CASCADE,
  ADD CONSTRAINT `offers_user_id_foreign` FOREIGN KEY (`user_id`) REFERENCES `users` (`id`) ON DELETE CASCADE;

--
-- Megkötések a táblához `reviews`
--
ALTER TABLE `reviews`
  ADD CONSTRAINT `reviews_reviewer_id_foreign` FOREIGN KEY (`reviewer_id`) REFERENCES `users` (`id`) ON DELETE CASCADE,
  ADD CONSTRAINT `reviews_target_user_id_foreign` FOREIGN KEY (`target_user_id`) REFERENCES `users` (`id`) ON DELETE CASCADE;

--
-- Megkötések a táblához `tracked_categories`
--
ALTER TABLE `tracked_categories`
  ADD CONSTRAINT `tracked_categories_category_id_foreign` FOREIGN KEY (`category_id`) REFERENCES `categories` (`id`) ON DELETE CASCADE,
  ADD CONSTRAINT `tracked_categories_user_id_foreign` FOREIGN KEY (`user_id`) REFERENCES `users` (`id`) ON DELETE CASCADE;

--
-- Megkötések a táblához `users`
--
ALTER TABLE `users`
  ADD CONSTRAINT `users_city_id_foreign` FOREIGN KEY (`city_id`) REFERENCES `cities` (`id`) ON DELETE SET NULL;

--
-- Megkötések a táblához `user_reports`
--
ALTER TABLE `user_reports`
  ADD CONSTRAINT `user_reports_reported_account_id_foreign` FOREIGN KEY (`reported_account_id`) REFERENCES `users` (`account_id`) ON DELETE CASCADE,
  ADD CONSTRAINT `user_reports_reporter_account_id_foreign` FOREIGN KEY (`reporter_account_id`) REFERENCES `users` (`account_id`) ON DELETE CASCADE;

--
-- Megkötések a táblához `verify_users`
--
ALTER TABLE `verify_users`
  ADD CONSTRAINT `verify_users_user_id_foreign` FOREIGN KEY (`user_id`) REFERENCES `users` (`id`) ON DELETE CASCADE;
COMMIT;

/*!40101 SET CHARACTER_SET_CLIENT=@OLD_CHARACTER_SET_CLIENT */;
/*!40101 SET CHARACTER_SET_RESULTS=@OLD_CHARACTER_SET_RESULTS */;
/*!40101 SET COLLATION_CONNECTION=@OLD_COLLATION_CONNECTION */;
