-- phpMyAdmin SQL Dump
-- version 5.2.1
-- https://www.phpmyadmin.net/
--
-- Gép: 127.0.0.1
-- Létrehozás ideje: 2025. Okt 08. 11:17
-- Kiszolgáló verziója: 10.4.32-MariaDB
-- PHP verzió: 8.2.12

SET SQL_MODE = "NO_AUTO_VALUE_ON_ZERO";
START TRANSACTION;
SET time_zone = "+00:00";


/*!40101 SET @OLD_CHARACTER_SET_CLIENT=@@CHARACTER_SET_CLIENT */;
/*!40101 SET @OLD_CHARACTER_SET_RESULTS=@@CHARACTER_SET_RESULTS */;
/*!40101 SET @OLD_COLLATION_CONNECTION=@@COLLATION_CONNECTION */;
/*!40101 SET NAMES utf8mb4 */;

--
-- Adatbázis: `minijobz`
--

-- --------------------------------------------------------

--
-- Tábla szerkezet ehhez a táblához `admins`
--

CREATE TABLE `admins` (
  `id` bigint(20) NOT NULL,
  `name` varchar(250) NOT NULL,
  `password` varchar(255) NOT NULL
) ENGINE=InnoDB DEFAULT CHARSET=utf8mb4 COLLATE=utf8mb4_general_ci;

--
-- A tábla adatainak kiíratása `admins`
--

INSERT INTO `admins` (`id`, `name`, `password`) VALUES
(1, 'admin1', '123'),
(2, 'admin2', '123'),
(3, 'admin3', '123');

-- --------------------------------------------------------

--
-- Tábla szerkezet ehhez a táblához `advertisments`
--

CREATE TABLE `advertisments` (
  `id` bigint(20) UNSIGNED NOT NULL,
  `categories_id` bigint(20) UNSIGNED NOT NULL,
  `reviews_id` bigint(20) UNSIGNED DEFAULT NULL,
  `employer_id` bigint(20) UNSIGNED NOT NULL,
  `employee_id` bigint(20) UNSIGNED NOT NULL,
  `title` char(150) NOT NULL,
  `description` text NOT NULL,
  `price` int(11) NOT NULL,
  `created_at` datetime NOT NULL,
  `expiration_date` datetime NOT NULL,
  `status` enum('open','matched','closed') NOT NULL DEFAULT 'open'
) ENGINE=InnoDB DEFAULT CHARSET=utf8mb4 COLLATE=utf8mb4_unicode_ci;

--
-- A tábla adatainak kiíratása `advertisments`
--

INSERT INTO `advertisments` (`id`, `categories_id`, `reviews_id`, `employer_id`, `employee_id`, `title`, `description`, `price`, `created_at`, `expiration_date`, `status`) VALUES
(1, 1, 1, 1, 2, 'Lakás nagytakarítás', 'Két szobás lakás teljes takarítása szombaton délelőtt.', 18000, '2025-01-20 09:00:00', '2025-01-27 09:00:00', 'closed'),
(2, 2, 2, 2, 3, 'Tavaszi kertgondozás', 'Sövényvágás, gyomlálás és fűnyírás egy családi házban.', 25000, '2025-02-01 10:00:00', '2025-02-10 10:00:00', 'closed'),
(3, 3, 3, 3, 4, 'Gyermekfelügyelet délutánra', 'Két kisgyerekre vigyázás hétvégén.', 12000, '2025-02-10 15:00:00', '2025-02-17 15:00:00', 'closed'),
(4, 4, 4, 4, 5, 'Kutyasétáltatás reggelente', 'Két közepes méretű kutya sétáltatása naponta.', 8000, '2025-02-20 08:00:00', '2025-03-01 08:00:00', 'closed'),
(5, 5, 5, 5, 6, 'Csomagszállítás Budapesten', 'Kisebb csomagok kézbesítése a belvárosban.', 10000, '2025-03-01 09:00:00', '2025-03-10 09:00:00', 'closed'),
(6, 6, 6, 6, 7, 'Bútorszerelés', 'Egy új szekrény összeszerelése nappaliban.', 15000, '2025-03-05 13:00:00', '2025-03-12 13:00:00', 'closed'),
(7, 7, 7, 7, 8, 'Költöztetés vidékre', 'Segítség költözéshez Szegedről Bajára.', 40000, '2025-03-15 09:00:00', '2025-03-20 09:00:00', 'closed'),
(8, 8, 8, 8, 9, 'Idősgondozás heti három alkalommal', 'Segítség idős hölgynek bevásárlásban és főzésben.', 20000, '2025-03-25 08:30:00', '2025-04-01 08:30:00', 'closed'),
(9, 9, 9, 9, 10, 'Angolról magyarra fordítás', 'Rövid dokumentum (4 oldal) lefordítása.', 12000, '2025-04-01 12:00:00', '2025-04-10 12:00:00', 'closed'),
(10, 10, 10, 10, 1, 'Adminisztrációs segítség', 'Adatrögzítés és iratrendezés irodában.', 16000, '2025-04-15 09:00:00', '2025-04-25 09:00:00', 'closed');

-- --------------------------------------------------------

--
-- Tábla szerkezet ehhez a táblához `categories`
--

CREATE TABLE `categories` (
  `id` bigint(20) UNSIGNED NOT NULL,
  `name` char(100) NOT NULL
) ENGINE=InnoDB DEFAULT CHARSET=utf8mb4 COLLATE=utf8mb4_unicode_ci;

--
-- A tábla adatainak kiíratása `categories`
--

INSERT INTO `categories` (`id`, `name`) VALUES
(1, 'Takarítás'),
(2, 'Kertészkedés'),
(3, 'Gyermekfelügyelet'),
(4, 'Kutyasétáltatás'),
(5, 'Futárszolgálat'),
(6, 'Kisebb javítások'),
(7, 'Költöztetés'),
(8, 'Idősgondozás'),
(9, 'Fordítás'),
(10, 'Adminisztrációs segítség');

-- --------------------------------------------------------

--
-- Tábla szerkezet ehhez a táblához `cities`
--

CREATE TABLE `cities` (
  `id` bigint(20) UNSIGNED NOT NULL,
  `county_id` bigint(20) UNSIGNED NOT NULL,
  `name` char(150) NOT NULL,
  `postcode` int(11) NOT NULL
) ENGINE=InnoDB DEFAULT CHARSET=utf8mb4 COLLATE=utf8mb4_unicode_ci;

--
-- A tábla adatainak kiíratása `cities`
--

INSERT INTO `cities` (`id`, `county_id`, `name`, `postcode`) VALUES
(1, 6, 'Aba', 8128),
(2, 6, 'Aba', 8127),
(3, 10, 'Abádszalók', 5241),
(4, 2, 'Abaliget', 7678),
(5, 9, 'Abasár', 3261),
(6, 4, 'Abaújalpár', 3882),
(7, 4, 'Abaújkér', 3882),
(8, 4, 'Abaújlak', 3815),
(9, 4, 'Abaújszántó', 3881),
(10, 4, 'Abaújszolnok', 3809),
(11, 4, 'Abaújvár', 3898),
(12, 7, 'Abda', 9151),
(13, 4, 'Abod', 3753),
(14, 13, 'Abony', 2740),
(15, 18, 'Ábrahámhegy', 8256),
(16, 11, 'Ács', 2941),
(17, 13, 'Acsa', 2683),
(18, 17, 'Acsád', 9746),
(19, 7, 'Acsalag', 9168),
(20, 11, 'Ácsteszér', 2887),
(21, 9, 'Adács', 3292),
(22, 14, 'Ádánd', 8653),
(23, 18, 'Adásztevel', 8561),
(24, 6, 'Adony', 2457),
(25, 18, 'Adorjánháza', 8497),
(26, 2, 'Adorjás', 7841),
(27, 2, 'Ág', 7381),
(28, 1, 'Ágasegyháza', 6076),
(29, 7, 'Ágfalva', 9423),
(30, 4, 'Aggtelek', 3759),
(31, 7, 'Agyagosszergény', 9441),
(32, 15, 'Ajak', 4524),
(33, 18, 'Ajka', 8447),
(34, 18, 'Ajka', 8448),
(35, 18, 'Ajka', 8451),
(36, 18, 'Ajka', 8400),
(37, 11, 'Aka', 2862),
(38, 1, 'Akasztó', 6221),
(39, 4, 'Alacska', 3779),
(40, 6, 'Alap', 7011),
(41, 10, 'Alattyán', 5142),
(42, 13, 'Albertirsa', 2730),
(43, 6, 'Alcsútdoboz', 8087),
(44, 9, 'Aldebrő', 3353),
(45, 6, 'Aba', 8128),
(46, 6, 'Aba', 8127),
(47, 10, 'Abádszalók', 5241),
(48, 2, 'Abaliget', 7678),
(49, 9, 'Abasár', 3261),
(50, 4, 'Abaújalpár', 3882),
(51, 4, 'Abaújkér', 3882),
(52, 4, 'Abaújlak', 3815),
(53, 4, 'Abaújszántó', 3881),
(54, 4, 'Abaújszolnok', 3809),
(55, 4, 'Abaújvár', 3898),
(56, 7, 'Abda', 9151),
(57, 4, 'Abod', 3753),
(58, 13, 'Abony', 2740),
(59, 18, 'Ábrahámhegy', 8256),
(60, 11, 'Ács', 2941),
(61, 13, 'Acsa', 2683),
(62, 17, 'Acsád', 9746),
(63, 7, 'Acsalag', 9168),
(64, 11, 'Ácsteszér', 2887),
(65, 9, 'Adács', 3292),
(66, 14, 'Ádánd', 8653),
(67, 18, 'Adásztevel', 8561),
(68, 6, 'Adony', 2457),
(69, 18, 'Adorjánháza', 8497),
(70, 2, 'Adorjás', 7841),
(71, 2, 'Ág', 7381),
(72, 1, 'Ágasegyháza', 6076),
(73, 7, 'Ágfalva', 9423),
(74, 4, 'Aggtelek', 3759),
(75, 7, 'Agyagosszergény', 9441),
(76, 15, 'Ajak', 4524),
(77, 18, 'Ajka', 8447),
(78, 18, 'Ajka', 8448),
(79, 18, 'Ajka', 8451),
(80, 18, 'Ajka', 8400),
(81, 11, 'Aka', 2862),
(82, 1, 'Akasztó', 6221),
(83, 4, 'Alacska', 3779),
(84, 6, 'Alap', 7011),
(85, 10, 'Alattyán', 5142),
(86, 13, 'Albertirsa', 2730),
(87, 6, 'Alcsútdoboz', 8087),
(88, 9, 'Aldebrő', 3353),
(89, 5, 'Algyő', 6750),
(90, 19, 'Alibánfa', 8921),
(91, 2, 'Almamellék', 7934),
(92, 11, 'Almásfüzitő', 2931),
(93, 19, 'Almásháza', 8935),
(94, 3, 'Almáskamarás', 5747),
(95, 2, 'Almáskeresztúr', 7932),
(96, 8, 'Álmosd', 4285),
(97, 4, 'Alsóberecki', 3985),
(98, 14, 'Alsóbogát', 7443),
(99, 4, 'Alsódobsza', 3717),
(100, 4, 'Alsógagy', 3837),
(101, 2, 'Alsómocsolád', 7345),
(102, 16, 'Alsónána', 7147),
(103, 13, 'Alsónémedi', 2351),
(104, 19, 'Alsónemesapáti', 8924),
(105, 16, 'Alsónyék', 7148),
(106, 18, 'Alsóörs', 8226),
(107, 19, 'Alsópáhok', 8394),
(108, 12, 'Alsópetény', 2617),
(109, 19, 'Alsórajk', 8767),
(110, 4, 'Alsóregmec', 3989),
(111, 19, 'Alsószenterzsébet', 8973),
(112, 6, 'Alsószentiván', 7012),
(113, 2, 'Alsószentmárton', 7826),
(114, 17, 'Alsószölnök', 9983),
(115, 4, 'Alsószuha', 3726),
(116, 4, 'Alsótelekes', 3735),
(117, 12, 'Alsótold', 3069),
(118, 17, 'Alsóújlak', 9842),
(119, 4, 'Alsóvadász', 3811),
(120, 4, 'Alsózsolca', 3571),
(121, 5, 'Ambrózfalva', 6916),
(122, 15, 'Anarcs', 4546),
(123, 14, 'Andocs', 8675),
(124, 9, 'Andornaktálya', 3399),
(125, 17, 'Andrásfa', 9811),
(126, 11, 'Annavölgy', 2529),
(127, 18, 'Apácatorna', 8477),
(128, 15, 'Apagy', 4553),
(129, 13, 'Apaj', 2345),
(130, 16, 'Aparhant', 7186),
(131, 5, 'Apátfalva', 6931),
(132, 17, 'Apátistvánfalva', 9982),
(133, 2, 'Apátvarasd', 7720),
(134, 9, 'Apc', 3032),
(135, 13, 'Áporka', 2338),
(136, 1, 'Apostag', 6088),
(137, 15, 'Aranyosapáti', 4634),
(138, 2, 'Aranyosgadány', 7671),
(139, 4, 'Arka', 3885),
(140, 4, 'Arló', 3663),
(141, 4, 'Arnót', 3713),
(142, 4, 'Ároktő', 3467),
(143, 5, 'Árpádhalom', 6623),
(144, 7, 'Árpás', 9132),
(145, 8, 'Ártánd', 4115),
(146, 5, 'Ásotthalom', 6783),
(147, 7, 'Ásványráró', 9177),
(148, 4, 'Aszaló', 3841),
(149, 13, 'Aszód', 2170),
(150, 18, 'Aszófő', 8241),
(151, 2, 'Áta', 7763),
(152, 9, 'Átány', 3371),
(153, 9, 'Atkár', 3213),
(154, 16, 'Attala', 7252),
(155, 2, 'Babarc', 7757),
(156, 2, 'Babarcszőlős', 7814),
(157, 14, 'Babócsa', 7584),
(158, 11, 'Bábolna', 2943),
(159, 14, 'Bábonymegyer', 8658),
(160, 19, 'Babosdöbréte', 8983),
(161, 7, 'Babót', 9351),
(162, 1, 'Bácsalmás', 6430),
(163, 1, 'Bácsbokod', 6453),
(164, 1, 'Bácsborsód', 6454),
(165, 1, 'Bácsszentgyörgy', 6511),
(166, 1, 'Bácsszőlős', 6425),
(167, 18, 'Badacsonytomaj', 8261),
(168, 18, 'Badacsonytomaj', 8257),
(169, 18, 'Badacsonytomaj', 8258),
(170, 18, 'Badacsonytördemic', 8262),
(171, 18, 'Badacsonytördemic', 8263),
(172, 13, 'Bag', 2191),
(173, 8, 'Bagamér', 4286),
(174, 19, 'Baglad', 8977),
(175, 19, 'Bagod', 8992),
(176, 7, 'Bágyogszovát', 9145),
(177, 11, 'Baj', 2836),
(178, 1, 'Baja', 6503),
(179, 1, 'Baja', 6500),
(180, 17, 'Bajánsenye', 9944),
(181, 11, 'Bajna', 2525),
(182, 11, 'Bajót', 2533),
(183, 19, 'Bak', 8945),
(184, 14, 'Bakháza', 7585),
(185, 2, 'Bakóca', 7393),
(186, 8, 'Bakonszeg', 4164),
(187, 2, 'Bakonya', 7675),
(188, 11, 'Bakonybánk', 2885),
(189, 18, 'Bakonybél', 8427),
(190, 6, 'Bakonycsernye', 8056),
(191, 18, 'Bakonygyirót', 8433),
(192, 18, 'Bakonyjákó', 8581),
(193, 18, 'Bakonykoppány', 8571),
(194, 6, 'Bakonykúti', 8045),
(195, 18, 'Bakonynána', 8422),
(196, 18, 'Bakonyoszlop', 8418),
(197, 7, 'Bakonypéterd', 9088),
(198, 18, 'Bakonypölöske', 8457),
(199, 18, 'Bakonyság', 8557),
(200, 11, 'Bakonysárkány', 2861),
(201, 18, 'Bakonyszentiván', 8557),
(202, 18, 'Bakonyszentkirály', 8430),
(203, 18, 'Bakonyszentlászló', 8431),
(204, 11, 'Bakonyszombathely', 2884),
(205, 18, 'Bakonyszücs', 8572),
(206, 18, 'Bakonytamási', 8555),
(207, 5, 'Baks', 6768),
(208, 2, 'Baksa', 7834),
(209, 4, 'Baktakék', 3836),
(210, 15, 'Baktalórántháza', 4561),
(211, 19, 'Baktüttös', 8946),
(212, 4, 'Balajt', 3780),
(213, 12, 'Balassagyarmat', 2660),
(214, 5, 'Balástya', 6764),
(215, 9, 'Balaton', 3347),
(216, 18, 'Balatonakali', 8243),
(217, 18, 'Balatonalmádi', 8220),
(218, 14, 'Balatonberény', 8649),
(219, 14, 'Balatonboglár', 8691),
(220, 14, 'Balatonboglár', 8630),
(221, 18, 'Balatoncsicsó', 8272),
(222, 18, 'Balatonederics', 8312),
(223, 14, 'Balatonendréd', 8613),
(224, 14, 'Balatonfenyves', 8646),
(225, 18, 'Balatonfőkajár', 8164),
(226, 14, 'Balatonföldvár', 8623),
(227, 18, 'Balatonfüred', 8236),
(228, 18, 'Balatonfüred', 8230),
(229, 18, 'Balatonfűzfő', 8184),
(230, 18, 'Balatonfűzfő', 8175),
(231, 19, 'Balatongyörök', 8313),
(232, 18, 'Balatonhenye', 8275),
(233, 18, 'Balatonkenese', 8172),
(234, 18, 'Balatonkenese', 8174),
(235, 14, 'Balatonkeresztúr', 8648),
(236, 14, 'Balatonlelle', 8638),
(237, 19, 'Balatonmagyaród', 8753),
(238, 14, 'Balatonmáriafürdő', 8647),
(239, 14, 'Balatonőszöd', 8637),
(240, 18, 'Balatonrendes', 8255),
(241, 14, 'Balatonszabadi', 8651),
(242, 14, 'Balatonszárszó', 8624),
(243, 14, 'Balatonszemes', 8636),
(244, 14, 'Balatonszentgyörgy', 8710),
(245, 18, 'Balatonszepezd', 8252),
(246, 18, 'Balatonszőlős', 8233),
(247, 18, 'Balatonudvari', 8242),
(248, 14, 'Balatonújlak', 8712),
(249, 18, 'Balatonvilágos', 8171),
(250, 6, 'Balinka', 8054),
(251, 6, 'Balinka', 8055),
(252, 15, 'Balkány', 4233),
(253, 1, 'Ballószög', 6035),
(254, 8, 'Balmazújváros', 4060),
(255, 17, 'Balogunyom', 9771),
(256, 1, 'Balotaszállás', 6412),
(257, 15, 'Balsa', 4468),
(258, 14, 'Bálványos', 8614),
(259, 11, 'Bana', 2944),
(260, 18, 'Bánd', 8443),
(261, 2, 'Bánfa', 7914),
(262, 4, 'Bánhorváti', 3642),
(263, 12, 'Bánk', 2653),
(264, 19, 'Bánokszentgyörgy', 8891),
(265, 4, 'Bánréve', 3654),
(266, 2, 'Bár', 7711),
(267, 15, 'Barabás', 4937),
(268, 6, 'Baracs', 2427),
(269, 6, 'Baracs', 2426),
(270, 6, 'Baracska', 2471),
(271, 8, 'Báránd', 4161),
(272, 2, 'Baranyahidvég', 7841),
(273, 2, 'Baranyajenő', 7384),
(274, 2, 'Baranyaszentgyörgy', 7383),
(275, 7, 'Barbacs', 9169),
(276, 14, 'Barcs', 7557),
(277, 14, 'Barcs', 7570),
(278, 14, 'Bárdudvarnok', 7478),
(279, 19, 'Barlahida', 8948),
(280, 12, 'Bárna', 3126),
(281, 18, 'Barnag', 8291),
(282, 11, 'Bársonyos', 2883),
(283, 2, 'Basal', 7923),
(284, 4, 'Baskó', 3881),
(285, 16, 'Báta', 7149),
(286, 16, 'Bátaapáti', 7164),
(287, 16, 'Bátaszék', 7140),
(288, 14, 'Baté', 7258),
(289, 1, 'Bátmonostor', 6528),
(290, 12, 'Bátonyterenye', 3078),
(291, 12, 'Bátonyterenye', 3070),
(292, 12, 'Bátonyterenye', 3151),
(293, 9, 'Bátor', 3336),
(294, 15, 'Bátorliget', 4343),
(295, 3, 'Battonya', 5830),
(296, 1, 'Bátya', 6351),
(297, 19, 'Batyk', 8797),
(298, 19, 'Bázakerettye', 8887),
(299, 18, 'Bazsi', 8352),
(300, 18, 'Béb', 8565),
(301, 19, 'Becsehely', 8866),
(302, 12, 'Becske', 2693),
(303, 4, 'Becskeháza', 3768),
(304, 19, 'Becsvölgye', 8985),
(305, 14, 'Bedegkér', 8666),
(306, 8, 'Bedő', 4128),
(307, 17, 'Bejcgyertyános', 9683),
(308, 18, 'Békás', 8515),
(309, 4, 'Bekecs', 3903),
(310, 3, 'Békés', 5630),
(311, 3, 'Békéscsaba', 5623),
(312, 3, 'Békéscsaba', 5671),
(313, 3, 'Békéscsaba', 5600),
(314, 3, 'Békéssámson', 5946),
(315, 3, 'Békésszentandrás', 5561),
(316, 9, 'Bekölce', 3343),
(317, 9, 'Bélapátfalva', 3346),
(318, 14, 'Bélavár', 7589),
(319, 16, 'Belecska', 7061),
(320, 7, 'Beled', 9343),
(321, 14, 'Beleg', 7543),
(322, 19, 'Belezna', 8855),
(323, 3, 'Bélmegyer', 5643),
(324, 6, 'Beloiannisz', 2455),
(325, 19, 'Belsősárd', 8978),
(326, 2, 'Belvárdgyula', 7747),
(327, 15, 'Benk', 4643),
(328, 13, 'Bénye', 2216),
(329, 12, 'Bér', 3045),
(330, 17, 'Bérbaltavár', 9831),
(331, 12, 'Bercel', 2687),
(332, 15, 'Beregdaróc', 4934),
(333, 15, 'Beregsurány', 4933),
(334, 8, 'Berekböszörmény', 4116),
(335, 10, 'Berekfürdő', 5309),
(336, 2, 'Beremend', 7827),
(337, 4, 'Berente', 3704),
(338, 4, 'Beret', 3834),
(339, 8, 'Berettyóújfalu', 4103),
(340, 8, 'Berettyóújfalu', 4100),
(341, 18, 'Berhida', 8182),
(342, 18, 'Berhida', 8181),
(343, 12, 'Berkenye', 2641),
(344, 2, 'Berkesd', 7664),
(345, 15, 'Berkesz', 4521),
(346, 13, 'Bernecebaráti', 2639),
(347, 4, 'Berzék', 3575),
(348, 14, 'Berzence', 7516),
(349, 2, 'Besence', 7838),
(350, 15, 'Besenyőd', 4557),
(351, 9, 'Besenyőtelek', 3373),
(352, 10, 'Besenyszög', 5071),
(353, 6, 'Besnyő', 2456),
(354, 15, 'Beszterec', 4488),
(355, 2, 'Bezedek', 7782),
(356, 7, 'Bezenye', 9223),
(357, 19, 'Bezeréd', 8934),
(358, 7, 'Bezi', 9162),
(359, 13, 'Biatorbágy', 2051),
(360, 2, 'Bicsérd', 7671),
(361, 6, 'Bicske', 2060),
(362, 8, 'Bihardancsháza', 4175),
(363, 8, 'Biharkeresztes', 4110),
(364, 8, 'Biharnagybajom', 4172),
(365, 8, 'Bihartorda', 4174),
(366, 3, 'Biharugra', 5538),
(367, 16, 'Bikács', 7043),
(368, 2, 'Bikal', 7346),
(369, 15, 'Biri', 4235),
(370, 2, 'Birján', 7747),
(371, 2, 'Bisse', 7811),
(372, 17, 'Bő', 9625),
(373, 19, 'Boba', 9542),
(374, 9, 'Bocfölde', 8943),
(375, 1, 'Boconád', 3368),
(376, 19, 'Bőcs', 3574),
(377, 8, 'Bócsa', 6235),
(378, 2, 'Bocska', 8776),
(379, 6, 'Bocskaikert', 4241),
(380, 6, 'Boda', 7672),
(381, 2, 'Bodajk', 8053),
(382, 7, 'Böde', 8991),
(383, 9, 'Bödeháza', 8969),
(384, 18, 'Bodmér', 8085),
(385, 14, 'Bodolyabér', 7394),
(386, 4, 'Bodonhely', 9134),
(387, 4, 'Bodony', 3243),
(388, 4, 'Bodorfa', 8471),
(389, 4, 'Bodrog', 7439),
(390, 4, 'Bodroghalom', 3987),
(391, 4, 'Bodrogkeresztúr', 3916),
(392, 4, 'Bodrogkisfalud', 3917),
(393, 4, 'Bodrogolaszi', 3943),
(394, 2, 'Bódvalenke', 3768),
(395, 2, 'Bódvarákó', 3764),
(396, 2, 'Bódvaszilas', 3763),
(397, 16, 'Bogács', 3412),
(398, 7, 'Bogád', 7742),
(399, 8, 'Bogádmindszent', 7836),
(400, 19, 'Bogdása', 7966),
(401, 11, 'Bögöt', 9612),
(402, 12, 'Bögöte', 9675),
(403, 9, 'Bogyiszló', 7132),
(404, 2, 'Bogyoszló', 9324),
(405, 4, 'Böhönye', 8719),
(406, 4, 'Bojt', 4114),
(407, 4, 'Bókaháza', 8741),
(408, 14, 'Bokod', 2855),
(409, 14, 'Bököny', 4231),
(410, 2, 'Bokor', 3066),
(411, 19, 'Bölcske', 7025),
(412, 14, 'Boldog', 3016),
(413, 16, 'Boldogasszonyfa', 7937),
(414, 16, 'Boldogkőújfalu', 3884),
(415, 16, 'Boldogkőváralja', 3885),
(416, 5, 'Boldva', 3794),
(417, 17, 'Bolhás', 7517),
(418, 2, 'Bolhó', 7586),
(419, 1, 'Bóly', 7754),
(420, 19, 'Boncodfölde', 8992),
(421, 4, 'Bonnya', 7281),
(422, 4, 'Bőny', 9073),
(423, 4, 'Bonyhád', 7187),
(424, 4, 'Bonyhád', 7150),
(425, 4, 'Bonyhádvarasd', 7158),
(426, 4, 'Börcs', 9152),
(427, 4, 'Bordány', 6795),
(428, 12, 'Borgáta', 9554),
(429, 18, 'Borjád', 7756),
(430, 18, 'Borota', 6445),
(431, 2, 'Borsfa', 8885),
(432, 15, 'Borsodbóta', 3658),
(433, 2, 'Borsodgeszt', 3426),
(434, 17, 'Borsodivánka', 3462),
(435, 17, 'Borsodnádasd', 3672),
(436, 4, 'Borsodnádasd', 3671),
(437, 17, 'Borsodszentgyörgy', 3623),
(438, 4, 'Borsodszirák', 3796),
(439, 19, 'Borsosberény', 2644),
(440, 19, 'Borszörcsök', 8479),
(441, 17, 'Borzavár', 8428),
(442, 17, 'Börzönce', 8772),
(443, 14, 'Bősárkány', 9167),
(444, 15, 'Bosta', 7811),
(445, 16, 'Bőszénfa', 7475),
(446, 7, 'Botpalád', 4955),
(447, 7, 'Botykapeterd', 7900),
(448, 19, 'Bozsok', 9727),
(449, 7, 'Bózsva', 3994),
(450, 14, 'Bozzai', 9752),
(451, 3, 'Bucsa', 5527),
(452, 17, 'Bucsu', 9792),
(453, 19, 'Bucsuszentlászló', 8925),
(454, 19, 'Bucsuta', 8893),
(455, 13, 'Budajenő', 2093),
(456, 13, 'Budakalász', 2011),
(457, 13, 'Budakeszi', 2092),
(458, 13, 'Budaörs', 2040),
(459, 1, 'Bugac', 6114),
(460, 1, 'Bugacpusztaháza', 6114),
(461, 13, 'Bugyi', 2347),
(462, 15, 'Buj', 4483),
(463, 12, 'Buják', 3047),
(464, 14, 'Bük', 9740),
(465, 17, 'Bük', 9737),
(466, 17, 'Bükkábrány', 3422),
(467, 4, 'Bükkaranyos', 3554),
(468, 4, 'Bükkmogyorósd', 3648),
(469, 4, 'Bükkösd', 7682),
(470, 2, 'Bükkszék', 3335),
(471, 9, 'Bükkszenterzsébet', 3257),
(472, 9, 'Bükkszentkereszt', 3557),
(473, 4, 'Bükkszentmárton', 3346),
(474, 9, 'Bükkzsérc', 3414),
(475, 4, 'Bürüs', 7973),
(476, 2, 'Büssü', 7273),
(477, 14, 'Büttös', 3821),
(478, 4, 'Buzsák', 8695),
(479, 17, 'Cák', 9725),
(480, 7, 'Cakóháza', 9165),
(481, 6, 'Cece', 7013),
(482, 15, 'Cégénydányád', 4732),
(483, 13, 'Cegléd', 2738),
(484, 13, 'Cegléd', 2700),
(485, 13, 'Ceglédbercel', 2737),
(486, 17, 'Celldömölk', 9541),
(487, 17, 'Celldömölk', 9500),
(488, 12, 'Cered', 3123),
(489, 17, 'Chernelházadamonya', 9624),
(490, 10, 'Cibakháza', 5462),
(491, 4, 'Cigánd', 3973),
(492, 16, 'Cikó', 7161),
(493, 7, 'Cirák', 9364),
(494, 3, 'Csabacsűd', 5551),
(495, 3, 'Csabaszabadi', 5609),
(496, 6, 'Csabdi', 2064),
(497, 18, 'Csabrendek', 8474),
(498, 7, 'Csáfordjánosfa', 9375),
(499, 15, 'Csaholc', 4967),
(500, 18, 'Csajág', 8163),
(501, 14, 'Csákány', 8735),
(502, 17, 'Csákánydoroszló', 9919),
(503, 6, 'Csákberény', 8073),
(504, 6, 'Csákvár', 8083),
(505, 5, 'Csanádalberti', 6915),
(506, 3, 'Csanádapáca', 5662),
(507, 5, 'Csanádpalota', 6913),
(508, 17, 'Csánig', 9654),
(509, 9, 'Csány', 3015),
(510, 2, 'Csányoszró', 7964),
(511, 5, 'Csanytelek', 6647),
(512, 19, 'Csapi', 8756),
(513, 7, 'Csapod', 9372),
(514, 3, 'Csárdaszállás', 5621),
(515, 2, 'Csarnóta', 7811),
(516, 15, 'Csaroda', 4844),
(517, 11, 'Császár', 2858),
(518, 1, 'Császártöltés', 6239),
(519, 15, 'Császló', 4973),
(520, 1, 'Csátalja', 6523),
(521, 19, 'Csatár', 8943),
(522, 10, 'Csataszög', 5064),
(523, 11, 'Csatka', 2888),
(524, 1, 'Csávoly', 6448),
(525, 2, 'Csebény', 7935),
(526, 12, 'Csécse', 3052),
(527, 15, 'Csegöld', 4742),
(528, 18, 'Csehbánya', 8445),
(529, 17, 'Csehi', 9833),
(530, 17, 'Csehimindszent', 9834),
(531, 11, 'Csém', 2949),
(532, 13, 'Csemő', 2713),
(533, 17, 'Csempeszkopács', 9764),
(534, 5, 'Csengele', 6765),
(535, 15, 'Csenger', 4765),
(536, 15, 'Csengersima', 4743),
(537, 15, 'Csengerújfalu', 4764),
(538, 1, 'Csengőd', 6222),
(539, 17, 'Csénye', 9611),
(540, 4, 'Csenyéte', 3837),
(541, 11, 'Csép', 2946),
(542, 10, 'Csépa', 5475),
(543, 17, 'Csepreg', 9735),
(544, 7, 'Csér', 9375),
(545, 2, 'Cserdi', 7683),
(546, 14, 'Cserénfa', 7472),
(547, 4, 'Cserépfalu', 3413),
(548, 4, 'Cserépváralja', 3417),
(549, 12, 'Cserháthaláp', 2694),
(550, 12, 'Cserhátsurány', 2676),
(551, 12, 'Cserhátszentiván', 3066),
(552, 10, 'Cserkeszőlő', 5465),
(553, 2, 'Cserkút', 7673),
(554, 4, 'Csernely', 3648),
(555, 19, 'Cserszegtomaj', 8372),
(556, 19, 'Csertalakos', 8951),
(557, 2, 'Csertő', 7900),
(558, 18, 'Csesznek', 8419),
(559, 19, 'Csesztreg', 8973),
(560, 12, 'Csesztve', 2678),
(561, 18, 'Csetény', 8417),
(562, 13, 'Csévharaszt', 2212),
(563, 16, 'Csibrák', 7225),
(564, 1, 'Csikéria', 6424),
(565, 16, 'Csikóstőttős', 7341),
(566, 7, 'Csikvánd', 9127),
(567, 4, 'Csincse', 3442),
(568, 17, 'Csipkerek', 9836),
(569, 12, 'Csitár', 2673),
(570, 4, 'Csobád', 3848),
(571, 4, 'Csobaj', 3927),
(572, 13, 'Csobánka', 2014),
(573, 6, 'Csöde', 8999),
(574, 14, 'Csögle', 8495),
(575, 4, 'Csókakő', 8074),
(576, 11, 'Csökmő', 4145),
(577, 1, 'Csököly', 7526),
(578, 14, 'Csokonyavisonta', 7555),
(579, 13, 'Csokvaomány', 3647),
(580, 14, 'Csolnok', 2521),
(581, 5, 'Csólyospálos', 6135),
(582, 5, 'Csoma', 7253),
(583, 19, 'Csomád', 2161),
(584, 2, 'Csombárd', 7432),
(585, 18, 'Csömend', 8700),
(586, 6, 'Csömödér', 8957),
(587, 7, 'Csömör', 2141),
(588, 3, 'Csönge', 9513),
(589, 18, 'Csongrád-Csanád', 6648),
(590, 19, 'Csongrád-Csanád', 6640),
(591, 18, 'Csonkahegyhát', 8918),
(592, 8, 'Csonkamindszent', 7940),
(593, 14, 'Csopak', 8229),
(594, 14, 'Csór', 8041),
(595, 19, 'Csorna', 9300),
(596, 13, 'Csörnyeföld', 8873),
(597, 17, 'Csörötnek', 9962),
(598, 19, 'Csorvás', 5920),
(599, 17, 'Csősz', 8122),
(600, 6, 'Csót', 8558),
(601, 13, 'Csővár', 2615),
(602, 14, 'Csurgó', 8840),
(603, 14, 'Csurgónagymarton', 8840),
(604, 2, 'Cún', 7843),
(605, 13, 'Dabas', 2373),
(606, 13, 'Dabas', 2371),
(607, 13, 'Dabas', 2370),
(608, 18, 'Dabronc', 8345),
(609, 18, 'Dabrony', 8485),
(610, 11, 'Dad', 2854),
(611, 11, 'Dág', 2522),
(612, 18, 'Dáka', 8592),
(613, 16, 'Dalmand', 7211),
(614, 4, 'Damak', 3780),
(615, 4, 'Dámóc', 3978),
(616, 13, 'Dánszentmiklós', 2735),
(617, 13, 'Dány', 2118),
(618, 17, 'Daraboshegy', 9917),
(619, 14, 'Darány', 7988),
(620, 15, 'Darnó', 4737),
(621, 7, 'Darnózseli', 9232),
(622, 8, 'Darvas', 4144),
(623, 1, 'Dávod', 6524),
(624, 12, 'Debercsény', 2694),
(625, 8, 'Debrecen', 4079),
(626, 8, 'Debrecen', 4078),
(627, 8, 'Debrecen', 4225),
(628, 8, 'Debrecen', 4063),
(629, 8, 'Debrecen', 4000),
(630, 8, 'Debrecen', 4002),
(631, 8, 'Debrecen', 4024),
(632, 8, 'Debrecen', 4025),
(633, 8, 'Debrecen', 4026),
(634, 8, 'Debrecen', 4027),
(635, 8, 'Debrecen', 4028),
(636, 8, 'Debrecen', 4029),
(637, 8, 'Debrecen', 4030),
(638, 8, 'Debrecen', 4031),
(639, 8, 'Debrecen', 4032),
(640, 8, 'Debrecen', 4033),
(641, 8, 'Debrecen', 4034),
(642, 4, 'Debréte', 3825),
(643, 16, 'Decs', 7144),
(644, 4, 'Dédestapolcsány', 3643),
(645, 6, 'Dég', 8135),
(646, 12, 'Dejtár', 2649),
(647, 13, 'Délegyháza', 2337),
(648, 15, 'Demecser', 4516),
(649, 9, 'Demjén', 3395),
(650, 2, 'Dencsháza', 7915),
(651, 7, 'Dénesfa', 9365),
(652, 8, 'Derecske', 4130),
(653, 5, 'Derekegyház', 6621),
(654, 5, 'Deszk', 6772),
(655, 4, 'Detek', 3834),
(656, 9, 'Detk', 3275),
(657, 3, 'Dévaványa', 5510),
(658, 18, 'Devecser', 8460),
(659, 2, 'Dinnyeberki', 7683),
(660, 16, 'Diósberény', 7072),
(661, 13, 'Diósd', 2049),
(662, 12, 'Diósjenő', 2643),
(663, 19, 'Dióskál', 8764),
(664, 2, 'Diósviszló', 7817),
(665, 18, 'Doba', 8482),
(666, 3, 'Döbörhegy', 9914),
(667, 19, 'Doboz', 5624),
(668, 19, 'Dobri', 8874),
(669, 5, 'Döbröce', 8357),
(670, 4, 'Döbrököz', 7228),
(671, 5, 'Dobronhegy', 8989),
(672, 3, 'Döbrönte', 8597),
(673, 3, 'Dóc', 6766),
(674, 16, 'Döge', 4495),
(675, 15, 'Domaháza', 3627),
(676, 13, 'Domaszék', 6781),
(677, 9, 'Dombegyház', 5836),
(678, 9, 'Dombiratos', 5745),
(679, 11, 'Dombóvár', 7200),
(680, 12, 'Dombrád', 4492),
(681, 17, 'Domony', 2182),
(682, 17, 'Dömös', 2027),
(683, 19, 'Domoszló', 3263),
(684, 16, 'Dömsöd', 2344),
(685, 18, 'Dör', 9147),
(686, 15, 'Dörgicse', 8244),
(687, 11, 'Dormánd', 3374),
(688, 13, 'Dorog', 2510),
(689, 7, 'Dorogháza', 3153),
(690, 18, 'Döröske', 9913),
(691, 17, 'Dötk', 8799),
(692, 19, 'Dövény', 3721),
(693, 4, 'Dozmat', 9791),
(694, 1, 'Drágszél', 6342),
(695, 2, 'Drávacsehi', 7849),
(696, 2, 'Drávacsepely', 7846),
(697, 2, 'Drávafok', 7967),
(698, 14, 'Drávagárdony', 7977),
(699, 2, 'Drávaiványi', 7960),
(700, 2, 'Drávakeresztúr', 7967),
(701, 2, 'Drávapalkonya', 7850),
(702, 2, 'Drávapiski', 7843),
(703, 2, 'Drávaszabolcs', 7851),
(704, 2, 'Drávaszerdahely', 7847),
(705, 2, 'Drávasztára', 7960),
(706, 14, 'Drávatamási', 7979),
(707, 12, 'Drégelypalánk', 2646),
(708, 4, 'Dubicsány', 3635),
(709, 18, 'Dudar', 8416),
(710, 17, 'Duka', 9556),
(711, 11, 'Dunaalmás', 2545),
(712, 13, 'Dunabogdány', 2023),
(713, 1, 'Dunaegyháza', 6323),
(714, 1, 'Dunafalva', 6513),
(715, 16, 'Dunaföldvár', 7020),
(716, 13, 'Dunaharaszti', 2330),
(717, 13, 'Dunakeszi', 2120),
(718, 7, 'Dunakiliti', 9225),
(719, 1, 'Dunapataj', 6328),
(720, 7, 'Dunaremete', 9235),
(721, 7, 'Dunaszeg', 9174),
(722, 2, 'Dunaszekcső', 7712),
(723, 1, 'Dunaszentbenedek', 6333),
(724, 16, 'Dunaszentgyörgy', 7135),
(725, 11, 'Dunaszentmiklós', 2897),
(726, 7, 'Dunaszentpál', 9175),
(727, 7, 'Dunasziget', 9226),
(728, 1, 'Dunatetétlen', 6325),
(729, 6, 'Dunaújváros', 2407),
(730, 6, 'Dunaújváros', 2400),
(731, 13, 'Dunavarsány', 2336),
(732, 1, 'Dunavecse', 6087),
(733, 1, 'Dusnok', 6353),
(734, 16, 'Dúzs', 7224),
(735, 7, 'Ebergőc', 9451),
(736, 8, 'Ebes', 4211),
(737, 7, 'Écs', 9083),
(738, 9, 'Ecséd', 3013),
(739, 12, 'Ecseg', 3053),
(740, 3, 'Ecsegfalva', 5515),
(741, 14, 'Ecseny', 7457),
(742, 13, 'Ecser', 2233),
(743, 14, 'Edde', 7443),
(744, 4, 'Edelény', 3783),
(745, 4, 'Edelény', 3780),
(746, 7, 'Edve', 9343),
(747, 9, 'Eger', 3304),
(748, 9, 'Eger', 3323),
(749, 9, 'Eger', 3300),
(750, 2, 'Egerág', 7763),
(751, 18, 'Egeralja', 8497),
(752, 19, 'Egeraracsa', 8765),
(753, 9, 'Egerbakta', 3321),
(754, 9, 'Egerbocs', 3337),
(755, 9, 'Egercsehi', 3341),
(756, 9, 'Egerfarmos', 3379),
(757, 4, 'Egerlövő', 3461),
(758, 9, 'Egerszalók', 3394),
(759, 9, 'Égerszög', 3757),
(760, 4, 'Egerszólát', 3328),
(761, 19, 'Egervár', 8913),
(762, 17, 'Egervölgy', 9684),
(763, 7, 'Egyed', 9314),
(764, 8, 'Egyek', 4067),
(765, 8, 'Egyek', 4069),
(766, 12, 'Egyházasdengeleg', 3043),
(767, 7, 'Egyházasfalu', 9473),
(768, 12, 'Egyházasgerge', 3185),
(769, 2, 'Egyházasharaszti', 7824),
(770, 17, 'Egyházashetye', 9554),
(771, 17, 'Egyházashollós', 9781),
(772, 18, 'Egyházaskesző', 8523),
(773, 2, 'Egyházaskozár', 7347),
(774, 17, 'Egyházasrádóc', 9783),
(775, 3, 'Elek', 5742),
(776, 2, 'Ellend', 7744),
(777, 6, 'Előszállás', 2423),
(778, 6, 'Előszállás', 2424),
(779, 4, 'Emőd', 3432),
(780, 4, 'Encs', 3854),
(781, 4, 'Encs', 3860),
(782, 15, 'Encsencs', 4374),
(783, 12, 'Endrefalva', 3165),
(784, 2, 'Endrőc', 7973),
(785, 7, 'Enese', 9143),
(786, 6, 'Enying', 8131),
(787, 6, 'Enying', 8130),
(788, 5, 'Eperjes', 6624),
(789, 15, 'Eperjeske', 4646),
(790, 18, 'Eplény', 8413),
(791, 11, 'Epöl', 2526),
(792, 6, 'Ercsi', 2453),
(793, 6, 'Ercsi', 2451),
(794, 13, 'Érd', 2036),
(795, 13, 'Érd', 2035),
(796, 13, 'Érd', 2030),
(797, 4, 'Erdőbénye', 3932),
(798, 4, 'Erdőhorváti', 3935),
(799, 13, 'Erdőkertes', 2113),
(800, 9, 'Erdőkövesd', 3252),
(801, 12, 'Erdőkürt', 2176),
(802, 2, 'Erdősmárok', 7735),
(803, 2, 'Erdősmecske', 7723),
(804, 12, 'Erdőtarcsa', 2177),
(805, 9, 'Erdőtelek', 3358),
(806, 9, 'Erk', 3295),
(807, 15, 'Érpatak', 4245),
(808, 1, 'Érsekcsanád', 6347),
(809, 1, 'Érsekhalma', 6348),
(810, 12, 'Érsekvadkert', 2659),
(811, 16, 'Értény', 7093),
(812, 2, 'Erzsébet', 7661),
(813, 8, 'Esztár', 4124),
(814, 19, 'Eszteregnye', 8882),
(815, 19, 'Esztergályhorváti', 8742),
(816, 11, 'Esztergom', 2509),
(817, 11, 'Esztergom', 2500),
(818, 11, 'Ete', 2947),
(819, 12, 'Etes', 3136),
(820, 6, 'Etyek', 2091),
(821, 15, 'Fábiánháza', 4354),
(822, 5, 'Fábiánsebestyén', 6625),
(823, 16, 'Fácánkert', 7136),
(824, 16, 'Fadd', 7139),
(825, 16, 'Fadd', 7133),
(826, 4, 'Fáj', 3865),
(827, 1, 'Fajsz', 6352),
(828, 4, 'Fancsal', 3855),
(829, 7, 'Farád', 9321),
(830, 18, 'Farkasgyepű', 8582),
(831, 4, 'Farkaslyuk', 3608),
(832, 13, 'Farmos', 2765),
(833, 2, 'Fazekasboda', 7732),
(834, 9, 'Fedémes', 3255),
(835, 10, 'Fegyvernek', 5213),
(836, 10, 'Fegyvernek', 5231),
(837, 15, 'Fehérgyarmat', 4900),
(838, 7, 'Fehértó', 9163),
(839, 6, 'Fehérvárcsurgó', 8052),
(840, 2, 'Feked', 7724),
(841, 7, 'Feketeerdő', 9211),
(842, 6, 'Felcsút', 8086),
(843, 9, 'Feldebrő', 3352),
(844, 5, 'Felgyő', 6645),
(845, 7, 'Felpéc', 9122),
(846, 4, 'Felsőberecki', 3985),
(847, 17, 'Felsőcsatár', 9794),
(848, 4, 'Felsődobsza', 3847),
(849, 2, 'Felsőegerszeg', 7370),
(850, 4, 'Felsőgagy', 3837),
(851, 17, 'Felsőjánosfa', 9934),
(852, 4, 'Felsőkelecsény', 3722),
(853, 1, 'Felsőlajos', 6055),
(854, 17, 'Felsőmarác', 9918),
(855, 14, 'Felsőmocsolád', 7456),
(856, 16, 'Felsőnána', 7175),
(857, 4, 'Felsőnyárád', 3721),
(858, 16, 'Felsőnyék', 7099),
(859, 18, 'Felsőörs', 8227),
(860, 19, 'Felsőpáhok', 8380),
(861, 13, 'Felsőpakony', 2363),
(862, 12, 'Felsőpetény', 2611),
(863, 19, 'Felsőrajk', 8767),
(864, 4, 'Felsőregmec', 3989),
(865, 19, 'Felsőszenterzsébet', 8973),
(866, 1, 'Felsőszentiván', 6447),
(867, 2, 'Felsőszentmárton', 7968),
(868, 17, 'Felsőszölnök', 9985),
(869, 9, 'Felsőtárkány', 3324),
(870, 4, 'Felsőtelekes', 3735),
(871, 12, 'Felsőtold', 3067),
(872, 4, 'Felsővadász', 3814),
(873, 4, 'Felsőzsolca', 3561),
(874, 15, 'Fényeslitke', 4621),
(875, 18, 'Fenyőfő', 8432),
(876, 5, 'Ferencszállás', 6774),
(877, 7, 'Fertőboz', 9493),
(878, 7, 'Fertőd', 9433),
(879, 7, 'Fertőd', 9431),
(880, 7, 'Fertőendréd', 9442),
(881, 7, 'Fertőhomok', 9492),
(882, 7, 'Fertőrákos', 9421),
(883, 7, 'Fertőszentmiklós', 9444),
(884, 7, 'Fertőszéplak', 9436),
(885, 14, 'Fiad', 7282),
(886, 4, 'Filkeháza', 3994),
(887, 19, 'Fityeház', 8835),
(888, 1, 'Foktő', 6331),
(889, 8, 'Földeák', 6922),
(890, 14, 'Földes', 4177),
(891, 4, 'Folyás', 4090),
(892, 14, 'Fonó', 7271),
(893, 14, 'Fony', 3893),
(894, 5, 'Főnyed', 8732),
(895, 4, 'Fonyód', 8644),
(896, 13, 'Fonyód', 8640),
(897, 5, 'Forráskút', 6793),
(898, 8, 'Forró', 3849),
(899, 14, 'Fót', 2151),
(900, 4, 'Füle', 8157),
(901, 8, 'Fülesd', 4964),
(902, 6, 'Fulókércs', 3864),
(903, 15, 'Fülöp', 4266),
(904, 8, 'Fülöpháza', 6042),
(905, 1, 'Fülöpjakab', 6116),
(906, 1, 'Fülöpszállás', 6085),
(907, 1, 'Fülpösdaróc', 4754),
(908, 15, 'Fürged', 7087),
(909, 16, 'Furta', 4141),
(910, 4, 'Füzér', 3996),
(911, 4, 'Füzérkajata', 3994),
(912, 4, 'Füzérkomlós', 3997),
(913, 4, 'Füzérradvány', 3993),
(914, 9, 'Füzesabony', 3390),
(915, 3, 'Füzesgyarmat', 5525),
(916, 19, 'Füzvölgy', 8777),
(917, 8, 'Gáborján', 4122),
(918, 19, 'Gáborjánháza', 8969),
(919, 15, 'Gacsály', 4972),
(920, 14, 'Gadács', 7276),
(921, 14, 'Gadány', 8716),
(922, 4, 'Gadna', 3815),
(923, 3, 'Gádoros', 5932),
(924, 4, 'Gagyapáti', 3837),
(925, 4, 'Gagybátor', 3817),
(926, 4, 'Gagyvendégi', 3816),
(927, 19, 'Galambok', 8754),
(928, 12, 'Galgaguta', 2686),
(929, 13, 'Galgagyörk', 2681),
(930, 13, 'Galgahévíz', 2193),
(931, 13, 'Galgamácsa', 2183),
(932, 14, 'Gálosfa', 7473),
(933, 4, 'Galvács', 3752),
(934, 14, 'Gamás', 8685),
(935, 18, 'Ganna', 8597),
(936, 6, 'Gánt', 8082),
(937, 1, 'Gara', 6522),
(938, 12, 'Garáb', 3067),
(939, 19, 'Garabonc', 8747),
(940, 4, 'Garadna', 3873),
(941, 15, 'Garbolc', 4976),
(942, 6, 'Gárdony', 2484),
(943, 6, 'Gárdony', 2485),
(944, 6, 'Gárdony', 2483),
(945, 2, 'Garé', 7812),
(946, 17, 'Gasztony', 9952),
(947, 1, 'Gátér', 6111),
(948, 15, 'Gávavencsellő', 4471),
(949, 15, 'Gávavencsellő', 4472),
(950, 15, 'Géberjén', 4754),
(951, 18, 'Gecse', 8543),
(952, 1, 'Géderlak', 6334),
(953, 15, 'Gégény', 4517),
(954, 4, 'Gelej', 3444),
(955, 15, 'Gelénes', 4935),
(956, 19, 'Gellénháza', 8981),
(957, 19, 'Gelse', 8774),
(958, 19, 'Gelsesziget', 8774),
(959, 15, 'Gemzse', 4567),
(960, 17, 'Gencsapáti', 9721),
(961, 17, 'Gérce', 9672),
(962, 2, 'Gerde', 7951),
(963, 3, 'Gerendás', 5925),
(964, 2, 'Gerényes', 7362),
(965, 2, 'Geresdlak', 7733),
(966, 16, 'Gerjen', 7134),
(967, 17, 'Gersekarát', 9813),
(968, 3, 'Geszt', 5734),
(969, 4, 'Gesztely', 3923),
(970, 4, 'Gesztely', 3715),
(971, 15, 'Geszteréd', 4232),
(972, 19, 'Gétye', 8762),
(973, 18, 'Gic', 8435),
(974, 14, 'Gige', 7527),
(975, 2, 'Gilvánfa', 7954),
(976, 4, 'Girincs', 3578),
(977, 18, 'Göd', 2131),
(978, 4, 'Göd', 2132),
(979, 13, 'Gödöllő', 2100),
(980, 19, 'Gödre', 7386),
(981, 17, 'Gödre', 7385),
(982, 2, 'Gógánfa', 8346),
(983, 19, 'Gölle', 7272),
(984, 13, 'Golop', 3906),
(985, 13, 'Gomba', 2217),
(986, 13, 'Gombosszeg', 8984),
(987, 2, 'Gömörszőlős', 3728),
(988, 2, 'Gönc', 3895),
(989, 14, 'Göncruszka', 3894),
(990, 4, 'Gönyű', 9071),
(991, 4, 'Gór', 9625),
(992, 4, 'Görbeháza', 4075),
(993, 7, 'Görcsöny', 7833),
(994, 8, 'Görcsönydoboka', 7728),
(995, 2, 'Gordisa', 7853),
(996, 2, 'Görgeteg', 7553),
(997, 14, 'Gősfa', 8913),
(998, 19, 'Gosztola', 8978),
(999, 16, 'Grábóc', 7162),
(1000, 15, 'Gulács', 4842),
(1001, 19, 'Gutorfölde', 8951),
(1002, 13, 'Gyál', 2360),
(1003, 7, 'Gyalóka', 9474),
(1004, 17, 'Gyanógeregye', 9774),
(1005, 7, 'Gyarmat', 9126),
(1006, 14, 'Gyékényes', 8851),
(1007, 19, 'Gyenesdiás', 8315),
(1008, 18, 'Gyepükaján', 8473),
(1009, 11, 'Gyermely', 2821),
(1010, 2, 'Gyód', 7668),
(1011, 3, 'Gyomaendrőd', 5502),
(1012, 3, 'Gyomaendrőd', 5500),
(1013, 7, 'Gyömöre', 9124),
(1014, 7, 'Gyömrő', 2230),
(1015, 13, 'Gyöngyfa', 7954),
(1016, 2, 'Gyöngyös', 3221),
(1017, 9, 'Gyöngyös', 3232),
(1018, 9, 'Gyöngyös', 3233),
(1019, 9, 'Gyöngyös', 3200),
(1020, 9, 'Gyöngyösfalu', 9723),
(1021, 17, 'Gyöngyöshalász', 3212),
(1022, 9, 'Gyöngyösmellék', 7972),
(1023, 2, 'Gyöngyösoroszi', 3211),
(1024, 9, 'Gyöngyöspata', 3035),
(1025, 9, 'Gyöngyössolymos', 3231),
(1026, 9, 'Gyöngyöstarján', 3036),
(1027, 9, 'Gyönk', 7064),
(1028, 16, 'Győr', 9019),
(1029, 7, 'Győr', 9011),
(1030, 7, 'Győr', 9012),
(1031, 7, 'Győr', 9000),
(1032, 7, 'Győr', 9021),
(1033, 7, 'Győr', 9022),
(1034, 7, 'Győr', 9023),
(1035, 7, 'Győr', 9024),
(1036, 7, 'Győr', 9025),
(1037, 7, 'Győr', 9026),
(1038, 7, 'Győr', 9027),
(1039, 7, 'Győr', 9028),
(1040, 7, 'Győr', 9029),
(1041, 7, 'Győr', 9030),
(1042, 7, 'Győrasszonyfa', 9093),
(1043, 7, 'Györe', 7352),
(1044, 16, 'Györgytarló', 3954),
(1045, 4, 'Györköny', 7045),
(1046, 16, 'Győrladamér', 9173),
(1047, 7, 'Gyóró', 9363),
(1048, 15, 'Győröcske', 4625),
(1049, 7, 'Győrság', 9084),
(1050, 7, 'Győrsövényház', 9161),
(1051, 7, 'Győrszemere', 9121),
(1052, 15, 'Győrtelek', 4752),
(1053, 7, 'Győrújbarát', 9081),
(1054, 7, 'Győrújfalu', 9171),
(1055, 17, 'Győrvár', 9821),
(1056, 7, 'Győrzámoly', 9172),
(1057, 14, 'Gyugy', 8692),
(1058, 3, 'Gyügye', 4733),
(1059, 3, 'Gyula', 5711),
(1060, 3, 'Gyula', 5703),
(1061, 15, 'Gyula', 5700),
(1062, 16, 'Gyulaháza', 4545),
(1063, 18, 'Gyulaj', 7227),
(1064, 6, 'Gyulakeszi', 8286),
(1065, 15, 'Gyüre', 4813),
(1066, 15, 'Gyúró', 2464),
(1067, 19, 'Gyűrűs', 8932),
(1068, 14, 'Hács', 8694),
(1069, 19, 'Hagyárosbörönd', 8992),
(1070, 19, 'Hahót', 8771),
(1071, 8, 'Hajdúbagos', 4273),
(1072, 8, 'Hajdúböszörmény', 4224),
(1073, 8, 'Hajdúböszörmény', 4086),
(1074, 8, 'Hajdúböszörmény', 4074),
(1075, 8, 'Hajdúböszörmény', 4220),
(1076, 8, 'Hajdúdorog', 4087),
(1077, 8, 'Hajdúhadház', 4242),
(1078, 8, 'Hajdúnánás', 4085),
(1079, 8, 'Hajdúnánás', 4080),
(1080, 8, 'Hajdúsámson', 4251),
(1081, 8, 'Hajdúszoboszló', 4200),
(1082, 8, 'Hajdúszovát', 4212),
(1083, 14, 'Hajmás', 7473),
(1084, 18, 'Hajmáskér', 8192),
(1085, 1, 'Hajós', 6344),
(1086, 17, 'Halastó', 9814),
(1087, 7, 'Halászi', 9228),
(1088, 13, 'Halásztelek', 2314),
(1089, 18, 'Halimba', 8452),
(1090, 4, 'Halmaj', 3842),
(1091, 9, 'Halmajugra', 3273),
(1092, 17, 'Halogy', 9917),
(1093, 4, 'Hangács', 3795),
(1094, 4, 'Hangony', 3626),
(1095, 6, 'Hantos', 2434),
(1096, 17, 'Harasztifalu', 9784),
(1097, 16, 'Harc', 7172),
(1098, 7, 'Harka', 9422),
(1099, 1, 'Harkakötöny', 6136),
(1100, 2, 'Harkány', 7815),
(1101, 14, 'Háromfa', 7585),
(1102, 4, 'Háromhuta', 3936),
(1103, 4, 'Harsány', 3555),
(1104, 18, 'Hárskút', 8442),
(1105, 1, 'Harta', 6327),
(1106, 1, 'Harta', 6326),
(1107, 2, 'Hásságy', 7745),
(1108, 9, 'Hatvan', 3000),
(1109, 7, 'Hédervár', 9178),
(1110, 14, 'Hedrehely', 7533),
(1111, 18, 'Hegyesd', 8296),
(1112, 7, 'Hegyeshalom', 9222),
(1113, 17, 'Hegyfalu', 9631),
(1114, 17, 'Hegyháthodász', 9915),
(1115, 2, 'Hegyhátmaróc', 7348),
(1116, 17, 'Hegyhátsál', 9915),
(1117, 17, 'Hegyhátszentjakab', 9934),
(1118, 17, 'Hegyhátszentmárton', 9931),
(1119, 17, 'Hegyhátszentpéter', 9826),
(1120, 7, 'Hegykő', 9437),
(1121, 18, 'Hegymagas', 8265),
(1122, 4, 'Hegymeg', 3786),
(1123, 2, 'Hegyszentmárton', 7837),
(1124, 12, 'Héhalom', 3041),
(1125, 4, 'Hejce', 3892),
(1126, 4, 'Hejőbába', 3593),
(1127, 4, 'Hejőkeresztúr', 3597),
(1128, 4, 'Hejőkürt', 3588),
(1129, 4, 'Hejőpapi', 3594),
(1130, 4, 'Hejőszalonta', 3595),
(1131, 2, 'Helesfa', 7683),
(1132, 1, 'Helvécia', 6034),
(1133, 8, 'Hencida', 4123),
(1134, 14, 'Hencse', 7532),
(1135, 13, 'Herceghalom', 2053),
(1136, 4, 'Hercegkút', 3958),
(1137, 1, 'Hercegszántó', 6525),
(1138, 9, 'Heréd', 3011),
(1139, 11, 'Héreg', 2832),
(1140, 12, 'Herencsény', 2677),
(1141, 18, 'Herend', 8440),
(1142, 14, 'Heresznye', 7587),
(1143, 15, 'Hermánszeg', 4735),
(1144, 13, 'Hernád', 2376),
(1145, 4, 'Hernádbűd', 3853),
(1146, 4, 'Hernádcéce', 3887),
(1147, 4, 'Hernádkak', 3563),
(1148, 4, 'Hernádkércs', 3846),
(1149, 4, 'Hernádnémeti', 3564),
(1150, 4, 'Hernádpetri', 3874),
(1151, 4, 'Hernádszentandrás', 3852),
(1152, 4, 'Hernádszurdok', 3875),
(1153, 4, 'Hernádvécse', 3874),
(1154, 19, 'Hernyék', 8957),
(1155, 4, 'Hét', 3655),
(1156, 15, 'Hetefejércse', 4843),
(1157, 14, 'Hetes', 7432),
(1158, 2, 'Hetvehely', 7681),
(1159, 18, 'Hetyefő', 8344),
(1160, 9, 'Heves', 3360),
(1161, 9, 'Hevesaranyos', 3322),
(1162, 9, 'Hevesvezekény', 3383),
(1163, 19, 'Hévíz', 8380),
(1164, 13, 'Hévízgyörk', 2192),
(1165, 2, 'Hidas', 7696),
(1166, 4, 'Hidasnémeti', 3876),
(1167, 18, 'Hidegkút', 8247),
(1168, 7, 'Hidegség', 9491),
(1169, 4, 'Hidvégardó', 3768),
(1170, 2, 'Himesháza', 7735),
(1171, 7, 'Himod', 9362),
(1172, 2, 'Hirics', 7838),
(1173, 2, 'Hobol', 7971),
(1174, 15, 'Hodász', 4334),
(1175, 5, 'Hódmezővásárhely', 6806),
(1176, 5, 'Hódmezővásárhely', 6800),
(1177, 14, 'Hőgyész', 7191),
(1178, 4, 'Hollád', 8731),
(1179, 12, 'Hollóháza', 3999),
(1180, 18, 'Hollókő', 3176),
(1181, 19, 'Homokbödöge', 8563),
(1182, 1, 'Homokkomárom', 8777),
(1183, 14, 'Homokmégy', 6341),
(1184, 2, 'Homokszentgyörgy', 7537),
(1185, 4, 'Homorúd', 7716),
(1186, 12, 'Homrogd', 3812),
(1187, 12, 'Hont', 2647),
(1188, 9, 'Horpács', 2658),
(1189, 8, 'Hort', 3014),
(1190, 2, 'Hortobágy', 4071),
(1191, 17, 'Horváthertelend', 7935),
(1192, 17, 'Horvátlövő', 9796),
(1193, 2, 'Horvátzsidány', 9733),
(1194, 8, 'Hosszúhetény', 7694),
(1195, 17, 'Hosszúpályi', 4274),
(1196, 14, 'Hosszúpereszteg', 9676),
(1197, 19, 'Hosszúvíz', 8716),
(1198, 18, 'Hosszúvölgy', 8777),
(1199, 19, 'Hosztót', 8475),
(1200, 16, 'Hottó', 8991),
(1201, 7, 'Hövej', 9361),
(1202, 12, 'Hugyag', 2672),
(1203, 3, 'Hunya', 5555),
(1204, 10, 'Hunyadfalva', 5063),
(1205, 2, 'Husztót', 7678),
(1206, 2, 'Ibafa', 7935),
(1207, 19, 'Iborfia', 8984),
(1208, 15, 'Ibrány', 4484),
(1209, 14, 'Igal', 7275),
(1210, 6, 'Igar', 7016),
(1211, 6, 'Igar', 7015),
(1212, 4, 'Igrici', 3459),
(1213, 14, 'Iharos', 8726),
(1214, 14, 'Iharosberény', 8725),
(1215, 17, 'Ikervár', 9756),
(1216, 13, 'Iklad', 2181),
(1217, 17, 'Iklanberény', 9634),
(1218, 19, 'Iklódbördőce', 8958),
(1219, 7, 'Ikrény', 9141),
(1220, 12, 'Iliny', 2675),
(1221, 15, 'Ilk', 4566),
(1222, 2, 'Illocska', 7775),
(1223, 4, 'Imola', 3724),
(1224, 1, 'Imrehegy', 6238),
(1225, 4, 'Ináncs', 3851),
(1226, 13, 'Inárcs', 2365),
(1227, 14, 'Inke', 8724),
(1228, 2, 'Ipacsfa', 7847),
(1229, 13, 'Ipolydamásd', 2631),
(1230, 12, 'Ipolytarnóc', 3138),
(1231, 13, 'Ipolytölgyes', 2633),
(1232, 12, 'Ipolyvece', 2669),
(1233, 16, 'Iregszemcse', 7095),
(1234, 4, 'Irota', 3786),
(1235, 13, 'Isaszeg', 2117),
(1236, 17, 'Ispánk', 9941),
(1237, 9, 'Istenmezeje', 3253),
(1238, 14, 'Istvándi', 7987),
(1239, 6, 'Iszkaszentgyörgy', 8043),
(1240, 18, 'Iszkáz', 8493),
(1241, 6, 'Isztimér', 8045),
(1242, 9, 'Ivád', 3248),
(1243, 7, 'Iván', 9374),
(1244, 2, 'Ivánbattyán', 7772),
(1245, 17, 'Ivánc', 9931),
(1246, 6, 'Iváncsa', 2454),
(1247, 2, 'Ivándárda', 7781),
(1248, 16, 'Izmény', 7353),
(1249, 1, 'Izsák', 6070),
(1250, 4, 'Izsófalva', 3741),
(1251, 16, 'Jágónak', 7362),
(1252, 17, 'Ják', 9798),
(1253, 1, 'Jakabszállás', 6078),
(1254, 17, 'Jákfa', 9643),
(1255, 4, 'Jákfalva', 3721),
(1256, 14, 'Jákó', 7525),
(1257, 15, 'Jánd', 4841),
(1258, 15, 'Jánkmajtis', 4741),
(1259, 1, 'Jánoshalma', 6440),
(1260, 17, 'Jánosháza', 9545),
(1261, 10, 'Jánoshida', 5143),
(1262, 7, 'Jánossomorja', 9241),
(1263, 7, 'Jánossomorja', 9242),
(1264, 4, 'Járdánháza', 3664),
(1265, 15, 'Jármi', 4337),
(1266, 18, 'Jásd', 8424),
(1267, 10, 'Jászágó', 5124),
(1268, 10, 'Jászalsószentgyörgy', 5054),
(1269, 10, 'Jászapáti', 5130),
(1270, 10, 'Jászárokszállás', 5123),
(1271, 10, 'Jászberény', 5152),
(1272, 10, 'Jászberény', 5100),
(1273, 10, 'Jászboldogháza', 5144),
(1274, 10, 'Jászdózsa', 5122),
(1275, 10, 'Jászfelsőszentgyörgy', 5111),
(1276, 10, 'Jászfényszaru', 5126),
(1277, 10, 'Jászivány', 5135),
(1278, 10, 'Jászjákóhalma', 5121),
(1279, 13, 'Jászkarajenő', 2746),
(1280, 10, 'Jászkisér', 5137),
(1281, 10, 'Jászladány', 5055),
(1282, 10, 'Jászszentandrás', 5136),
(1283, 1, 'Jászszentlászló', 6133),
(1284, 10, 'Jásztelek', 5141),
(1285, 15, 'Jéke', 4611),
(1286, 6, 'Jenő', 8146),
(1287, 7, 'Jobaháza', 9323),
(1288, 12, 'Jobbágyi', 3063),
(1289, 4, 'Jósvafő', 3758),
(1290, 14, 'Juta', 7431),
(1291, 8, 'Kaba', 4183),
(1292, 19, 'Kacorlak', 8773),
(1293, 4, 'Kács', 3424),
(1294, 2, 'Kacsóta', 7940),
(1295, 14, 'Kadarkút', 7530),
(1296, 7, 'Kajárpéc', 9123),
(1297, 6, 'Kajászó', 2472),
(1298, 16, 'Kajdacs', 7051),
(1299, 16, 'Kakasd', 7122),
(1300, 2, 'Kákics', 7958),
(1301, 13, 'Kakucs', 2366),
(1302, 9, 'Kál', 3350),
(1303, 16, 'Kalaznó', 7194),
(1304, 17, 'Káld', 9673),
(1305, 12, 'Kálló', 2175),
(1306, 19, 'Kallósd', 8785),
(1307, 15, 'Kállósemjén', 4324),
(1308, 14, 'Kálmáncsa', 7538),
(1309, 15, 'Kálmánháza', 4434),
(1310, 19, 'Kálócfa', 8988),
(1311, 1, 'Kalocsa', 6300),
(1312, 6, 'Káloz', 8124),
(1313, 17, 'Kám', 9841),
(1314, 18, 'Kamond', 8469),
(1315, 3, 'Kamut', 5673),
(1316, 4, 'Kánó', 3735),
(1317, 15, 'Kántorjánosi', 4335),
(1318, 4, 'Kány', 3821),
(1319, 14, 'Kánya', 8667),
(1320, 19, 'Kányavár', 8956),
(1321, 18, 'Kapolcs', 8294),
(1322, 9, 'Kápolna', 3355),
(1323, 6, 'Kápolnásnyék', 2475),
(1324, 14, 'Kapoly', 8671),
(1325, 14, 'Kaposfő', 7523),
(1326, 14, 'Kaposgyarmat', 7473),
(1327, 14, 'Kaposhomok', 7261),
(1328, 14, 'Kaposkeresztúr', 7258),
(1329, 14, 'Kaposmérő', 7521),
(1330, 16, 'Kapospula', 7251),
(1331, 16, 'Kaposszekcső', 7361),
(1332, 14, 'Kaposszerdahely', 7476),
(1333, 14, 'Kaposújlak', 7522),
(1334, 14, 'Kaposvár', 7400),
(1335, 18, 'Káptalanfa', 8471),
(1336, 18, 'Káptalantóti', 8283),
(1337, 7, 'Kapuvár', 9339),
(1338, 7, 'Kapuvár', 9330),
(1339, 14, 'Kára', 7285),
(1340, 9, 'Karácsond', 3281),
(1341, 14, 'Karád', 8676),
(1342, 17, 'Karakó', 9547),
(1343, 18, 'Karakószörcsök', 8491),
(1344, 12, 'Karancsalja', 3181),
(1345, 12, 'Karancsberény', 3137),
(1346, 12, 'Karancskeszi', 3183),
(1347, 12, 'Karancslapujtő', 3182),
(1348, 12, 'Karancsság', 3163),
(1349, 2, 'Kárász', 7333),
(1350, 10, 'Karcag', 5300),
(1351, 4, 'Karcsa', 3963),
(1352, 3, 'Kardos', 5552),
(1353, 3, 'Kardoskút', 5945),
(1354, 19, 'Karmacs', 8354),
(1355, 4, 'Karos', 3962),
(1356, 13, 'Kartal', 2173),
(1357, 2, 'Kásád', 7827),
(1358, 1, 'Kaskantyú', 6211),
(1359, 14, 'Kastélyosdombó', 7977),
(1360, 3, 'Kaszaper', 5948),
(1361, 14, 'Kaszó', 7564),
(1362, 2, 'Katádfa', 7914),
(1363, 17, 'Katafa', 9915),
(1364, 2, 'Kátoly', 7661),
(1365, 1, 'Katymár', 6455),
(1366, 13, 'Káva', 2215),
(1367, 19, 'Kávás', 8994),
(1368, 12, 'Kazár', 3147),
(1369, 12, 'Kazár', 3127),
(1370, 4, 'Kazincbarcika', 3700),
(1371, 4, 'Kázsmárk', 3831),
(1372, 14, 'Kazsok', 7274),
(1373, 1, 'Kecel', 6237),
(1374, 11, 'Kecskéd', 2852),
(1375, 1, 'Kecskemét', 6044),
(1376, 1, 'Kecskemét', 6008),
(1377, 1, 'Kecskemét', 6000),
(1378, 19, 'Kehidakustány', 8784),
(1379, 15, 'Kék', 4515),
(1380, 15, 'Kékcse', 4494),
(1381, 4, 'Kéked', 3899),
(1382, 2, 'Kékesd', 7661),
(1383, 18, 'Kékkút', 8254),
(1384, 1, 'Kelebia', 6423),
(1385, 17, 'Keléd', 9549),
(1386, 4, 'Kelemér', 3728),
(1387, 1, 'Kéleshalom', 6444),
(1388, 14, 'Kelevíz', 8714),
(1389, 15, 'Kemecse', 4501),
(1390, 13, 'Kemence', 2638),
(1391, 19, 'Kemendollár', 8931),
(1392, 18, 'Kemeneshőgyész', 8516),
(1393, 17, 'Kemeneskápolna', 9553),
(1394, 17, 'Kemenesmagasi', 9522),
(1395, 17, 'Kemenesmihályfa', 9511),
(1396, 17, 'Kemenespálfa', 9544),
(1397, 17, 'Kemenessömjén', 9517),
(1398, 17, 'Kemenesszentmárton', 9521),
(1399, 18, 'Kemenesszentpéter', 8518),
(1400, 19, 'Keménfa', 8995),
(1401, 2, 'Kémes', 7843),
(1402, 17, 'Kemestaródfa', 9923),
(1403, 2, 'Kemse', 7839),
(1404, 10, 'Kenderes', 5349),
(1405, 10, 'Kenderes', 5331),
(1406, 17, 'Kenéz', 9752),
(1407, 4, 'Kenézlő', 3955),
(1408, 10, 'Kengyel', 5083),
(1409, 17, 'Kenyeri', 9514),
(1410, 17, 'Kercaszomor', 9945),
(1411, 14, 'Kercseliget', 7256),
(1412, 9, 'Kerecsend', 3396),
(1413, 19, 'Kerecseny', 8745),
(1414, 1, 'Kerekegyháza', 6041),
(1415, 14, 'Kereki', 8618),
(1416, 11, 'Kerékteleki', 2882),
(1417, 13, 'Kerepes', 2145),
(1418, 13, 'Kerepes', 2144),
(1419, 4, 'Keresztéte', 3821),
(1420, 19, 'Kerkabarabás', 8971),
(1421, 19, 'Kerkafalva', 8973),
(1422, 19, 'Kerkakutas', 8973),
(1423, 17, 'Kerkáskápolna', 9944),
(1424, 19, 'Kerkaszentkirály', 8874),
(1425, 19, 'Kerkateskánd', 8879),
(1426, 15, 'Kérsemjén', 4912),
(1427, 18, 'Kerta', 8492),
(1428, 3, 'Kertészsziget', 5526),
(1429, 12, 'Keszeg', 2616),
(1430, 4, 'Kesznyéten', 3579),
(1431, 16, 'Keszőhidegkút', 7062),
(1432, 19, 'Keszthely', 8360),
(1433, 11, 'Kesztölc', 2517),
(1434, 2, 'Keszü', 7668),
(1435, 12, 'Kétbodony', 2655),
(1436, 3, 'Kétegyháza', 5741),
(1437, 14, 'Kéthely', 8713),
(1438, 10, 'Kétpó', 5411),
(1439, 3, 'Kétsoprony', 5674),
(1440, 2, 'Kétújfalu', 7975),
(1441, 17, 'Kétvölgy', 9982),
(1442, 16, 'Kéty', 7174),
(1443, 3, 'Kevermes', 5744),
(1444, 19, 'Kilimán', 8774),
(1445, 7, 'Kimle', 9181),
(1446, 6, 'Kincsesbánya', 8044),
(1447, 4, 'Királd', 3657),
(1448, 2, 'Királyegyháza', 7953),
(1449, 5, 'Királyhegyes', 6911),
(1450, 18, 'Királyszentistván', 8195),
(1451, 18, 'Kisapáti', 8284),
(1452, 6, 'Kisapostag', 2428),
(1453, 15, 'Kisar', 4921),
(1454, 14, 'Kisasszond', 7523),
(1455, 2, 'Kisasszonyfa', 7954),
(1456, 7, 'Kisbabot', 9133),
(1457, 12, 'Kisbágyon', 3046),
(1458, 7, 'Kisbajcs', 9062),
(1459, 14, 'Kisbajom', 7542),
(1460, 14, 'Kisbárapáti', 7282),
(1461, 12, 'Kisbárkány', 3075),
(1462, 11, 'Kisbér', 2881),
(1463, 11, 'Kisbér', 2879),
(1464, 11, 'Kisbér', 2870),
(1465, 14, 'Kisberény', 8693),
(1466, 18, 'Kisberzseny', 8477),
(1467, 2, 'Kisbeszterce', 7391),
(1468, 7, 'Kisbodak', 9234),
(1469, 19, 'Kisbucsa', 8925),
(1470, 2, 'Kisbudmér', 7756),
(1471, 4, 'Kiscsécs', 3578),
(1472, 19, 'Kiscsehi', 8888),
(1473, 18, 'Kiscsősz', 8494),
(1474, 2, 'Kisdér', 7814),
(1475, 2, 'Kisdobsza', 7985),
(1476, 3, 'Kisdombegyház', 5837),
(1477, 16, 'Kisdorog', 7159),
(1478, 12, 'Kisecset', 2655),
(1479, 7, 'Kisfalud', 9341),
(1480, 9, 'Kisfüzes', 3256),
(1481, 19, 'Kisgörbő', 8356),
(1482, 14, 'Kisgyalán', 7279),
(1483, 4, 'Kisgyőr', 3556),
(1484, 2, 'Kishajmás', 7391),
(1485, 2, 'Kisharsány', 7800),
(1486, 12, 'Kishartyán', 3161),
(1487, 2, 'Kisherend', 7763),
(1488, 15, 'Kishódos', 4977),
(1489, 4, 'Kishuta', 3994),
(1490, 11, 'Kisigmánd', 2948),
(1491, 2, 'Kisjakabfalva', 7773),
(1492, 2, 'Kiskassa', 7766),
(1493, 4, 'Kiskinizs', 3843),
(1494, 14, 'Kisköre', 3384),
(1495, 9, 'Kiskőrös', 6200),
(1496, 1, 'Kiskorpád', 7524),
(1497, 1, 'Kiskunfélegyháza', 6100),
(1498, 1, 'Kiskunhalas', 6400),
(1499, 13, 'Kiskunlacháza', 2340),
(1500, 1, 'Kiskunmajsa', 6120),
(1501, 19, 'Kiskutas', 8911),
(1502, 6, 'Kisláng', 8156),
(1503, 15, 'Kisléta', 4325),
(1504, 2, 'Kislippó', 7775),
(1505, 18, 'Kislőd', 8446),
(1506, 16, 'Kismányok', 7356),
(1507, 8, 'Kismarja', 4126),
(1508, 13, 'Kismaros', 2623),
(1509, 15, 'Kisnamény', 4737),
(1510, 9, 'Kisnána', 3264),
(1511, 13, 'Kisnémedi', 2165),
(1512, 2, 'Kisnyárád', 7759),
(1513, 13, 'Kisoroszi', 2024),
(1514, 15, 'Kispalád', 4956),
(1515, 19, 'Kispáli', 8912),
(1516, 18, 'Kispirit', 8496),
(1517, 17, 'Kisrákos', 9936),
(1518, 19, 'Kisrécse', 8756),
(1519, 4, 'Kisrozvágy', 3965),
(1520, 4, 'Kissikátor', 3627),
(1521, 17, 'Kissomlyó', 9555),
(1522, 1, 'Kisszállás', 6421),
(1523, 16, 'Kisszékely', 7082),
(1524, 15, 'Kisszekeres', 4963),
(1525, 2, 'Kisszentmárton', 7841),
(1526, 19, 'Kissziget', 8957),
(1527, 18, 'Kisszőlős', 8483),
(1528, 2, 'Kistamási', 7981),
(1529, 2, 'Kistapolca', 7823),
(1530, 13, 'Kistarcsa', 2143),
(1531, 5, 'Kistelek', 6760),
(1532, 4, 'Kistokaj', 3553),
(1533, 19, 'Kistolmács', 8868),
(1534, 16, 'Kistormás', 7068),
(1535, 2, 'Kistótfalu', 7768),
(1536, 10, 'Kisújszállás', 5310),
(1537, 17, 'Kisunyom', 9772),
(1538, 15, 'Kisvárda', 4600),
(1539, 15, 'Kisvarsány', 4811),
(1540, 19, 'Kisvásárhely', 8341),
(1541, 2, 'Kisvaszar', 7381),
(1542, 16, 'Kisvejke', 7183),
(1543, 5, 'Kiszombor', 6775),
(1544, 17, 'Kiszsidány', 9733),
(1545, 5, 'Klárafalva', 6773),
(1546, 11, 'Köblény', 7334),
(1547, 13, 'Kocs', 2898),
(1548, 16, 'Kocsér', 2755),
(1549, 15, 'Köcsk', 9553),
(1550, 13, 'Kocsola', 7212),
(1551, 8, 'Kocsord', 4751),
(1552, 18, 'Kóka', 2243),
(1553, 8, 'Kokad', 4284),
(1554, 11, 'Kökény', 7668),
(1555, 11, 'Kőkút', 7530),
(1556, 11, 'Kölcse', 4965),
(1557, 4, 'Kölesd', 7052),
(1558, 2, 'Kölked', 7717),
(1559, 2, 'Kolontár', 8468),
(1560, 15, 'Komádi', 4138),
(1561, 14, 'Komárom', 2903),
(1562, 4, 'Komárom', 2921),
(1563, 15, 'Komárom', 2900),
(1564, 9, 'Komjáti', 3765),
(1565, 4, 'Komló', 7305),
(1566, 17, 'Komló', 7300),
(1567, 3, 'Kömlő', 3372),
(1568, 7, 'Kömlőd', 2853),
(1569, 8, 'Komlódtótfalu', 4765),
(1570, 7, 'Komlósd', 7582),
(1571, 16, 'Komlóska', 3937),
(1572, 4, 'Komoró', 4622),
(1573, 7, 'Kömörő', 4943),
(1574, 2, 'Kömpöc', 6134),
(1575, 13, 'Kompolt', 3356),
(1576, 13, 'Kondó', 3775),
(1577, 15, 'Kondorfa', 9943),
(1578, 2, 'Kondoros', 5553),
(1579, 2, 'Kóny', 9144),
(1580, 4, 'Konyár', 4133),
(1581, 12, 'Kópháza', 9495),
(1582, 2, 'Koppányszántó', 7094),
(1583, 19, 'Korlát', 3886),
(1584, 2, 'Körmend', 9909),
(1585, 17, 'Körmend', 9900),
(1586, 2, 'Környe', 2851),
(1587, 14, 'Köröm', 3577),
(1588, 15, 'Koroncó', 9113),
(1589, 16, 'Kórós', 7841),
(1590, 2, 'Kőröshegy', 8617),
(1591, 9, 'Körösladány', 5516),
(1592, 11, 'Körösnagyharsány', 5539),
(1593, 15, 'Körösszakál', 4136),
(1594, 1, 'Körösszegapáti', 4135),
(1595, 17, 'Köröstarcsa', 5622),
(1596, 17, 'Kőröstetétlen', 2745),
(1597, 11, 'Körösújfalu', 5536),
(1598, 4, 'Kosd', 2612),
(1599, 14, 'Kóspallag', 2625),
(1600, 3, 'Kőszárhegy', 8152),
(1601, 3, 'Kőszeg', 9730),
(1602, 3, 'Kőszegdoroszló', 9725),
(1603, 13, 'Kőszegpaty', 9739),
(1604, 3, 'Kőszegszerdahely', 9725),
(1605, 8, 'Kótaj', 4482),
(1606, 8, 'Kötcse', 8627),
(1607, 6, 'Kötegyán', 5725),
(1608, 17, 'Kőtelek', 5062),
(1609, 17, 'Kovácshida', 7847),
(1610, 17, 'Kovácsszénája', 7678),
(1611, 17, 'Kovácsvágás', 3992),
(1612, 14, 'Kővágóörs', 8254),
(1613, 3, 'Kővágószőlős', 7673),
(1614, 10, 'Kővágótőttős', 7675),
(1615, 18, 'Kövegy', 6912),
(1616, 2, 'Köveskál', 8274),
(1617, 2, 'Kozárd', 3053),
(1618, 5, 'Kozármisleny', 7761),
(1619, 18, 'Kozmadombja', 8988),
(1620, 4, 'Krasznokvajda', 3821),
(1621, 6, 'Kübekháza', 6755),
(1622, 1, 'Kulcs', 2458),
(1623, 3, 'Külsősárd', 8978),
(1624, 1, 'Külsővat', 9532),
(1625, 1, 'Kunadacs', 6097),
(1626, 10, 'Kunágota', 5746),
(1627, 1, 'Kunbaja', 6435),
(1628, 10, 'Kunbaracs', 6043),
(1629, 10, 'Kuncsorba', 5412),
(1630, 1, 'Kunfehértó', 6413),
(1631, 1, 'Küngös', 8162),
(1632, 10, 'Kunhegyes', 5340),
(1633, 10, 'Kunmadaras', 5321),
(1634, 1, 'Kunpeszér', 6096),
(1635, 7, 'Kunszállás', 6115),
(1636, 18, 'Kunszentmárton', 5449),
(1637, 4, 'Kunszentmárton', 5440),
(1638, 16, 'Kunszentmiklós', 6090),
(1639, 4, 'Kunsziget', 9184),
(1640, 19, 'Kup', 8595),
(1641, 14, 'Kupa', 3813),
(1642, 12, 'Kurd', 7226),
(1643, 5, 'Kurityán', 3732),
(1644, 19, 'Kustánszeg', 8919),
(1645, 18, 'Kutas', 7541),
(1646, 18, 'Kutasó', 3066),
(1647, 11, 'Lábatlan', 2541),
(1648, 14, 'Lábod', 7551),
(1649, 4, 'Lácacséke', 3967),
(1650, 14, 'Lad', 7535),
(1651, 1, 'Ladánybene', 6045),
(1652, 4, 'Ládbesenyő', 3780),
(1653, 6, 'Lajoskomárom', 8136),
(1654, 1, 'Lajosmizse', 6050),
(1655, 4, 'Lak', 3786),
(1656, 19, 'Lakhegy', 8913),
(1657, 1, 'Lakitelek', 6065),
(1658, 14, 'Lakócsa', 7918),
(1659, 2, 'Lánycsók', 7759),
(1660, 16, 'Lápafő', 7214),
(1661, 2, 'Lapáncsa', 7775),
(1662, 15, 'Laskod', 4543),
(1663, 19, 'Lasztonya', 8887),
(1664, 14, 'Látrány', 8681),
(1665, 7, 'Lázi', 9089),
(1666, 13, 'Leányfalu', 2016),
(1667, 11, 'Leányvár', 2518),
(1668, 7, 'Lébény', 9155),
(1669, 12, 'Legénd', 2619),
(1670, 4, 'Legyesbénye', 3904),
(1671, 4, 'Léh', 3832),
(1672, 4, 'Lénárddaróc', 3648),
(1673, 19, 'Lendvadedes', 8978),
(1674, 19, 'Lendvajakabfa', 8977),
(1675, 16, 'Lengyel', 7184),
(1676, 14, 'Lengyeltóti', 8693),
(1677, 19, 'Lenti', 8966),
(1678, 19, 'Lenti', 8960),
(1679, 6, 'Lepsény', 8132),
(1680, 18, 'Lesencefalu', 8318),
(1681, 18, 'Lesenceistvánd', 8319),
(1682, 18, 'Lesencetomaj', 8318),
(1683, 8, 'Létavértes', 4281),
(1684, 8, 'Létavértes', 4283),
(1685, 19, 'Letenye', 8868),
(1686, 13, 'Letkés', 2632),
(1687, 7, 'Levél', 9221),
(1688, 15, 'Levelek', 4555),
(1689, 14, 'Libickozma', 8707),
(1690, 19, 'Lickóvadamos', 8981),
(1691, 2, 'Liget', 7331),
(1692, 19, 'Ligetfalva', 8782),
(1693, 7, 'Lipót', 9233),
(1694, 2, 'Lippó', 7781),
(1695, 2, 'Liptód', 7757),
(1696, 19, 'Lispeszentadorján', 8888),
(1697, 19, 'Liszó', 8831),
(1698, 18, 'Litér', 8196),
(1699, 4, 'Litka', 3866),
(1700, 12, 'Litke', 3186),
(1701, 17, 'Lócs', 9634),
(1702, 18, 'Lőkösháza', 5743),
(1703, 15, 'Lókút', 8425),
(1704, 13, 'Lónya', 4836),
(1705, 2, 'Lórév', 2309),
(1706, 18, 'Lőrinci', 3022),
(1707, 6, 'Lőrinci', 3024),
(1708, 2, 'Lőrinci', 3021),
(1709, 19, 'Lothárd', 7761),
(1710, 18, 'Lovas', 8228),
(1711, 3, 'Lovasberény', 8093),
(1712, 9, 'Lovászhetény', 7720),
(1713, 9, 'Lovászi', 8878),
(1714, 9, 'Lovászpatona', 8553),
(1715, 7, 'Lövő', 9461),
(1716, 15, 'Lövőpetri', 4633),
(1717, 12, 'Lucfalva', 3129),
(1718, 12, 'Ludányhalászi', 3188),
(1719, 9, 'Ludas', 3274),
(1720, 17, 'Lukácsháza', 9724),
(1721, 14, 'Lulla', 8660),
(1722, 2, 'Lúzsok', 7838),
(1723, 4, 'Mád', 3909),
(1724, 1, 'Madaras', 6456),
(1725, 16, 'Madocsa', 7026),
(1726, 7, 'Maglóca', 9169),
(1727, 13, 'Maglód', 2234),
(1728, 2, 'Mágocs', 7342),
(1729, 15, 'Magosliget', 4953),
(1730, 15, 'Magy', 4556),
(1731, 6, 'Magyaralmás', 8071),
(1732, 14, 'Magyaratád', 7463),
(1733, 3, 'Magyarbánhegyes', 5667),
(1734, 2, 'Magyarbóly', 7775),
(1735, 5, 'Magyarcsanád', 6932),
(1736, 3, 'Magyardombegyház', 5838),
(1737, 2, 'Magyaregregy', 7332),
(1738, 14, 'Magyaregres', 7441),
(1739, 19, 'Magyarföld', 8973),
(1740, 12, 'Magyargéc', 3133),
(1741, 18, 'Magyargencs', 8517),
(1742, 2, 'Magyarhertelend', 7394),
(1743, 8, 'Magyarhomorog', 4137),
(1744, 7, 'Magyarkeresztúr', 9346),
(1745, 16, 'Magyarkeszi', 7098),
(1746, 17, 'Magyarlak', 9962),
(1747, 2, 'Magyarlukafa', 7925),
(1748, 2, 'Magyarmecske', 7954),
(1749, 17, 'Magyarnádalja', 9909),
(1750, 12, 'Magyarnándor', 2694),
(1751, 18, 'Magyarpolány', 8449),
(1752, 2, 'Magyarsarlós', 7761),
(1753, 17, 'Magyarszecsőd', 9912),
(1754, 2, 'Magyarszék', 7396),
(1755, 19, 'Magyarszentmiklós', 8776),
(1756, 19, 'Magyarszerdahely', 8776),
(1757, 17, 'Magyarszombatfa', 9946),
(1758, 2, 'Magyartelek', 7954),
(1759, 13, 'Majosháza', 2339),
(1760, 2, 'Majs', 7783),
(1761, 13, 'Makád', 2322),
(1762, 4, 'Makkoshotyka', 3959),
(1763, 9, 'Maklár', 3397),
(1764, 5, 'Makó', 6903),
(1765, 5, 'Makó', 6900),
(1766, 18, 'Malomsok', 8533),
(1767, 4, 'Mályi', 3434),
(1768, 4, 'Mályinka', 3645),
(1769, 15, 'Mánd', 4942),
(1770, 15, 'Mándok', 4644),
(1771, 2, 'Mánfa', 7304),
(1772, 6, 'Mány', 2065),
(1773, 2, 'Maráza', 7733),
(1774, 18, 'Marcalgergelyi', 9534),
(1775, 14, 'Marcali', 8714),
(1776, 14, 'Marcali', 8709),
(1777, 14, 'Marcali', 8700),
(1778, 18, 'Marcaltő', 8531),
(1779, 18, 'Marcaltő', 8532),
(1780, 2, 'Márfa', 7817),
(1781, 11, 'Máriahalom', 2527),
(1782, 7, 'Máriakálnok', 9231),
(1783, 2, 'Máriakéménd', 7663),
(1784, 13, 'Márianosztra', 2629),
(1785, 15, 'Máriapócs', 4326),
(1786, 9, 'Markaz', 3262),
(1787, 12, 'Márkháza', 3075),
(1788, 18, 'Márkó', 8441),
(1789, 2, 'Markóc', 7967),
(1790, 7, 'Markotabödöge', 9164),
(1791, 19, 'Maróc', 8888),
(1792, 2, 'Marócsa', 7960),
(1793, 2, 'Márok', 7774),
(1794, 19, 'Márokföld', 8976),
(1795, 15, 'Márokpapi', 4932),
(1796, 5, 'Maroslele', 6921),
(1797, 5, 'Mártély', 6636),
(1798, 10, 'Martfű', 5435),
(1799, 2, 'Martonfa', 7720),
(1800, 6, 'Martonvásár', 2462),
(1801, 4, 'Martonyi', 3755),
(1802, 15, 'Mátészalka', 4700),
(1803, 1, 'Mátételke', 6452),
(1804, 9, 'Mátraballa', 3247),
(1805, 9, 'Mátraderecske', 3246),
(1806, 12, 'Mátramindszent', 3155),
(1807, 12, 'Mátranovák', 3144),
(1808, 12, 'Mátranovák', 3143),
(1809, 12, 'Mátraszele', 3142),
(1810, 9, 'Mátraszentimre', 3234),
(1811, 9, 'Mátraszentimre', 3235),
(1812, 12, 'Mátraszőlős', 3068),
(1813, 12, 'Mátraterenye', 3145),
(1814, 12, 'Mátraterenye', 3146),
(1815, 12, 'Mátraverebély', 3077),
(1816, 6, 'Matty', 7854),
(1817, 2, 'Mátyásdomb', 8134),
(1818, 15, 'Mátyus', 4835),
(1819, 2, 'Máza', 7351),
(1820, 2, 'Mecseknádasd', 7695),
(1821, 2, 'Mecsekpölöske', 7300),
(1822, 7, 'Mecsér', 9176),
(1823, 3, 'Medgyesbodzás', 5664),
(1824, 3, 'Medgyesbodzás', 5663),
(1825, 3, 'Medgyesegyháza', 5752),
(1826, 3, 'Medgyesegyháza', 5666);
INSERT INTO `cities` (`id`, `county_id`, `name`, `postcode`) VALUES
(1827, 16, 'Medina', 7057),
(1828, 17, 'Meggyeskovácsi', 9757),
(1829, 4, 'Megyaszó', 3718),
(1830, 17, 'Megyehid', 9754),
(1831, 18, 'Megyer', 8348),
(1832, 3, 'Méhkerék', 5726),
(1833, 15, 'Méhtelek', 4975),
(1834, 2, 'Mekényes', 7344),
(1835, 1, 'Mélykút', 6449),
(1836, 18, 'Mencshely', 8271),
(1837, 13, 'Mende', 2235),
(1838, 4, 'Méra', 3871),
(1839, 2, 'Merenye', 7981),
(1840, 7, 'Mérges', 9136),
(1841, 15, 'Mérk', 4352),
(1842, 14, 'Mernye', 7453),
(1843, 17, 'Mersevát', 9531),
(1844, 17, 'Mesterháza', 9662),
(1845, 17, 'Mesteri', 9551),
(1846, 10, 'Mesterszállás', 5452),
(1847, 4, 'Meszes', 3754),
(1848, 17, 'Meszlen', 9745),
(1849, 14, 'Mesztegnyő', 8716),
(1850, 3, 'Mezőberény', 5650),
(1851, 4, 'Mezőcsát', 3450),
(1852, 14, 'Mezőcsokonya', 7434),
(1853, 2, 'Meződ', 7370),
(1854, 6, 'Mezőfalva', 2422),
(1855, 3, 'Mezőgyán', 5732),
(1856, 3, 'Mezőhegyes', 5820),
(1857, 10, 'Mezőhék', 5453),
(1858, 4, 'Mezőkeresztes', 3441),
(1859, 6, 'Mezőkomárom', 8137),
(1860, 3, 'Mezőkovácsháza', 5800),
(1861, 4, 'Mezőkövesd', 3400),
(1862, 15, 'Mezőladány', 4641),
(1863, 18, 'Mezőlak', 8514),
(1864, 4, 'Mezőnagymihály', 3443),
(1865, 4, 'Mezőnyárád', 3421),
(1866, 7, 'Mezőörs', 9098),
(1867, 7, 'Mezőörs', 9097),
(1868, 8, 'Mezőpeterd', 4118),
(1869, 8, 'Mezősas', 4134),
(1870, 9, 'Mezőszemere', 3378),
(1871, 6, 'Mezőszentgyörgy', 8133),
(1872, 6, 'Mezőszilas', 7017),
(1873, 9, 'Mezőtárkány', 3375),
(1874, 10, 'Mezőtúr', 5400),
(1875, 4, 'Mezőzombor', 3931),
(1876, 19, 'Miháld', 8825),
(1877, 19, 'Mihályfa', 8341),
(1878, 12, 'Mihálygerge', 3184),
(1879, 18, 'Mihályháza', 8513),
(1880, 7, 'Mihályi', 9342),
(1881, 14, 'Mike', 7512),
(1882, 13, 'Mikebuda', 2736),
(1883, 19, 'Mikekarácsonyfa', 8949),
(1884, 8, 'Mikepércs', 4271),
(1885, 14, 'Miklósi', 7286),
(1886, 9, 'Mikófalva', 3344),
(1887, 4, 'Mikóháza', 3989),
(1888, 17, 'Mikosszéplak', 9835),
(1889, 19, 'Milejszeg', 8917),
(1890, 15, 'Milota', 4948),
(1891, 5, 'Mindszent', 6630),
(1892, 2, 'Mindszentgodisa', 7391),
(1893, 18, 'Mindszentkálla', 8282),
(1894, 19, 'Misefa', 8935),
(1895, 1, 'Miske', 6343),
(1896, 4, 'Miskolc', 3510),
(1897, 4, 'Miskolc', 3515),
(1898, 4, 'Miskolc', 3516),
(1899, 4, 'Miskolc', 3508),
(1900, 4, 'Miskolc', 3517),
(1901, 4, 'Miskolc', 3518),
(1902, 4, 'Miskolc', 3521),
(1903, 4, 'Miskolc', 3519),
(1904, 4, 'Miskolc', 3500),
(1905, 4, 'Miskolc', 3501),
(1906, 4, 'Miskolc', 3524),
(1907, 4, 'Miskolc', 3525),
(1908, 4, 'Miskolc', 3526),
(1909, 4, 'Miskolc', 3527),
(1910, 4, 'Miskolc', 3528),
(1911, 4, 'Miskolc', 3529),
(1912, 4, 'Miskolc', 3530),
(1913, 4, 'Miskolc', 3531),
(1914, 4, 'Miskolc', 3532),
(1915, 4, 'Miskolc', 3533),
(1916, 4, 'Miskolc', 3534),
(1917, 4, 'Miskolc', 3535),
(1918, 16, 'Miszla', 7065),
(1919, 11, 'Mocsa', 2911),
(1920, 13, 'Mőcsény', 7163),
(1921, 11, 'Mogyoród', 2146),
(1922, 4, 'Mogyorósbánya', 2535),
(1923, 6, 'Mogyoróska', 3893),
(1924, 2, 'Moha', 8042),
(1925, 2, 'Mohács', 7715),
(1926, 2, 'Mohács', 7714),
(1927, 12, 'Mohács', 7700),
(1928, 19, 'Mohora', 2698),
(1929, 17, 'Molnári', 8863),
(1930, 2, 'Molnaszecsőd', 9912),
(1931, 4, 'Molvány', 7981),
(1932, 4, 'Monaj', 3812),
(1933, 13, 'Monok', 3905),
(1934, 13, 'Monor', 2213),
(1935, 9, 'Monor', 2200),
(1936, 18, 'Mónosbél', 3345),
(1937, 8, 'Monostorapáti', 8296),
(1938, 18, 'Monostorpályi', 4275),
(1939, 2, 'Monoszló', 8273),
(1940, 6, 'Monyoród', 7751),
(1941, 16, 'Mór', 8060),
(1942, 5, 'Mórágy', 7165),
(1943, 1, 'Mórahalom', 6782),
(1944, 7, 'Móricgát', 6132),
(1945, 14, 'Mórichida', 9131),
(1946, 7, 'Mosdós', 7257),
(1947, 7, 'Mosonmagyaróvár', 9200),
(1948, 7, 'Mosonszentmiklós', 9183),
(1949, 7, 'Mosonszentmiklós', 9154),
(1950, 2, 'Mosonszolnok', 9245),
(1951, 16, 'Mozsgó', 7932),
(1952, 16, 'Mucsfa', 7185),
(1953, 16, 'Mucsi', 7195),
(1954, 4, 'Múcsony', 3744),
(1955, 4, 'Muhi', 3552),
(1956, 19, 'Murakeresztúr', 8834),
(1957, 19, 'Murarátka', 8868),
(1958, 19, 'Muraszemenye', 8872),
(1959, 16, 'Murga', 7176),
(1960, 3, 'Murony', 5672),
(1961, 15, 'Nábrád', 4911),
(1962, 6, 'Nadap', 8097),
(1963, 17, 'Nádasd', 9915),
(1964, 6, 'Nádasdladány', 8145),
(1965, 8, 'Nádudvar', 4181),
(1966, 14, 'Nágocs', 8674),
(1967, 18, 'Nagyacsád', 8521),
(1968, 18, 'Nagyalásony', 8484),
(1969, 15, 'Nagyar', 4922),
(1970, 14, 'Nagyatád', 7500),
(1971, 7, 'Nagybajcs', 9063),
(1972, 14, 'Nagybajom', 7561),
(1973, 19, 'Nagybakónak', 8821),
(1974, 3, 'Nagybánhegyes', 5668),
(1975, 1, 'Nagybaracska', 6527),
(1976, 4, 'Nagybarca', 3641),
(1977, 12, 'Nagybárkány', 3075),
(1978, 14, 'Nagyberény', 8656),
(1979, 14, 'Nagyberki', 7255),
(1980, 13, 'Nagybörzsöny', 2634),
(1981, 2, 'Nagybudmér', 7756),
(1982, 7, 'Nagycenk', 9485),
(1983, 2, 'Nagycsány', 7838),
(1984, 4, 'Nagycsécs', 3598),
(1985, 14, 'Nagycsepely', 8628),
(1986, 15, 'Nagycserkesz', 4445),
(1987, 18, 'Nagydém', 8554),
(1988, 15, 'Nagydobos', 4823),
(1989, 2, 'Nagydobsza', 7985),
(1990, 16, 'Nagydorog', 7044),
(1991, 15, 'Nagyecsed', 4355),
(1992, 5, 'Nagyér', 6917),
(1993, 18, 'Nagyesztergár', 8415),
(1994, 9, 'Nagyfüged', 3282),
(1995, 17, 'Nagygeresd', 9664),
(1996, 19, 'Nagygörbő', 8356),
(1997, 18, 'Nagygyimót', 8551),
(1998, 2, 'Nagyhajmás', 7343),
(1999, 15, 'Nagyhalász', 4485),
(2000, 2, 'Nagyharsány', 7822),
(2001, 8, 'Nagyhegyes', 4064),
(2002, 15, 'Nagyhódos', 4977),
(2003, 4, 'Nagyhuta', 3994),
(2004, 11, 'Nagyigmánd', 2942),
(2005, 10, 'Nagyiván', 5363),
(2006, 15, 'Nagykálló', 4320),
(2007, 3, 'Nagykamarás', 5751),
(2008, 19, 'Nagykanizsa', 8831),
(2009, 19, 'Nagykanizsa', 8808),
(2010, 19, 'Nagykanizsa', 8809),
(2011, 19, 'Nagykanizsa', 8800),
(2012, 19, 'Nagykapornak', 8935),
(2013, 6, 'Nagykarácsony', 2425),
(2014, 13, 'Nagykáta', 2760),
(2015, 8, 'Nagykereki', 4127),
(2016, 12, 'Nagykeresztúr', 3129),
(2017, 4, 'Nagykinizs', 3844),
(2018, 16, 'Nagykökényes', 3012),
(2019, 14, 'Nagykölked', 9784),
(2020, 13, 'Nagykónyi', 7092),
(2021, 2, 'Nagykőrös', 2750),
(2022, 9, 'Nagykorpád', 7545),
(2023, 17, 'Nagykörű', 5065),
(2024, 13, 'Nagykovácsi', 2094),
(2025, 10, 'Nagykozár', 7741),
(2026, 19, 'Nagykutas', 8911),
(2027, 5, 'Nagylak', 6933),
(2028, 19, 'Nagylengyel', 8983),
(2029, 12, 'Nagylóc', 3175),
(2030, 6, 'Nagylók', 2435),
(2031, 7, 'Nagylózs', 9482),
(2032, 5, 'Nagymágocs', 6622),
(2033, 16, 'Nagymányok', 7355),
(2034, 13, 'Nagymaros', 2626),
(2035, 17, 'Nagymizdó', 9913),
(2036, 2, 'Nagynyárád', 7784),
(2037, 12, 'Nagyoroszi', 2645),
(2038, 19, 'Nagypáli', 8912),
(2039, 2, 'Nagypall', 7731),
(2040, 2, 'Nagypeterd', 7912),
(2041, 18, 'Nagypirit', 8496),
(2042, 8, 'Nagyrábé', 4173),
(2043, 19, 'Nagyrada', 8746),
(2044, 17, 'Nagyrákos', 9938),
(2045, 19, 'Nagyrécse', 8756),
(2046, 9, 'Nagyréde', 3214),
(2047, 10, 'Nagyrév', 5463),
(2048, 4, 'Nagyrozvágy', 3965),
(2049, 11, 'Nagysáp', 2524),
(2050, 17, 'Nagysimonyi', 9561),
(2051, 14, 'Nagyszakácsi', 8739),
(2052, 16, 'Nagyszékely', 7085),
(2053, 15, 'Nagyszekeres', 4962),
(2054, 3, 'Nagyszénás', 5931),
(2055, 7, 'Nagyszentjános', 9072),
(2056, 16, 'Nagyszokoly', 7097),
(2057, 9, 'Nagytálya', 3398),
(2058, 13, 'Nagytarcsa', 2142),
(2059, 18, 'Nagytevel', 8562),
(2060, 17, 'Nagytilaj', 9832),
(2061, 2, 'Nagytőke', 6612),
(2062, 5, 'Nagytótfalu', 7800),
(2063, 9, 'Nagyút', 3357),
(2064, 15, 'Nagyvarsány', 4812),
(2065, 2, 'Nagyváty', 7912),
(2066, 18, 'Nagyvázsony', 8291),
(2067, 16, 'Nagyvejke', 7186),
(2068, 6, 'Nagyveleg', 8065),
(2069, 6, 'Nagyvenyim', 2421),
(2070, 9, 'Nagyvisnyó', 3349),
(2071, 16, 'Nak', 7215),
(2072, 15, 'Napkor', 4552),
(2073, 17, 'Nárai', 9797),
(2074, 17, 'Narda', 9793),
(2075, 11, 'Naszály', 2899),
(2076, 4, 'Négyes', 3463),
(2077, 4, 'Nekézseny', 3646),
(2078, 19, 'Nemesapáti', 8923),
(2079, 4, 'Nemesbikk', 3592),
(2080, 15, 'Nemesbőd', 9749),
(2081, 17, 'Nemesborzova', 4942),
(2082, 19, 'Nemesbük', 8371),
(2083, 17, 'Nemescsó', 9739),
(2084, 14, 'Nemesdéd', 8722),
(2085, 18, 'Nemesgörzsöny', 8522),
(2086, 18, 'Nemesgulács', 8284),
(2087, 18, 'Nemeshany', 8471),
(2088, 19, 'Nemeshetés', 8925),
(2089, 2, 'Nemeske', 7981),
(2090, 7, 'Nemeskér', 9471),
(2091, 17, 'Nemeskeresztúr', 9548),
(2092, 14, 'Nemeskisfalud', 8717),
(2093, 17, 'Nemeskocs', 9542),
(2094, 17, 'Nemeskolta', 9775),
(2095, 17, 'Nemesládony', 9663),
(2096, 17, 'Nemesmedves', 9953),
(2097, 1, 'Nemesnádudvar', 6345),
(2098, 19, 'Nemesnép', 8976),
(2099, 19, 'Nemespátró', 8856),
(2100, 19, 'Nemesrádó', 8915),
(2101, 17, 'Nemesrempehollós', 9782),
(2102, 19, 'Nemessándorháza', 8925),
(2103, 18, 'Nemesszalók', 9533),
(2104, 19, 'Nemesszentandrás', 8925),
(2105, 18, 'Nemesvámos', 8248),
(2106, 14, 'Nemesvid', 8738),
(2107, 18, 'Nemesvita', 8311),
(2108, 18, 'Németbánya', 8581),
(2109, 19, 'Németfalu', 8918),
(2110, 16, 'Németkér', 7039),
(2111, 12, 'Nemti', 3152),
(2112, 11, 'Neszmély', 2544),
(2113, 12, 'Nézsa', 2618),
(2114, 17, 'Nick', 9652),
(2115, 14, 'Nikla', 8706),
(2116, 12, 'Nógrád', 2642),
(2117, 12, 'Nógrádkövesd', 2691),
(2118, 12, 'Nógrádmarcal', 2675),
(2119, 12, 'Nógrádmegyer', 3132),
(2120, 12, 'Nógrádsáp', 2685),
(2121, 12, 'Nógrádsipek', 3179),
(2122, 12, 'Nógrádszakál', 3187),
(2123, 18, 'Nóráp', 8591),
(2124, 18, 'Noszlop', 8456),
(2125, 9, 'Noszvaj', 3325),
(2126, 19, 'Nőtincs', 2610),
(2127, 9, 'Nova', 8948),
(2128, 4, 'Novaj', 3327),
(2129, 12, 'Novajidrány', 3872),
(2130, 7, 'Nyalka', 9096),
(2131, 18, 'Nyárád', 8512),
(2132, 13, 'Nyáregyháza', 2723),
(2133, 1, 'Nyárlőrinc', 6032),
(2134, 13, 'Nyársapát', 2712),
(2135, 4, 'Nyékládháza', 3433),
(2136, 11, 'Nyergesújfalu', 2537),
(2137, 11, 'Nyergesújfalu', 2536),
(2138, 4, 'Nyésta', 3809),
(2139, 14, 'Nyim', 8612),
(2140, 8, 'Nyírábrány', 4264),
(2141, 8, 'Nyíracsád', 4262),
(2142, 18, 'Nyirád', 8454),
(2143, 8, 'Nyíradony', 4253),
(2144, 8, 'Nyíradony', 4252),
(2145, 8, 'Nyíradony', 4254),
(2146, 15, 'Nyírbátor', 4300),
(2147, 15, 'Nyírbéltek', 4372),
(2148, 15, 'Nyírbogát', 4361),
(2149, 15, 'Nyírbogdány', 4511),
(2150, 15, 'Nyírcsaholy', 4356),
(2151, 15, 'Nyírcsászári', 4331),
(2152, 15, 'Nyírderzs', 4332),
(2153, 15, 'Nyíregyháza', 4405),
(2154, 15, 'Nyíregyháza', 4246),
(2155, 15, 'Nyíregyháza', 4433),
(2156, 15, 'Nyíregyháza', 4412),
(2157, 15, 'Nyíregyháza', 4432),
(2158, 15, 'Nyíregyháza', 4551),
(2159, 15, 'Nyíregyháza', 4431),
(2160, 15, 'Nyíregyháza', 4481),
(2161, 15, 'Nyíregyháza', 4400),
(2162, 15, 'Nyírgelse', 4362),
(2163, 15, 'Nyírgyulaj', 4311),
(2164, 4, 'Nyíri', 3997),
(2165, 15, 'Nyíribrony', 4535),
(2166, 15, 'Nyírjákó', 4541),
(2167, 15, 'Nyírkarász', 4544),
(2168, 15, 'Nyírkáta', 4333),
(2169, 15, 'Nyírkércs', 4537),
(2170, 15, 'Nyírlövő', 4632),
(2171, 15, 'Nyírlugos', 4371),
(2172, 15, 'Nyírmada', 4564),
(2173, 8, 'Nyírmártonfalva', 4263),
(2174, 15, 'Nyírmeggyes', 4722),
(2175, 15, 'Nyírmihálydi', 4363),
(2176, 15, 'Nyírparasznya', 4822),
(2177, 15, 'Nyírpazony', 4531),
(2178, 15, 'Nyírpilis', 4376),
(2179, 15, 'Nyírtass', 4522),
(2180, 15, 'Nyírtelek', 4461),
(2181, 15, 'Nyírtét', 4554),
(2182, 15, 'Nyírtura', 4532),
(2183, 15, 'Nyírvasvári', 4341),
(2184, 4, 'Nyőgér', 9682),
(2185, 17, 'Nyomár', 3795),
(2186, 2, 'Nyugotszenterzsébet', 7912),
(2187, 7, 'Nyúl', 9082),
(2188, 2, 'Óbánya', 7695),
(2189, 6, 'Óbarok', 2063),
(2190, 18, 'Óbudavár', 8272),
(2191, 13, 'Öcs', 8292),
(2192, 2, 'Ócsa', 2364),
(2193, 2, 'Ócsárd', 7814),
(2194, 15, 'Őcsény', 7143),
(2195, 5, 'Öcsöd', 5451),
(2196, 19, 'Ófalu', 7695),
(2197, 3, 'Ófehértó', 4558),
(2198, 2, 'Óföldeák', 6923),
(2199, 2, 'Óhid', 8342),
(2200, 2, 'Okány', 5534),
(2201, 17, 'Okorág', 7957),
(2202, 18, 'Ököritófülpös', 4755),
(2203, 4, 'Okorvölgy', 7681),
(2204, 15, 'Olasz', 7745),
(2205, 15, 'Olaszfa', 9824),
(2206, 2, 'Olaszfalu', 8414),
(2207, 17, 'Olaszliszka', 3933),
(2208, 19, 'Ölbő', 9621),
(2209, 4, 'Olcsva', 4826),
(2210, 4, 'Olcsvaapáti', 4914),
(2211, 15, 'Old', 7824),
(2212, 5, 'Ólmod', 9733),
(2213, 19, 'Oltárc', 8886),
(2214, 14, 'Ömböly', 4373),
(2215, 14, 'Onga', 3562),
(2216, 1, 'Ónod', 3551),
(2217, 17, 'Ópályi', 4821),
(2218, 2, 'Ópusztaszer', 6767),
(2219, 1, 'Őr', 4336),
(2220, 19, 'Orbányosfa', 8935),
(2221, 4, 'Őrbottyán', 2162),
(2222, 3, 'Orci', 7400),
(2223, 3, 'Ordacsehi', 8635),
(2224, 3, 'Ordas', 6335),
(2225, 3, 'Öregcsertő', 6311),
(2226, 18, 'Öreglak', 8697),
(2227, 11, 'Orfalu', 9982),
(2228, 2, 'Orfű', 7677),
(2229, 19, 'Orgovány', 6077),
(2230, 19, 'Őrhalom', 2671),
(2231, 7, 'Őrimagyarósd', 9933),
(2232, 17, 'Őriszentpéter', 9941),
(2233, 9, 'Örkény', 2377),
(2234, 17, 'Ormándlak', 8983),
(2235, 4, 'Örményes', 5222),
(2236, 14, 'Örménykút', 5556),
(2237, 4, 'Ormosbánya', 3743),
(2238, 4, 'Orosháza', 5904),
(2239, 4, 'Orosháza', 5903),
(2240, 4, 'Orosháza', 5905),
(2241, 4, 'Orosháza', 5900),
(2242, 4, 'Oroszi', 8458),
(2243, 4, 'Oroszlány', 2840),
(2244, 4, 'Oroszló', 7370),
(2245, 2, 'Orosztony', 8744),
(2246, 19, 'Ortaháza', 8954),
(2247, 16, 'Őrtilos', 8854),
(2248, 18, 'Örvényes', 8242),
(2249, 16, 'Ősagárd', 2610),
(2250, 10, 'Ősi', 8161),
(2251, 15, 'Öskü', 8191),
(2252, 17, 'Osli', 9354),
(2253, 15, 'Ostffyasszonyfa', 9512),
(2254, 15, 'Ostoros', 3326),
(2255, 13, 'Oszkó', 9825),
(2256, 1, 'Oszlár', 3591),
(2257, 14, 'Osztopán', 7444),
(2258, 12, 'Öttevény', 9153),
(2259, 17, 'Öttömös', 6784),
(2260, 17, 'Ötvöskónyi', 7511),
(2261, 13, 'Ózd', 3604),
(2262, 10, 'Ózd', 3651),
(2263, 3, 'Ózd', 3661),
(2264, 14, 'Ózd', 3603),
(2265, 18, 'Ózd', 3662),
(2266, 12, 'Ózd', 3625),
(2267, 18, 'Ózd', 3621),
(2268, 18, 'Ózd', 3600),
(2269, 7, 'Ózdfalu', 7836),
(2270, 5, 'Ozmánbük', 8998),
(2271, 14, 'Ozora', 7086),
(2272, 4, 'Pácin', 3964),
(2273, 19, 'Pacsa', 8761),
(2274, 17, 'Pácsony', 9823),
(2275, 19, 'Padár', 8935),
(2276, 1, 'Páhi', 6075),
(2277, 19, 'Páka', 8956),
(2278, 19, 'Pakod', 8799),
(2279, 6, 'Pákozd', 8095),
(2280, 16, 'Paks', 7027),
(2281, 16, 'Paks', 7030),
(2282, 2, 'Palé', 7370),
(2283, 16, 'Pálfa', 7042),
(2284, 19, 'Pálfiszeg', 8990),
(2285, 4, 'Pálháza', 3994),
(2286, 7, 'Páli', 9345),
(2287, 2, 'Palkonya', 7771),
(2288, 14, 'Pálmajor', 7561),
(2289, 1, 'Pálmonostora', 6112),
(2290, 2, 'Palotabozsok', 7727),
(2291, 12, 'Palotás', 3042),
(2292, 18, 'Paloznak', 8229),
(2293, 4, 'Pamlény', 3821),
(2294, 14, 'Pamuk', 8698),
(2295, 13, 'Pánd', 2214),
(2296, 17, 'Pankasz', 9937),
(2297, 7, 'Pannonhalma', 9090),
(2298, 4, 'Pányok', 3898),
(2299, 15, 'Panyola', 4913),
(2300, 15, 'Pap', 4631),
(2301, 18, 'Pápa', 8511),
(2302, 18, 'Pápa', 8591),
(2303, 18, 'Pápa', 8598),
(2304, 18, 'Pápa', 8500),
(2305, 18, 'Pápadereske', 8593),
(2306, 18, 'Pápakovácsi', 8596),
(2307, 18, 'Pápasalamon', 8594),
(2308, 18, 'Pápateszér', 8556),
(2309, 18, 'Papkeszi', 8183),
(2310, 17, 'Pápoc', 9515),
(2311, 15, 'Papos', 4338),
(2312, 2, 'Páprád', 7838),
(2313, 9, 'Parád', 3244),
(2314, 9, 'Parád', 3240),
(2315, 9, 'Parádsasvár', 3242),
(2316, 4, 'Parasznya', 3777),
(2317, 15, 'Paszab', 4475),
(2318, 12, 'Pásztó', 3065),
(2319, 12, 'Pásztó', 3082),
(2320, 12, 'Pásztó', 3060),
(2321, 7, 'Pásztori', 9311),
(2322, 19, 'Pat', 8825),
(2323, 12, 'Patak', 2648),
(2324, 14, 'Patalom', 7463),
(2325, 2, 'Patapoklosi', 7923),
(2326, 14, 'Patca', 7477),
(2327, 6, 'Pátka', 8092),
(2328, 14, 'Patosfa', 7536),
(2329, 15, 'Pátroha', 4523),
(2330, 12, 'Patvarc', 2668),
(2331, 13, 'Páty', 2071),
(2332, 15, 'Pátyod', 4766),
(2333, 6, 'Pázmánd', 2476),
(2334, 7, 'Pázmándfalu', 9085),
(2335, 13, 'Pécel', 2119),
(2336, 17, 'Pecöl', 9754),
(2337, 2, 'Pécs', 7693),
(2338, 2, 'Pécs', 7691),
(2339, 2, 'Pécs', 7600),
(2340, 2, 'Pécs', 7621),
(2341, 2, 'Pécs', 7622),
(2342, 2, 'Pécs', 7623),
(2343, 2, 'Pécs', 7624),
(2344, 2, 'Pécs', 7625),
(2345, 2, 'Pécs', 7626),
(2346, 2, 'Pécs', 7627),
(2347, 2, 'Pécs', 7628),
(2348, 2, 'Pécs', 7629),
(2349, 2, 'Pécs', 7630),
(2350, 2, 'Pécs', 7631),
(2351, 2, 'Pécs', 7632),
(2352, 2, 'Pécs', 7633),
(2353, 2, 'Pécs', 7634),
(2354, 2, 'Pécs', 7635),
(2355, 2, 'Pécs', 7636),
(2356, 2, 'Pécsbagota', 7951),
(2357, 2, 'Pécsdevecser', 7766),
(2358, 18, 'Pécsely', 8245),
(2359, 2, 'Pécsudvard', 7762),
(2360, 2, 'Pécsvárad', 7720),
(2361, 2, 'Pellérd', 7831),
(2362, 9, 'Pély', 3381),
(2363, 13, 'Penc', 2614),
(2364, 15, 'Penészlek', 4267),
(2365, 18, 'Penyige', 4941),
(2366, 15, 'Pénzesgyőr', 8426),
(2367, 7, 'Pér', 9099),
(2368, 13, 'Perbál', 2074),
(2369, 4, 'Pere', 3853),
(2370, 4, 'Perecse', 3821),
(2371, 2, 'Pereked', 7664),
(2372, 17, 'Perenye', 9722),
(2373, 17, 'Peresznye', 9734),
(2374, 7, 'Pereszteg', 9484),
(2375, 6, 'Perkáta', 2431),
(2376, 4, 'Perkupa', 3756),
(2377, 13, 'Perőcsény', 2637),
(2378, 2, 'Peterd', 7766),
(2379, 14, 'Péterhida', 7582),
(2380, 13, 'Péteri', 2209),
(2381, 9, 'Pétervására', 3250),
(2382, 18, 'Pétfürdő', 8105),
(2383, 19, 'Pethőhenye', 8921),
(2384, 15, 'Petneháza', 4542),
(2385, 9, 'Petőfibánya', 3023),
(2386, 1, 'Petőfiszállás', 6113),
(2387, 7, 'Petőháza', 9443),
(2388, 17, 'Petőmihályfa', 9826),
(2389, 19, 'Petrikeresztúr', 8984),
(2390, 19, 'Petrivente', 8866),
(2391, 2, 'Pettend', 7980),
(2392, 12, 'Piliny', 3134),
(2393, 13, 'Pilis', 2721),
(2394, 13, 'Pilisborosjenő', 2097),
(2395, 13, 'Piliscsaba', 2087),
(2396, 13, 'Piliscsaba', 2081),
(2397, 11, 'Piliscsév', 2519),
(2398, 13, 'Pilisjászfalu', 2080),
(2399, 11, 'Pilismarót', 2028),
(2400, 13, 'Pilisszántó', 2095),
(2401, 13, 'Pilisszentiván', 2084),
(2402, 13, 'Pilisszentkereszt', 2099),
(2403, 13, 'Pilisszentkereszt', 2098),
(2404, 13, 'Pilisszentlászló', 2009),
(2405, 13, 'Pilisvörösvár', 2085),
(2406, 16, 'Pincehely', 7084),
(2407, 17, 'Pinkamindszent', 9922),
(2408, 7, 'Pinnye', 9481),
(2409, 15, 'Piricse', 4375),
(2410, 1, 'Pirtó', 6414),
(2411, 2, 'Piskó', 7838),
(2412, 5, 'Pitvaros', 6914),
(2413, 2, 'Pócsa', 7756),
(2414, 8, 'Pocsaj', 4125),
(2415, 13, 'Pócsmegyer', 2017),
(2416, 15, 'Pócspetri', 4327),
(2417, 2, 'Pogány', 7666),
(2418, 14, 'Pogányszentpéter', 8728),
(2419, 19, 'Pókaszepetk', 8932),
(2420, 14, 'Polány', 7458),
(2421, 8, 'Polgár', 4090),
(2422, 6, 'Polgárdi', 8153),
(2423, 6, 'Polgárdi', 8155),
(2424, 6, 'Polgárdi', 8154),
(2425, 13, 'Pölöske', 8929),
(2426, 15, 'Pölöskefő', 8773),
(2427, 17, 'Pomáz', 2013),
(2428, 9, 'Pörböly', 7142),
(2429, 17, 'Porcsalma', 4761),
(2430, 14, 'Pördefölde', 8956),
(2431, 14, 'Pornóapáti', 9796),
(2432, 14, 'Poroszló', 3388),
(2433, 19, 'Porpác', 9612),
(2434, 18, 'Porrog', 8858),
(2435, 17, 'Porrogszentkirály', 8858),
(2436, 14, 'Porrogszentpál', 8858),
(2437, 7, 'Pórszombat', 8986),
(2438, 19, 'Porva', 8429),
(2439, 19, 'Pósfa', 9636),
(2440, 16, 'Potony', 7977),
(2441, 19, 'Pötréte', 8767),
(2442, 19, 'Potyond', 9324),
(2443, 4, 'Prügy', 3925),
(2444, 18, 'Pula', 8291),
(2445, 19, 'Püski', 9235),
(2446, 12, 'Püspökhatvan', 2682),
(2447, 7, 'Püspökladány', 4150),
(2448, 17, 'Püspökmolnári', 9776),
(2449, 15, 'Püspökszilágy', 2166),
(2450, 19, 'Pusztaapáti', 8986),
(2451, 4, 'Pusztaberki', 2658),
(2452, 3, 'Pusztacsalád', 9373),
(2453, 16, 'Pusztacsó', 9739),
(2454, 14, 'Pusztadobos', 4565),
(2455, 19, 'Pusztaederics', 8946),
(2456, 5, 'Pusztafalu', 3995),
(2457, 18, 'Pusztaföldvár', 5919),
(2458, 10, 'Pusztahencse', 7038),
(2459, 3, 'Pusztakovácsi', 8707),
(2460, 4, 'Pusztamagyaród', 8895),
(2461, 6, 'Pusztamérges', 6785),
(2462, 14, 'Pusztamiske', 8455),
(2463, 19, 'Pusztamonostor', 5125),
(2464, 5, 'Pusztaottlaka', 5665),
(2465, 13, 'Pusztaradvány', 3874),
(2466, 6, 'Pusztaszabolcs', 2490),
(2467, 13, 'Pusztaszemes', 8619),
(2468, 4, 'Pusztaszentlászló', 8896),
(2469, 7, 'Pusztaszer', 6769),
(2470, 13, 'Pusztavacs', 2378),
(2471, 8, 'Pusztavám', 8066),
(2472, 17, 'Pusztazámor', 2039),
(2473, 13, 'Putnok', 3630),
(2474, 7, 'Rábacsanak', 9313),
(2475, 7, 'Rábacsécsény', 9136),
(2476, 17, 'Rábagyarmat', 9961),
(2477, 17, 'Rábahidvég', 9777),
(2478, 7, 'Rábakecöl', 9344),
(2479, 7, 'Rábapatona', 9142),
(2480, 17, 'Rábapaty', 9641),
(2481, 7, 'Rábapordány', 9146),
(2482, 7, 'Rábasebes', 9327),
(2483, 7, 'Rábaszentandrás', 9316),
(2484, 7, 'Rábaszentmihály', 9135),
(2485, 7, 'Rábaszentmiklós', 9133),
(2486, 7, 'Rábatamási', 9322),
(2487, 17, 'Rábatöttös', 9766),
(2488, 7, 'Rábcakapi', 9165),
(2489, 6, 'Rácalmás', 2459),
(2490, 6, 'Ráckeresztúr', 2465),
(2491, 13, 'Ráckeve', 2300),
(2492, 13, 'Rád', 2613),
(2493, 2, 'Rádfalva', 7817),
(2494, 17, 'Rádóckölked', 9784),
(2495, 4, 'Radostyán', 3776),
(2496, 4, 'Ragály', 3724),
(2497, 7, 'Rajka', 9224),
(2498, 4, 'Rakaca', 3825),
(2499, 4, 'Rakacaszend', 3826),
(2500, 15, 'Rakamaz', 4465),
(2501, 10, 'Rákóczifalva', 5085),
(2502, 10, 'Rákócziújfalu', 5084),
(2503, 14, 'Ráksi', 7464),
(2504, 19, 'Ramocsa', 8973),
(2505, 15, 'Ramocsaháza', 4536),
(2506, 15, 'Rápolt', 4756),
(2507, 18, 'Raposka', 8300),
(2508, 4, 'Rásonysápberencs', 3833),
(2509, 4, 'Rátka', 3908),
(2510, 17, 'Rátót', 9951),
(2511, 7, 'Ravazd', 9091),
(2512, 9, 'Recsk', 3245),
(2513, 11, 'Réde', 2886),
(2514, 19, 'Rédics', 8978),
(2515, 4, 'Regéc', 3893),
(2516, 2, 'Regenye', 7833),
(2517, 16, 'Regöly', 7193),
(2518, 1, 'Rém', 6446),
(2519, 13, 'Remeteszőlős', 2094),
(2520, 4, 'Répáshuta', 3559),
(2521, 17, 'Répcelak', 9653),
(2522, 7, 'Répceszemere', 9375),
(2523, 17, 'Répceszentgyörgy', 9623),
(2524, 7, 'Répcevis', 9475),
(2525, 19, 'Resznek', 8977),
(2526, 7, 'Rétalap', 9074),
(2527, 15, 'Rétközberencs', 4525),
(2528, 12, 'Rétság', 2651),
(2529, 18, 'Révfülöp', 8253),
(2530, 4, 'Révleányvár', 3976),
(2531, 19, 'Rezi', 8373),
(2532, 4, 'Ricse', 3974),
(2533, 18, 'Rigács', 8348),
(2534, 19, 'Rigyác', 8883),
(2535, 12, 'Rimóc', 3177),
(2536, 14, 'Rinyabesenyő', 7552),
(2537, 14, 'Rinyakovácsi', 7527),
(2538, 14, 'Rinyaszentkirály', 7513),
(2539, 14, 'Rinyaújlak', 7556),
(2540, 14, 'Rinyaújnép', 7584),
(2541, 15, 'Rohod', 4563),
(2542, 18, 'Röjtökmuzsaj', 9451),
(2543, 12, 'Románd', 8434),
(2544, 2, 'Romhány', 2654),
(2545, 2, 'Romonya', 7743),
(2546, 15, 'Rönök', 9954),
(2547, 9, 'Röszke', 6758),
(2548, 7, 'Rózsafa', 7914),
(2549, 17, 'Rozsály', 4971),
(2550, 5, 'Rózsaszentmárton', 3033),
(2551, 4, 'Rudabánya', 3733),
(2552, 4, 'Rudolftelep', 3742),
(2553, 17, 'Rum', 9766),
(2554, 5, 'Ruzsa', 6786),
(2555, 12, 'Ságújfalu', 3162),
(2556, 14, 'Ságvár', 8654),
(2557, 4, 'Sajóbábony', 3792),
(2558, 4, 'Sajóecseg', 3793),
(2559, 4, 'Sajógalgóc', 3636),
(2560, 4, 'Sajóhidvég', 3576),
(2561, 4, 'Sajóivánka', 3720),
(2562, 4, 'Sajókápolna', 3773),
(2563, 4, 'Sajókaza', 3720),
(2564, 4, 'Sajókeresztúr', 3791),
(2565, 4, 'Sajólád', 3572),
(2566, 4, 'Sajólászlófalva', 3773),
(2567, 4, 'Sajómercse', 3656),
(2568, 4, 'Sajónémeti', 3652),
(2569, 4, 'Sajóörös', 3586),
(2570, 4, 'Sajópálfala', 3714),
(2571, 4, 'Sajópetri', 3573),
(2572, 4, 'Sajópüspöki', 3653),
(2573, 4, 'Sajósenye', 3712),
(2574, 4, 'Sajószentpéter', 3770),
(2575, 4, 'Sajószöged', 3599),
(2576, 4, 'Sajóvámos', 3712),
(2577, 4, 'Sajóvelezd', 3656),
(2578, 17, 'Sajtoskál', 9632),
(2579, 18, 'Salföld', 8256),
(2580, 12, 'Salgótarján', 3102),
(2581, 12, 'Salgótarján', 3109),
(2582, 12, 'Salgótarján', 3121),
(2583, 12, 'Salgótarján', 3104),
(2584, 12, 'Salgótarján', 3141),
(2585, 12, 'Salgótarján', 3100),
(2586, 17, 'Salköveskút', 9742),
(2587, 19, 'Salomvár', 8995),
(2588, 4, 'Sály', 3425),
(2589, 2, 'Sámod', 7841),
(2590, 12, 'Sámsonháza', 3074),
(2591, 19, 'Sand', 8824),
(2592, 5, 'Sándorfalva', 6762),
(2593, 14, 'Sántos', 7479),
(2594, 8, 'Sáp', 4176),
(2595, 8, 'Sáránd', 4272),
(2596, 4, 'Sárazsadány', 3942),
(2597, 6, 'Sárbogárd', 7018),
(2598, 6, 'Sárbogárd', 7019),
(2599, 6, 'Sárbogárd', 7003),
(2600, 6, 'Sárbogárd', 7000),
(2601, 6, 'Sáregres', 7014),
(2602, 17, 'Sárfimizdó', 9813),
(2603, 19, 'Sárhida', 8944),
(2604, 11, 'Sárisáp', 2523),
(2605, 3, 'Sarkad', 5720),
(2606, 3, 'Sarkadkeresztúr', 5731),
(2607, 6, 'Sárkeresztes', 8051),
(2608, 6, 'Sárkeresztúr', 8125),
(2609, 6, 'Sárkeszi', 8144),
(2610, 19, 'Sármellék', 8391),
(2611, 2, 'Sárok', 7781),
(2612, 6, 'Sárosd', 2433),
(2613, 4, 'Sárospatak', 3952),
(2614, 4, 'Sárospatak', 3950),
(2615, 16, 'Sárpilis', 7145),
(2616, 8, 'Sárrétudvari', 4171),
(2617, 7, 'Sarród', 9434),
(2618, 7, 'Sarród', 9435),
(2619, 6, 'Sárszentágota', 8126),
(2620, 16, 'Sárszentlőrinc', 7047),
(2621, 6, 'Sárszentmihály', 8141),
(2622, 6, 'Sárszentmihály', 8143),
(2623, 9, 'Sarud', 3386),
(2624, 17, 'Sárvár', 9609),
(2625, 17, 'Sárvár', 9608),
(2626, 17, 'Sárvár', 9600),
(2627, 2, 'Sásd', 7370),
(2628, 18, 'Sáska', 8308),
(2629, 4, 'Sáta', 3659),
(2630, 4, 'Sátoraljaújhely', 3944),
(2631, 4, 'Sátoraljaújhely', 3945),
(2632, 4, 'Sátoraljaújhely', 3988),
(2633, 4, 'Sátoraljaújhely', 3980),
(2634, 2, 'Sátorhely', 7785),
(2635, 14, 'Sávoly', 8732),
(2636, 17, 'Sé', 9789),
(2637, 14, 'Segesd', 7562),
(2638, 2, 'Sellye', 7960),
(2639, 4, 'Selyeb', 3809),
(2640, 4, 'Semjén', 3974),
(2641, 19, 'Semjénháza', 8862),
(2642, 19, 'Sénye', 8788),
(2643, 15, 'Sényő', 4533),
(2644, 6, 'Seregélyes', 8111),
(2645, 4, 'Serényfalva', 3729),
(2646, 14, 'Sérsekszőlős', 8660),
(2647, 18, 'Sikátor', 8439),
(2648, 2, 'Siklós', 7818),
(2649, 2, 'Siklós', 7800),
(2650, 2, 'Siklósbodony', 7814),
(2651, 2, 'Siklósnagyfalu', 7823),
(2652, 4, 'Sima', 3881),
(2653, 17, 'Simaság', 9633),
(2654, 14, 'Simonfa', 7474),
(2655, 16, 'Simontornya', 7081),
(2656, 16, 'Sióagárd', 7171),
(2657, 14, 'Siófok', 8611),
(2658, 14, 'Siófok', 8609),
(2659, 14, 'Siófok', 8600),
(2660, 14, 'Siójut', 8652),
(2661, 9, 'Sirok', 3332),
(2662, 17, 'Sitke', 9671),
(2663, 7, 'Sobor', 9315),
(2664, 7, 'Söjtör', 8897),
(2665, 1, 'Sokorópátka', 9112),
(2666, 1, 'Solt', 6320),
(2667, 1, 'Soltszentimre', 6223),
(2668, 18, 'Soltvadkert', 6230),
(2669, 13, 'Sóly', 8193),
(2670, 14, 'Solymár', 2083),
(2671, 2, 'Som', 8655),
(2672, 18, 'Somberek', 7728),
(2673, 18, 'Somlójenő', 8478),
(2674, 18, 'Somlószőlős', 8483),
(2675, 18, 'Somlóvásárhely', 8481),
(2676, 14, 'Somlóvecse', 8484),
(2677, 14, 'Somodor', 7454),
(2678, 2, 'Somogyacsa', 7283),
(2679, 14, 'Somogyapáti', 7922),
(2680, 14, 'Somogyaracs', 7584),
(2681, 14, 'Somogyaszaló', 7452),
(2682, 14, 'Somogybabod', 8684),
(2683, 14, 'Somogybükkösd', 8858),
(2684, 14, 'Somogycsicsó', 8726),
(2685, 14, 'Somogydöröcske', 7284),
(2686, 14, 'Somogyegres', 8666),
(2687, 14, 'Somogyfajsz', 8708),
(2688, 2, 'Somogygeszti', 7455),
(2689, 2, 'Somogyhárságy', 7925),
(2690, 14, 'Somogyhatvan', 7921),
(2691, 14, 'Somogyjád', 7443),
(2692, 14, 'Somogymeggyes', 8673),
(2693, 14, 'Somogysámson', 8733),
(2694, 14, 'Somogysárd', 7435),
(2695, 14, 'Somogysimonyi', 8737),
(2696, 14, 'Somogyszentpál', 8705),
(2697, 14, 'Somogyszil', 7276),
(2698, 14, 'Somogyszob', 7563),
(2699, 14, 'Somogytúr', 8683),
(2700, 14, 'Somogyudvarhely', 7515),
(2701, 14, 'Somogyvámos', 8699),
(2702, 2, 'Somogyvár', 8698),
(2703, 14, 'Somogyviszló', 7924),
(2704, 15, 'Somogyzsitfa', 8734),
(2705, 6, 'Sonkád', 4954),
(2706, 7, 'Soponya', 8123),
(2707, 7, 'Sopron', 9494),
(2708, 7, 'Sopron', 9408),
(2709, 7, 'Sopron', 9407),
(2710, 7, 'Sopron', 9400),
(2711, 7, 'Sopronhorpács', 9463),
(2712, 7, 'Sopronkövesd', 9483),
(2713, 17, 'Sopronnémeti', 9325),
(2714, 17, 'Söpte', 9743),
(2715, 19, 'Söréd', 8072),
(2716, 17, 'Sorkifalud', 9774),
(2717, 12, 'Sorkikápolna', 9774),
(2718, 13, 'Sormás', 8881),
(2719, 4, 'Sorokpolány', 9773),
(2720, 2, 'Sóshartyán', 3131),
(2721, 17, 'Sóskút', 2038),
(2722, 19, 'Sóstófalva', 3716),
(2723, 17, 'Sósvertike', 7960),
(2724, 6, 'Sótony', 9681),
(2725, 6, 'Sukoró', 8096),
(2726, 2, 'Sükösd', 6346),
(2727, 11, 'Sülysáp', 2242),
(2728, 19, 'Sülysáp', 2241),
(2729, 1, 'Sümeg', 8330),
(2730, 13, 'Sümegcsehi', 8357),
(2731, 13, 'Sümegprága', 8351),
(2732, 18, 'Sumony', 7960),
(2733, 19, 'Súr', 2889),
(2734, 18, 'Surd', 8856),
(2735, 11, 'Süttő', 2543),
(2736, 6, 'Szabadbattyán', 8151),
(2737, 6, 'Szabadegyháza', 2432),
(2738, 6, 'Szabadhidvég', 8139),
(2739, 6, 'Szabadhidvég', 8138),
(2740, 14, 'Szabadi', 7253),
(2741, 3, 'Szabadkígyós', 5712),
(2742, 1, 'Szabadszállás', 6080),
(2743, 2, 'Szabadszentkirály', 7951),
(2744, 14, 'Szabás', 7544),
(2745, 15, 'Szabolcs', 4467),
(2746, 15, 'Szabolcsbáka', 4547),
(2747, 15, 'Szabolcsveresmart', 4496),
(2748, 13, 'Szada', 2111),
(2749, 2, 'Szágy', 7383),
(2750, 2, 'Szajk', 7753),
(2751, 9, 'Szajla', 3334),
(2752, 10, 'Szajol', 5081),
(2753, 4, 'Szakácsi', 3786),
(2754, 16, 'Szakadát', 7071),
(2755, 4, 'Szakáld', 3596),
(2756, 16, 'Szakály', 7192),
(2757, 16, 'Szakcs', 7213),
(2758, 1, 'Szakmár', 6336),
(2759, 17, 'Szaknyér', 9934),
(2760, 15, 'Szakoly', 4234),
(2761, 7, 'Szakony', 9474),
(2762, 17, 'Szakonyfalu', 9983),
(2763, 11, 'Szákszend', 2856),
(2764, 17, 'Szalafő', 9942),
(2765, 2, 'Szalánta', 7811),
(2766, 19, 'Szalapa', 8341),
(2767, 4, 'Szalaszend', 3863),
(2768, 2, 'Szalatnak', 7334),
(2769, 16, 'Szálka', 7121),
(2770, 1, 'Szalkszentmárton', 6086),
(2771, 12, 'Szalmatercs', 3163),
(2772, 4, 'Szalonna', 3754),
(2773, 15, 'Szamosangyalos', 4767),
(2774, 15, 'Szamosbecs', 4745),
(2775, 15, 'Szamoskér', 4721),
(2776, 15, 'Szamossályi', 4735),
(2777, 15, 'Szamosszeg', 4824),
(2778, 15, 'Szamostatárfalva', 4746),
(2779, 15, 'Szamosújlak', 4734),
(2780, 12, 'Szanda', 2697),
(2781, 1, 'Szank', 6131),
(2782, 14, 'Szántód', 8622),
(2783, 7, 'Szany', 9317),
(2784, 18, 'Szápár', 8423),
(2785, 2, 'Szaporca', 7843),
(2786, 6, 'Szár', 2066),
(2787, 2, 'Szárász', 7184),
(2788, 16, 'Szárazd', 7063),
(2789, 7, 'Szárföld', 9353),
(2790, 11, 'Szárliget', 2067),
(2791, 3, 'Szarvas', 5540),
(2792, 12, 'Szarvasgede', 3051),
(2793, 17, 'Szarvaskend', 9913),
(2794, 10, 'Szászberek', 5053),
(2795, 4, 'Szászfa', 3821),
(2796, 2, 'Szászvár', 7349),
(2797, 15, 'Szatmárcseke', 4945),
(2798, 12, 'Szátok', 2656),
(2799, 17, 'Szatta', 9938),
(2800, 5, 'Szatymaz', 6763),
(2801, 2, 'Szava', 7813),
(2802, 13, 'Százhalombatta', 2440),
(2803, 2, 'Szebény', 7725),
(2804, 12, 'Szécsénke', 2692),
(2805, 12, 'Szécsény', 3170),
(2806, 12, 'Szécsényfelfalu', 3135),
(2807, 19, 'Szécsisziget', 8879),
(2808, 2, 'Szederkény', 7751),
(2809, 16, 'Szedres', 7056),
(2810, 5, 'Szeged', 6757),
(2811, 5, 'Szeged', 6791),
(2812, 5, 'Szeged', 6710),
(2813, 5, 'Szeged', 6771),
(2814, 5, 'Szeged', 6753),
(2815, 5, 'Szeged', 6700),
(2816, 5, 'Szeged', 6720),
(2817, 5, 'Szeged', 6721),
(2818, 5, 'Szeged', 6722),
(2819, 5, 'Szeged', 6723),
(2820, 5, 'Szeged', 6724),
(2821, 5, 'Szeged', 6725),
(2822, 5, 'Szeged', 6726),
(2823, 5, 'Szeged', 6727),
(2824, 5, 'Szeged', 6728),
(2825, 5, 'Szeged', 6729),
(2826, 14, 'Szegerdő', 8732),
(2827, 3, 'Szeghalom', 5520),
(2828, 4, 'Szegi', 3918),
(2829, 4, 'Szegilong', 3918),
(2830, 5, 'Szegvár', 6635),
(2831, 15, 'Székely', 4534),
(2832, 2, 'Székelyszabar', 7737),
(2833, 6, 'Székesfehérvár', 8019),
(2834, 6, 'Székesfehérvár', 8000),
(2835, 5, 'Székkutas', 6821),
(2836, 16, 'Szekszárd', 7100),
(2837, 17, 'Szeleste', 9622),
(2838, 10, 'Szelevény', 5476),
(2839, 2, 'Szellő', 7661),
(2840, 2, 'Szemely', 7763),
(2841, 17, 'Szemenye', 9685),
(2842, 4, 'Szemere', 3866),
(2843, 12, 'Szendehely', 2640),
(2844, 4, 'Szendrő', 3752),
(2845, 4, 'Szendrőlád', 3751),
(2846, 14, 'Szenna', 7477),
(2847, 14, 'Szenta', 8849),
(2848, 18, 'Szentantalfa', 8272),
(2849, 14, 'Szentbalázs', 7472),
(2850, 18, 'Szentbékkálla', 8281),
(2851, 14, 'Szentborbás', 7918),
(2852, 2, 'Szentdénes', 7913),
(2853, 9, 'Szentdomonkos', 3259),
(2854, 12, 'Szente', 2655),
(2855, 2, 'Szentegát', 7915),
(2856, 13, 'Szentendre', 2000),
(2857, 5, 'Szentes', 6600),
(2858, 18, 'Szentgál', 8444),
(2859, 14, 'Szentgáloskér', 7465),
(2860, 17, 'Szentgotthárd', 9981),
(2861, 17, 'Szentgotthárd', 9955),
(2862, 17, 'Szentgotthárd', 9970),
(2863, 19, 'Szentgyörgyvár', 8393),
(2864, 19, 'Szentgyörgyvölgy', 8975),
(2865, 18, 'Szentimrefalva', 8475),
(2866, 4, 'Szentistván', 3418),
(2867, 4, 'Szentistvánbaksa', 3844),
(2868, 18, 'Szentjakabfa', 8272),
(2869, 2, 'Szentkatalin', 7681),
(2870, 1, 'Szentkirály', 6031),
(2871, 18, 'Szentkirályszabadja', 8225),
(2872, 19, 'Szentkozmadombja', 8947),
(2873, 2, 'Szentlászló', 7936),
(2874, 19, 'Szentliszló', 8893),
(2875, 2, 'Szentlőrinc', 7940),
(2876, 13, 'Szentlőrinckáta', 2255),
(2877, 19, 'Szentmargitfalva', 8872),
(2878, 13, 'Szentmártonkáta', 2254),
(2879, 17, 'Szentpéterfa', 9799),
(2880, 19, 'Szentpéterfölde', 8953),
(2881, 8, 'Szentpéterszeg', 4121),
(2882, 19, 'Szentpéterúr', 8762),
(2883, 14, 'Szenyér', 8717),
(2884, 19, 'Szepetnek', 8861),
(2885, 7, 'Szerecseny', 9125),
(2886, 1, 'Szeremle', 6512),
(2887, 4, 'Szerencs', 3900),
(2888, 8, 'Szerep', 4162),
(2889, 8, 'Szerep', 4163),
(2890, 17, 'Szergény', 9523),
(2891, 13, 'Szigetbecse', 2321),
(2892, 13, 'Szigetcsép', 2317),
(2893, 13, 'Szigethalom', 2315),
(2894, 13, 'Szigetmonostor', 2015),
(2895, 13, 'Szigetszentmárton', 2318),
(2896, 13, 'Szigetszentmiklós', 2310),
(2897, 13, 'Szigetújfalu', 2319),
(2898, 2, 'Szigetvár', 7900),
(2899, 18, 'Szigliget', 8264),
(2900, 9, 'Szihalom', 3377),
(2901, 19, 'Szijártóháza', 8969),
(2902, 4, 'Szikszó', 3800),
(2903, 7, 'Szil', 9326),
(2904, 2, 'Szilágy', 7664),
(2905, 12, 'Szilaspogony', 3125),
(2906, 7, 'Szilsárkány', 9312),
(2907, 19, 'Szilvágy', 8986),
(2908, 2, 'Szilvás', 7811),
(2909, 9, 'Szilvásszentmárton', 7477),
(2910, 14, 'Szilvásvárad', 3348),
(2911, 4, 'Szin', 3761),
(2912, 4, 'Szinpetri', 3761),
(2913, 12, 'Szirák', 3044),
(2914, 4, 'Szirmabesenyő', 3711),
(2915, 13, 'Szob', 2628),
(2916, 13, 'Szőc', 8452),
(2917, 14, 'Szőce', 9935),
(2918, 10, 'Sződ', 2134),
(2919, 10, 'Sződliget', 2133),
(2920, 17, 'Szögliget', 3762),
(2921, 17, 'Szőke', 7833),
(2922, 17, 'Szőkéd', 7763),
(2923, 11, 'Szőkedencs', 8736),
(2924, 4, 'Szokolya', 2624),
(2925, 11, 'Szólád', 8625),
(2926, 14, 'Szolnok', 5008),
(2927, 18, 'Szolnok', 5000),
(2928, 17, 'Szőlősardó', 3757),
(2929, 13, 'Szőlősgyörök', 8692),
(2930, 13, 'Szombathely', 9707),
(2931, 4, 'Szombathely', 9719),
(2932, 2, 'Szombathely', 9700),
(2933, 2, 'Szomód', 2896),
(2934, 14, 'Szomolya', 3411),
(2935, 4, 'Szomor', 2822),
(2936, 14, 'Szörény', 7976),
(2937, 2, 'Szorosad', 7285),
(2938, 9, 'Szúcs', 3341),
(2939, 12, 'Szűcsi', 3034),
(2940, 4, 'Szügy', 2699),
(2941, 4, 'Szuha', 3154),
(2942, 4, 'Szuhafő', 3726),
(2943, 2, 'Szuhakálló', 3731),
(2944, 14, 'Szuhogy', 3734),
(2945, 12, 'Szulimán', 7932),
(2946, 9, 'Szulok', 7539),
(2947, 12, 'Szűr', 7735),
(2948, 2, 'Szurdokpüspöki', 3064),
(2949, 14, 'Tab', 8660),
(2950, 6, 'Tabajd', 8088),
(2951, 1, 'Tabdi', 6224),
(2952, 13, 'Táborfalva', 2381),
(2953, 6, 'Tác', 8121),
(2954, 18, 'Tagyon', 8272),
(2955, 13, 'Tahitótfalu', 2022),
(2956, 13, 'Tahitótfalu', 2021),
(2957, 18, 'Takácsi', 8541),
(2958, 15, 'Tákos', 4845),
(2959, 13, 'Taksony', 2335),
(2960, 4, 'Taktabáj', 3926),
(2961, 4, 'Taktaharkány', 3922),
(2962, 4, 'Taktakenéz', 3924),
(2963, 4, 'Taktaszada', 3921),
(2964, 18, 'Taliándörögd', 8295),
(2965, 4, 'Tállya', 3907),
(2966, 16, 'Tamási', 7091),
(2967, 16, 'Tamási', 7090),
(2968, 17, 'Tanakajd', 9762),
(2969, 7, 'Táp', 9095),
(2970, 13, 'Tápióbicske', 2764),
(2971, 13, 'Tápiógyörgye', 2767),
(2972, 13, 'Tápióság', 2253),
(2973, 13, 'Tápiószecső', 2251),
(2974, 13, 'Tápiószele', 2766),
(2975, 13, 'Tápiószentmárton', 2711),
(2976, 13, 'Tápiószőlős', 2769),
(2977, 17, 'Táplánszentkereszt', 9761),
(2978, 18, 'Tapolca', 8297),
(2979, 18, 'Tapolca', 8300),
(2980, 14, 'Tapsony', 8718),
(2981, 7, 'Tápszentmiklós', 9094),
(2982, 12, 'Tar', 3073),
(2983, 14, 'Tarany', 7514),
(2984, 4, 'Tarcal', 3915),
(2985, 4, 'Tard', 3416),
(2986, 4, 'Tardona', 3644),
(2987, 11, 'Tardos', 2834),
(2988, 3, 'Tarhos', 5641),
(2989, 11, 'Tarján', 2831),
(2990, 7, 'Tarjánpuszta', 9092),
(2991, 11, 'Tárkány', 2945),
(2992, 9, 'Tarnabod', 3369),
(2993, 9, 'Tarnalelesz', 3258),
(2994, 9, 'Tarnaméra', 3284),
(2995, 9, 'Tarnaörs', 3294),
(2996, 9, 'Tarnaszentmária', 3331),
(2997, 9, 'Tarnaszentmiklós', 3382),
(2998, 9, 'Tarnazsadány', 3283),
(2999, 13, 'Tárnok', 2461),
(3000, 7, 'Tárnokréti', 9165),
(3001, 15, 'Tarpa', 4931),
(3002, 2, 'Tarrós', 7362),
(3003, 14, 'Táska', 8696),
(3004, 1, 'Tass', 6098),
(3005, 14, 'Taszár', 7261),
(3006, 11, 'Tát', 2534),
(3007, 11, 'Tata', 2835),
(3008, 11, 'Tata', 2890),
(3009, 11, 'Tatabánya', 2800),
(3010, 1, 'Tataháza', 6451),
(3011, 13, 'Tatárszentgyörgy', 2375),
(3012, 1, 'Tázlár', 6236),
(3013, 8, 'Téglás', 4243),
(3014, 2, 'Tékes', 7381),
(3015, 2, 'Teklafalu', 7973),
(3016, 17, 'Telekes', 9812),
(3017, 3, 'Telekgerendás', 5675),
(3018, 14, 'Teleki', 8626),
(3019, 13, 'Telki', 2089),
(3020, 4, 'Telkibánya', 3896),
(3021, 16, 'Tengelic', 7054),
(3022, 2, 'Tengeri', 7834),
(3023, 14, 'Tengőd', 8668),
(3024, 9, 'Tenk', 3359),
(3025, 7, 'Tényő', 9111),
(3026, 8, 'Tépe', 4132),
(3027, 15, 'Terem', 4342),
(3028, 12, 'Terény', 2696),
(3029, 12, 'Tereske', 2652),
(3030, 4, 'Teresztenye', 3757),
(3031, 9, 'Terpes', 3334),
(3032, 18, 'Tés', 8109),
(3033, 13, 'Tésa', 2635),
(3034, 2, 'Tésenfa', 7843),
(3035, 2, 'Téseny', 7834),
(3036, 19, 'Teskánd', 8991),
(3037, 7, 'Tét', 9100),
(3038, 8, 'Tetétlen', 4184),
(3039, 16, 'Tevel', 7181),
(3040, 4, 'Tibolddaróc', 3423),
(3041, 15, 'Tiborszállás', 4353),
(3042, 18, 'Tihany', 8237),
(3043, 14, 'Tikos', 8731),
(3044, 19, 'Tilaj', 8782),
(3045, 15, 'Timár', 4466),
(3046, 13, 'Tinnye', 2086),
(3047, 15, 'Tiszaadony', 4833),
(3048, 1, 'Tiszaalpár', 6066),
(3049, 1, 'Tiszaalpár', 6067),
(3050, 4, 'Tiszabábolna', 3465),
(3051, 15, 'Tiszabecs', 4951),
(3052, 15, 'Tiszabercel', 4474),
(3053, 15, 'Tiszabezdéd', 4624),
(3054, 10, 'Tiszabő', 5232),
(3055, 10, 'Tiszabura', 5235),
(3056, 15, 'Tiszacsécse', 4947),
(3057, 8, 'Tiszacsege', 4066),
(3058, 4, 'Tiszacsermely', 3972),
(3059, 15, 'Tiszadada', 4455),
(3060, 10, 'Tiszaderzs', 5243),
(3061, 15, 'Tiszadob', 4456),
(3062, 4, 'Tiszadorogma', 3466),
(3063, 15, 'Tiszaeszlár', 4446),
(3064, 15, 'Tiszaeszlár', 4464),
(3065, 10, 'Tiszaföldvár', 5461),
(3066, 10, 'Tiszaföldvár', 5430),
(3067, 10, 'Tiszafüred', 5359),
(3068, 10, 'Tiszafüred', 5358),
(3069, 10, 'Tiszafüred', 5244),
(3070, 10, 'Tiszafüred', 5350),
(3071, 10, 'Tiszagyenda', 5233),
(3072, 8, 'Tiszagyulaháza', 4097),
(3073, 10, 'Tiszaigar', 5361),
(3074, 10, 'Tiszainoka', 5464),
(3075, 10, 'Tiszajenő', 5094),
(3076, 15, 'Tiszakanyár', 4493),
(3077, 4, 'Tiszakarád', 3971),
(3078, 1, 'Tiszakécske', 6062),
(3079, 1, 'Tiszakécske', 6060),
(3080, 15, 'Tiszakerecseny', 4834),
(3081, 4, 'Tiszakeszi', 3458),
(3082, 15, 'Tiszakóród', 4946),
(3083, 10, 'Tiszakürt', 5472),
(3084, 10, 'Tiszakürt', 5471),
(3085, 4, 'Tiszaladány', 3929),
(3086, 15, 'Tiszalök', 4447),
(3087, 15, 'Tiszalök', 4450),
(3088, 4, 'Tiszalúc', 3565),
(3089, 15, 'Tiszamogyorós', 4645),
(3090, 15, 'Tiszanagyfalu', 4463),
(3091, 9, 'Tiszanána', 3385),
(3092, 10, 'Tiszaörs', 5362),
(3093, 4, 'Tiszapalkonya', 3587),
(3094, 10, 'Tiszapüspöki', 5211),
(3095, 15, 'Tiszarád', 4503),
(3096, 10, 'Tiszaroff', 5234),
(3097, 10, 'Tiszasas', 5474),
(3098, 10, 'Tiszasüly', 5061),
(3099, 15, 'Tiszaszalka', 4831),
(3100, 10, 'Tiszaszentimre', 5323),
(3101, 10, 'Tiszaszentimre', 5322),
(3102, 15, 'Tiszaszentmárton', 4628),
(3103, 5, 'Tiszasziget', 6756),
(3104, 4, 'Tiszatardos', 3928),
(3105, 4, 'Tiszatarján', 3589),
(3106, 15, 'Tiszatelek', 4486),
(3107, 15, 'Tiszatelek', 4487),
(3108, 10, 'Tiszatenyő', 5082),
(3109, 1, 'Tiszaug', 6064),
(3110, 4, 'Tiszaújváros', 3580),
(3111, 4, 'Tiszavalk', 3464),
(3112, 10, 'Tiszavárkony', 5095),
(3113, 10, 'Tiszavárkony', 5092),
(3114, 15, 'Tiszavasvári', 4440),
(3115, 15, 'Tiszavid', 4832),
(3116, 15, 'Tisztaberek', 4969),
(3117, 15, 'Tivadar', 4921),
(3118, 13, 'Tóalmás', 2252),
(3119, 9, 'Tófalu', 3354),
(3120, 19, 'Tófej', 8946),
(3121, 2, 'Tófű', 7348),
(3122, 4, 'Tök', 2073),
(3123, 11, 'Tokaj', 3910),
(3124, 11, 'Tokod', 2531),
(3125, 17, 'Tokodaltáró', 2532),
(3126, 4, 'Tököl', 2316),
(3127, 8, 'Tokorcs', 9561),
(3128, 12, 'Tolcsva', 3934),
(3129, 16, 'Told', 4117),
(3130, 16, 'Tolmács', 2657),
(3131, 16, 'Tolna', 7131),
(3132, 10, 'Tolna', 7130),
(3133, 4, 'Tolnanémedi', 7083),
(3134, 1, 'Töltéstava', 9086),
(3135, 17, 'Tomajmonostora', 5324),
(3136, 6, 'Tomor', 3787),
(3137, 19, 'Tömörd', 9738),
(3138, 2, 'Tömörkény', 6646),
(3139, 17, 'Tompa', 6422),
(3140, 4, 'Tompaládony', 9662),
(3141, 4, 'Tordas', 2463),
(3142, 4, 'Tormafölde', 8876),
(3143, 4, 'Tormás', 7383),
(3144, 4, 'Tormásliget', 9736),
(3145, 19, 'Tornabarakony', 3765),
(3146, 4, 'Tornakápolna', 3761),
(3147, 15, 'Tornanádaska', 3767),
(3148, 17, 'Tornaszentandrás', 3765),
(3149, 14, 'Tornaszentjakab', 3769),
(3150, 10, 'Tornyiszentmiklós', 8877),
(3151, 3, 'Tornyosnémeti', 3877),
(3152, 2, 'Tornyospálca', 4642),
(3153, 19, 'Törökbálint', 2045),
(3154, 19, 'Törökkoppány', 7285),
(3155, 14, 'Törökszentmiklós', 5212),
(3156, 18, 'Törökszentmiklós', 5200),
(3157, 13, 'Torony', 9791),
(3158, 13, 'Törtel', 2747),
(3159, 7, 'Torvaj', 8660),
(3160, 17, 'Tószeg', 5091),
(3161, 5, 'Tótkomlós', 5940),
(3162, 13, 'Tótszentgyörgy', 7981),
(3163, 14, 'Tótszentmárton', 8865),
(3164, 10, 'Tótszerdahely', 8864),
(3165, 10, 'Töttös', 7755),
(3166, 13, 'Tótújfalu', 7918),
(3167, 2, 'Tótvázsony', 8246),
(3168, 4, 'Trizs', 3724),
(3169, 15, 'Tunyogmatolcs', 4731),
(3170, 13, 'Tura', 2194),
(3171, 15, 'Túristvándi', 4944),
(3172, 10, 'Türje', 8796),
(3173, 2, 'Túrkeve', 5420),
(3174, 15, 'Túrony', 7811),
(3175, 15, 'Túrricse', 4968),
(3176, 19, 'Tüskevár', 8477),
(3177, 18, 'Tuzsér', 4623),
(3178, 15, 'Tyukod', 4762),
(3179, 2, 'Udvar', 7718),
(3180, 16, 'Udvari', 7066),
(3181, 18, 'Ugod', 8564),
(3182, 6, 'Újbarok', 2066),
(3183, 4, 'Újcsanálos', 3716),
(3184, 15, 'Újdombrád', 4491),
(3185, 15, 'Újfehértó', 4244),
(3186, 13, 'Újhartyán', 2367),
(3187, 8, 'Újiráz', 4146),
(3188, 16, 'Újireg', 7095),
(3189, 15, 'Újkenéz', 4635),
(3190, 7, 'Újkér', 9472),
(3191, 3, 'Újkígyós', 5661),
(3192, 13, 'Újlengyel', 2724),
(3193, 8, 'Újléta', 4288),
(3194, 9, 'Újlőrincfalva', 3387),
(3195, 2, 'Újpetre', 7766),
(3196, 7, 'Újrónafő', 9244),
(3197, 1, 'Újsolt', 6320),
(3198, 3, 'Újszalonta', 5727),
(3199, 10, 'Újszász', 5052),
(3200, 5, 'Újszentiván', 6754),
(3201, 8, 'Újszentmargita', 4065),
(3202, 13, 'Újszilvás', 2768),
(3203, 1, 'Újtelek', 6337),
(3204, 8, 'Újtikos', 4096),
(3205, 19, 'Újudvar', 8778),
(3206, 14, 'Újvárfalva', 7436),
(3207, 18, 'Ukk', 8347),
(3208, 7, 'Üllés', 6794),
(3209, 11, 'Üllő', 2225),
(3210, 4, 'Und', 9464),
(3211, 15, 'Úny', 2528),
(3212, 17, 'Uppony', 3622),
(3213, 6, 'Ura', 4763),
(3214, 13, 'Uraiújfalu', 9651),
(3215, 18, 'Úrhida', 8142),
(3216, 15, 'Úri', 2244),
(3217, 1, 'Úrkút', 8409),
(3218, 18, 'Üröm', 2096),
(3219, 5, 'Uszka', 4952),
(3220, 13, 'Uszód', 6332),
(3221, 13, 'Uzsa', 8321),
(3222, 13, 'Vác', 2600),
(3223, 13, 'Vácduka', 2167),
(3224, 13, 'Vácegres', 2184),
(3225, 13, 'Váchartyán', 2164),
(3226, 13, 'Váckisújfalu', 2185),
(3227, 13, 'Vácrátót', 2163),
(3228, 13, 'Vácszentlászló', 2115),
(3229, 4, 'Vadna', 3636),
(3230, 7, 'Vadosfa', 9346),
(3231, 7, 'Vág', 9327),
(3232, 4, 'Vágáshuta', 3992),
(3233, 15, 'Vaja', 4562),
(3234, 4, 'Vajdácska', 3961),
(3235, 2, 'Vajszló', 7838),
(3236, 6, 'Vajta', 7041),
(3237, 6, 'Vál', 2473),
(3238, 13, 'Valkó', 2114),
(3239, 19, 'Valkonya', 8885),
(3240, 15, 'Vállaj', 4351),
(3241, 19, 'Vállus', 8316),
(3242, 15, 'Vámosatya', 4936),
(3243, 17, 'Vámoscsalád', 9665),
(3244, 9, 'Vámosgyörk', 3291),
(3245, 13, 'Vámosmikola', 2635),
(3246, 15, 'Vámosoroszi', 4966),
(3247, 8, 'Vámospércs', 4287),
(3248, 4, 'Vámosszabadi', 9061),
(3249, 7, 'Vámosújfalu', 3941),
(3250, 8, 'Váncsod', 4119),
(3251, 12, 'Vanyarc', 2688),
(3252, 18, 'Vanyola', 8552),
(3253, 2, 'Várad', 7973),
(3254, 16, 'Váralja', 7354),
(3255, 14, 'Varászló', 8723),
(3256, 9, 'Váraszó', 3254),
(3257, 7, 'Várbalog', 9243),
(3258, 4, 'Varbó', 3778),
(3259, 4, 'Varbóc', 3756),
(3260, 14, 'Várda', 7442),
(3261, 16, 'Várdomb', 7146),
(3262, 19, 'Várfölde', 8891),
(3263, 2, 'Varga', 7370),
(3264, 11, 'Várgesztes', 2824),
(3265, 18, 'Várkesző', 8523),
(3266, 16, 'Várong', 7214),
(3267, 1, 'Városföld', 6033),
(3268, 18, 'Városlőd', 8445),
(3269, 18, 'Várpalota', 8103),
(3270, 18, 'Várpalota', 8104),
(3271, 18, 'Várpalota', 8100),
(3272, 16, 'Varsád', 7067),
(3273, 12, 'Varsány', 3178),
(3274, 19, 'Várvölgy', 8316),
(3275, 13, 'Vasad', 2211),
(3276, 17, 'Vasalja', 9921),
(3277, 2, 'Vásárosbéc', 7926),
(3278, 2, 'Vásárosdombó', 7362),
(3279, 7, 'Vásárosfalu', 9343),
(3280, 17, 'Vásárosmiske', 9552),
(3281, 15, 'Vásárosnamény', 4803),
(3282, 15, 'Vásárosnamény', 4804),
(3283, 15, 'Vásárosnamény', 4800),
(3284, 17, 'Vasasszonyfa', 9744),
(3285, 19, 'Vasboldogasszony', 8914),
(3286, 17, 'Vasegerszeg', 9661),
(3287, 17, 'Vashosszúfalu', 9674),
(3288, 17, 'Vaskeresztes', 9795),
(3289, 1, 'Vaskút', 6521),
(3290, 15, 'Vasmegyer', 4502),
(3291, 19, 'Vaspör', 8998),
(3292, 17, 'Vassurány', 9741),
(3293, 18, 'Vászoly', 8245),
(3294, 17, 'Vasszécseny', 9763),
(3295, 17, 'Vasszentmihály', 9953),
(3296, 17, 'Vasszilvágy', 9747),
(3297, 17, 'Vasvár', 9800),
(3298, 18, 'Vaszar', 8542),
(3299, 17, 'Vát', 9748),
(3300, 4, 'Vatta', 3431),
(3301, 2, 'Vázsnok', 7370),
(3302, 9, 'Vécs', 3265),
(3303, 13, 'Vecsés', 2220),
(3304, 3, 'Végegyháza', 5811),
(3305, 2, 'Vejti', 7838),
(3306, 2, 'Vékény', 7333),
(3307, 8, 'Vekerd', 4143),
(3308, 17, 'Velem', 9726),
(3309, 17, 'Velemér', 9946),
(3310, 6, 'Velence', 2481),
(3311, 2, 'Velény', 7951),
(3312, 2, 'Véménd', 7726),
(3313, 7, 'Vének', 9062),
(3314, 17, 'Vép', 9751),
(3315, 6, 'Vereb', 2477),
(3316, 13, 'Veresegyház', 2112),
(3317, 13, 'Verőce', 2621),
(3318, 9, 'Verpelét', 3351),
(3319, 13, 'Verseg', 2174),
(3320, 2, 'Versend', 7752),
(3321, 6, 'Vértesacsa', 8089),
(3322, 6, 'Vértesboglár', 8085),
(3323, 11, 'Vérteskethely', 2859),
(3324, 11, 'Vértessomló', 2823),
(3325, 11, 'Vértestolna', 2833),
(3326, 11, 'Vértesszőlős', 2837),
(3327, 14, 'Vése', 8721),
(3328, 7, 'Veszkény', 9352),
(3329, 18, 'Veszprém', 8412),
(3330, 18, 'Veszprém', 8411),
(3331, 18, 'Veszprém', 8200),
(3332, 18, 'Veszprémfajsz', 8248),
(3333, 18, 'Veszprémgalsa', 8475),
(3334, 18, 'Veszprémvarsány', 8438),
(3335, 3, 'Vésztő', 5530),
(3336, 10, 'Vezseny', 5093),
(3337, 18, 'Vid', 8484),
(3338, 18, 'Vigántpetend', 8294),
(3339, 2, 'Villány', 7773),
(3340, 2, 'Villánykövesd', 7772),
(3341, 4, 'Vilmány', 3891),
(3342, 18, 'Vilonya', 8194),
(3343, 4, 'Vilyvitány', 3991),
(3344, 18, 'Vinár', 9535),
(3345, 19, 'Vindornyafok', 8354),
(3346, 19, 'Vindornyalak', 8353),
(3347, 19, 'Vindornyaszőlős', 8355),
(3348, 13, 'Visegrád', 2026),
(3349, 13, 'Visegrád', 2025),
(3350, 14, 'Visnye', 7533),
(3351, 9, 'Visonta', 3272),
(3352, 9, 'Visonta', 3271),
(3353, 4, 'Viss', 3956),
(3354, 14, 'Visz', 8681),
(3355, 17, 'Viszák', 9932),
(3356, 4, 'Viszló', 3825),
(3357, 9, 'Visznek', 3293),
(3358, 7, 'Vitnyéd', 9371),
(3359, 14, 'Vízvár', 7588),
(3360, 12, 'Vizslás', 3128),
(3361, 4, 'Vizsoly', 3888),
(3362, 2, 'Vokány', 7768),
(3363, 19, 'Vonyarcvashegy', 8314),
(3364, 19, 'Vöckönd', 8931),
(3365, 7, 'Völcsej', 9462),
(3366, 17, 'Vönöck', 9516),
(3367, 18, 'Vöröstó', 8291),
(3368, 14, 'Vörs', 8711),
(3369, 12, 'Zabar', 3124),
(3370, 2, 'Zádor', 7976),
(3371, 4, 'Zádorfalva', 3726),
(3372, 10, 'Zagyvarékas', 5051),
(3373, 9, 'Zagyvaszántó', 3031),
(3374, 15, 'Záhony', 4625),
(3375, 19, 'Zajk', 8868),
(3376, 15, 'Zajta', 4974),
(3377, 14, 'Zákány', 8853),
(3378, 5, 'Zákányszék', 6787),
(3379, 14, 'Zala', 8660),
(3380, 19, 'Zalaapáti', 8741),
(3381, 19, 'Zalabaksa', 8971),
(3382, 19, 'Zalabér', 8798),
(3383, 19, 'Zalaboldogfa', 8992),
(3384, 19, 'Zalacsány', 8782),
(3385, 19, 'Zalacséb', 8996),
(3386, 19, 'Zalaegerszeg', 8900),
(3387, 18, 'Zalaerdőd', 8344),
(3388, 18, 'Zalagyömörő', 8349),
(3389, 18, 'Zalahaláp', 8308),
(3390, 19, 'Zalaháshágy', 8997),
(3391, 19, 'Zalaigrice', 8761),
(3392, 19, 'Zalaistvánd', 8932),
(3393, 19, 'Zalakaros', 8749),
(3394, 19, 'Zalakomár', 8751),
(3395, 19, 'Zalakomár', 8752),
(3396, 19, 'Zalaköveskút', 8354),
(3397, 19, 'Zalalövő', 8999),
(3398, 18, 'Zalameggyes', 8348),
(3399, 19, 'Zalamerenye', 8747),
(3400, 19, 'Zalasárszeg', 8756),
(3401, 19, 'Zalaszabar', 8743),
(3402, 19, 'Zalaszántó', 8353),
(3403, 18, 'Zalaszegvár', 8476),
(3404, 19, 'Zalaszentbalázs', 8772),
(3405, 19, 'Zalaszentgrót', 8795),
(3406, 19, 'Zalaszentgrót', 8793),
(3407, 19, 'Zalaszentgrót', 8785),
(3408, 19, 'Zalaszentgrót', 8789),
(3409, 19, 'Zalaszentgrót', 8790),
(3410, 19, 'Zalaszentgyörgy', 8994),
(3411, 19, 'Zalaszentiván', 8921),
(3412, 19, 'Zalaszentjakab', 8827),
(3413, 19, 'Zalaszentlászló', 8788),
(3414, 19, 'Zalaszentlőrinc', 8921),
(3415, 19, 'Zalaszentmárton', 8764),
(3416, 19, 'Zalaszentmihály', 8936),
(3417, 19, 'Zalaszombatfa', 8969),
(3418, 2, 'Zaláta', 7839),
(3419, 19, 'Zalatárnok', 8947),
(3420, 19, 'Zalaújlak', 8822),
(3421, 19, 'Zalavár', 8392),
(3422, 19, 'Zalavég', 8792),
(3423, 4, 'Zalkod', 3957),
(3424, 14, 'Zamárdi', 8621),
(3425, 6, 'Zámoly', 8081),
(3426, 18, 'Zánka', 8251),
(3427, 9, 'Zaránk', 3296),
(3428, 16, 'Závod', 7182),
(3429, 19, 'Zebecke', 8957),
(3430, 13, 'Zebegény', 2627),
(3431, 4, 'Zemplénagárd', 3977),
(3432, 2, 'Zengővárkony', 7720),
(3433, 6, 'Zichyújfalu', 8112),
(3434, 14, 'Zics', 8672),
(3435, 4, 'Ziliz', 3794),
(3436, 14, 'Zimány', 7471),
(3437, 18, 'Zirc', 8420),
(3438, 2, 'Zók', 7671),
(3439, 16, 'Zomba', 7173),
(3440, 3, 'Zsadány', 5537),
(3441, 8, 'Zsáka', 4142),
(3442, 13, 'Zsámbék', 2072),
(3443, 13, 'Zsámbok', 2116),
(3444, 1, 'Zsana', 6411),
(3445, 15, 'Zsarolyán', 4961),
(3446, 7, 'Zsebeháza', 9346),
(3447, 17, 'Zsédeny', 9635),
(3448, 14, 'Zselickisfalud', 7477),
(3449, 14, 'Zselickislak', 7400),
(3450, 14, 'Zselicszentpál', 7474),
(3451, 17, 'Zsennye', 9766),
(3452, 7, 'Zsira', 9476),
(3453, 5, 'Zsombó', 6792),
(3454, 4, 'Zsujta', 3897),
(3455, 15, 'Zsurk', 4627),
(3456, 4, 'Zubogy', 3723);

-- --------------------------------------------------------

--
-- Tábla szerkezet ehhez a táblához `counties`
--

CREATE TABLE `counties` (
  `id` bigint(20) UNSIGNED NOT NULL,
  `name` char(50) NOT NULL
) ENGINE=InnoDB DEFAULT CHARSET=utf8mb4 COLLATE=utf8mb4_unicode_ci;

--
-- A tábla adatainak kiíratása `counties`
--

INSERT INTO `counties` (`id`, `name`) VALUES
(1, 'Bács-Kiskun'),
(2, 'Baranya'),
(3, 'Békés'),
(4, 'Borsod-Abaúj-Zemplén'),
(5, 'Csongrád-Csanád'),
(6, 'Fejér'),
(7, 'Győr-Moson-Sopron'),
(8, 'Hajdú-Bihar'),
(9, 'Heves'),
(10, 'Jász-Nagykun-Szolnok'),
(11, 'Komárom-Esztergom'),
(12, 'Nógrád'),
(13, 'Pest'),
(14, 'Somogy'),
(15, 'Szabolcs-Szatmár-Bereg'),
(16, 'Tolna'),
(17, 'Vas'),
(18, 'Veszprém'),
(19, 'Zala'),
(20, 'Bács-Kiskun'),
(21, 'Baranya'),
(22, 'Békés'),
(23, 'Borsod-Abaúj-Zemplén'),
(24, 'Csongrád-Csanád'),
(25, 'Fejér'),
(26, 'Győr-Moson-Sopron'),
(27, 'Hajdú-Bihar'),
(28, 'Heves'),
(29, 'Jász-Nagykun-Szolnok'),
(30, 'Komárom-Esztergom'),
(31, 'Nógrád'),
(32, 'Pest'),
(33, 'Somogy'),
(34, 'Szabolcs-Szatmár-Bereg'),
(35, 'Tolna'),
(36, 'Vas'),
(37, 'Veszprém'),
(38, 'Zala');

-- --------------------------------------------------------

--
-- Tábla szerkezet ehhez a táblához `migrations`
--

CREATE TABLE `migrations` (
  `id` int(10) UNSIGNED NOT NULL,
  `migration` varchar(255) NOT NULL,
  `batch` int(11) NOT NULL
) ENGINE=InnoDB DEFAULT CHARSET=utf8mb4 COLLATE=utf8mb4_unicode_ci;

--
-- A tábla adatainak kiíratása `migrations`
--

INSERT INTO `migrations` (`id`, `migration`, `batch`) VALUES
(1, '2025_09_30_100000_create_counties_table', 1),
(2, '2025_09_30_101000_create_cities_table', 1),
(3, '2025_09_30_102000_create_subscriptions_table', 1),
(4, '2025_09_30_102500_create_password_reset_tokens_table', 1),
(5, '2025_09_30_103000_create_users_table', 1),
(6, '2025_09_30_104000_create_verify_users_table', 1),
(7, '2025_09_30_105000_create_categories_table', 1),
(8, '2025_09_30_106000_create_reviews_table', 1),
(9, '2025_09_30_107000_create_advertisements_table', 1),
(10, '2025_09_30_109000_add_google_id_to_users_table', 1),
(11, '2025_09_30_110000_add_remember_token_to_users_table', 1);

-- --------------------------------------------------------

--
-- Tábla szerkezet ehhez a táblához `password_reset_tokens`
--

CREATE TABLE `password_reset_tokens` (
  `id` bigint(20) UNSIGNED NOT NULL,
  `email` varchar(150) NOT NULL,
  `token` varchar(255) NOT NULL,
  `created_at` timestamp NULL DEFAULT NULL
) ENGINE=InnoDB DEFAULT CHARSET=utf8mb4 COLLATE=utf8mb4_unicode_ci;

--
-- A tábla adatainak kiíratása `password_reset_tokens`
--

INSERT INTO `password_reset_tokens` (`id`, `email`, `token`, `created_at`) VALUES
(1, 'peter.kovacs@example.hu', 'reset_token1', '2025-03-01 11:00:00'),
(2, 'maria.nagy@example.hu', 'reset_token2', '2025-03-02 12:00:00'),
(3, 'gergely.szabo@example.hu', 'reset_token3', '2025-03-03 13:00:00'),
(4, 'eszter.toth@example.hu', 'reset_token4', '2025-03-04 14:00:00'),
(5, 'tamas.kiss@example.hu', 'reset_token5', '2025-03-05 15:00:00'),
(6, 'dora.varga@example.hu', 'reset_token6', '2025-03-06 16:00:00'),
(7, 'laszlo.molnar@example.hu', 'reset_token7', '2025-03-07 17:00:00'),
(8, 'anna.balogh@example.hu', 'reset_token8', '2025-03-08 18:00:00'),
(9, 'bence.farkas@example.hu', 'reset_token9', '2025-03-09 19:00:00'),
(10, 'katalin.horvath@example.hu', 'reset_token10', '2025-03-10 20:00:00');

-- --------------------------------------------------------

--
-- Tábla szerkezet ehhez a táblához `reviews`
--

CREATE TABLE `reviews` (
  `id` bigint(20) UNSIGNED NOT NULL,
  `stars` int(11) NOT NULL,
  `comment` char(150) NOT NULL
) ENGINE=InnoDB DEFAULT CHARSET=utf8mb4 COLLATE=utf8mb4_unicode_ci;

--
-- A tábla adatainak kiíratása `reviews`
--

INSERT INTO `reviews` (`id`, `stars`, `comment`) VALUES
(1, 5, 'Nagyon elégedett voltam, kiváló munka!'),
(2, 4, 'Jól dolgozott, de kicsit késett a megbeszélt időpontról.'),
(3, 5, 'Gyors, precíz és udvarias, csak ajánlani tudom.'),
(4, 3, 'Elfogadható munkát végzett, de lehetett volna alaposabb.'),
(5, 5, 'Tökéletes eredmény, minden elvárásomat túlteljesítette.'),
(6, 4, 'Megbízható és pontos, bár apró hibák előfordultak.'),
(7, 2, 'Sajnos nem felelt meg az elvárásoknak.'),
(8, 5, 'Barátságos és profi hozzáállás, öröm volt együtt dolgozni.'),
(9, 4, 'Korrekt munka, minden rendben zajlott.'),
(10, 5, 'Nagyon lelkiismeretes és segítőkész volt a munka során.');

-- --------------------------------------------------------

--
-- Tábla szerkezet ehhez a táblához `subscription`
--

CREATE TABLE `subscription` (
  `id` bigint(20) UNSIGNED NOT NULL,
  `name` char(20) NOT NULL,
  `availability` datetime NOT NULL,
  `price` int(11) NOT NULL,
  `advertisment_number` int(11) NOT NULL,
  `advertisment_expiration` int(11) NOT NULL
) ENGINE=InnoDB DEFAULT CHARSET=utf8mb4 COLLATE=utf8mb4_unicode_ci;

--
-- A tábla adatainak kiíratása `subscription`
--

INSERT INTO `subscription` (`id`, `name`, `availability`, `price`, `advertisment_number`, `advertisment_expiration`) VALUES
(1, 'Alap', '2025-01-01 00:00:00', 0, 2, 7),
(2, 'Bronz', '2025-01-01 00:00:00', 1500, 5, 14),
(3, 'Ezüst', '2025-01-01 00:00:00', 3500, 10, 30),
(4, 'Arany', '2025-01-01 00:00:00', 6000, 20, 60),
(5, 'Platina', '2025-01-01 00:00:00', 9000, 30, 90),
(6, 'Vállalkozó', '2025-01-01 00:00:00', 12000, 50, 120),
(7, 'Családi', '2025-01-01 00:00:00', 2000, 7, 21),
(8, 'Próba', '2025-01-01 00:00:00', 0, 1, 3),
(9, 'Kiemelt', '2025-01-01 00:00:00', 15000, 100, 180),
(10, 'VIP', '2025-01-01 00:00:00', 25000, 200, 365);

-- --------------------------------------------------------

--
-- Tábla szerkezet ehhez a táblához `users`
--

CREATE TABLE `users` (
  `id` bigint(20) UNSIGNED NOT NULL,
  `city_id` bigint(20) UNSIGNED DEFAULT NULL,
  `subscription_id` bigint(20) UNSIGNED DEFAULT NULL,
  `account_id` varchar(15) NOT NULL,
  `first_name` varchar(50) DEFAULT NULL,
  `last_name` varchar(50) DEFAULT NULL,
  `birthdate` varchar(50) DEFAULT NULL,
  `phone_number` varchar(50) DEFAULT NULL,
  `email` varchar(150) NOT NULL,
  `password` varchar(255) NOT NULL,
  `created_at` timestamp NULL DEFAULT NULL,
  `updated_at` timestamp NULL DEFAULT NULL,
  `verified` tinyint(1) NOT NULL DEFAULT 0,
  `google_id` varchar(255) DEFAULT NULL,
  `remember_token` varchar(100) DEFAULT NULL
) ENGINE=InnoDB DEFAULT CHARSET=utf8mb4 COLLATE=utf8mb4_unicode_ci;

--
-- A tábla adatainak kiíratása `users`
--

INSERT INTO `users` (`id`, `city_id`, `subscription_id`, `account_id`, `first_name`, `last_name`, `birthdate`, `phone_number`, `email`, `password`, `created_at`, `updated_at`, `verified`, `google_id`, `remember_token`) VALUES
(1, 629, 1, 'AC1001', 'Kovács', 'Péter', '1990-04-12', '+36301234567', 'peter.kovacs@example.hu', 'hashed_pw1', '2025-01-01 09:00:00', '2025-01-01 09:00:00', 1, NULL, NULL),
(2, 717, 2, 'AC1002', 'Nagy', 'Mária', '1987-11-23', '+36304561234', 'maria.nagy@example.hu', 'hashed_pw2', '2025-01-02 08:00:00', '2025-01-02 08:00:00', 1, NULL, NULL),
(3, 254, 3, 'AC1003', 'Szabó', 'Gergely', '1995-06-30', '+36205553322', 'gergely.szabo@example.hu', 'hashed_pw3', '2025-01-03 07:30:00', '2025-01-03 07:30:00', 1, NULL, NULL),
(4, 488, 4, 'AC1004', 'Tóth', 'Eszter', '1992-02-19', '+36701234566', 'eszter.toth@example.hu', 'hashed_pw4', '2025-01-04 10:20:00', '2025-01-04 10:20:00', 1, NULL, NULL),
(5, 625, 5, 'AC1005', 'Kiss', 'Tamás', '1991-12-10', '+36204443322', 'tamas.kiss@example.hu', 'hashed_pw5', '2025-01-05 13:00:00', '2025-01-05 13:00:00', 1, NULL, NULL),
(6, 217, 6, 'AC1006', 'Varga', 'Dóra', '1996-03-22', '+36306667777', 'dora.varga@example.hu', 'hashed_pw6', '2025-01-06 09:45:00', '2025-01-06 09:45:00', 1, NULL, NULL),
(7, 179, 7, 'AC1007', 'Molnár', 'László', '1989-08-14', '+36202225555', 'laszlo.molnar@example.hu', 'hashed_pw7', '2025-01-07 08:15:00', '2025-01-07 08:15:00', 1, NULL, NULL),
(8, 717, 8, 'AC1008', 'Balogh', 'Anna', '1994-01-25', '+36301112222', 'anna.balogh@example.hu', 'hashed_pw8', '2025-01-08 07:30:00', '2025-01-08 07:30:00', 1, NULL, NULL),
(9, 254, 9, 'AC1009', 'Farkas', 'Bence', '1993-09-02', '+36203334444', 'bence.farkas@example.hu', 'hashed_pw9', '2025-01-09 14:00:00', '2025-01-09 14:00:00', 1, NULL, NULL),
(10, 796, 10, 'AC1010', 'Horváth', 'Katalin', '1988-07-06', '+36207778888', 'katalin.horvath@example.hu', 'hashed_pw10', '2025-01-10 15:00:00', '2025-01-10 15:00:00', 1, NULL, NULL);

-- --------------------------------------------------------

--
-- Tábla szerkezet ehhez a táblához `verify_users`
--

CREATE TABLE `verify_users` (
  `id` bigint(20) UNSIGNED NOT NULL,
  `user_id` bigint(20) UNSIGNED NOT NULL,
  `token` varchar(255) NOT NULL,
  `code` varchar(255) DEFAULT NULL,
  `created_at` timestamp NULL DEFAULT NULL,
  `updated_at` timestamp NULL DEFAULT NULL
) ENGINE=InnoDB DEFAULT CHARSET=utf8mb4 COLLATE=utf8mb4_unicode_ci;

--
-- A tábla adatainak kiíratása `verify_users`
--

INSERT INTO `verify_users` (`id`, `user_id`, `token`, `code`, `created_at`, `updated_at`) VALUES
(1, 1, 'token1', '8723', '2025-01-01 09:05:00', '2025-01-01 09:05:00'),
(2, 2, 'token2', '6542', '2025-01-02 08:10:00', '2025-01-02 08:10:00'),
(3, 3, 'token3', '9981', '2025-01-03 07:35:00', '2025-01-03 07:35:00'),
(4, 4, 'token4', '1324', '2025-01-04 10:25:00', '2025-01-04 10:25:00'),
(5, 5, 'token5', '7759', '2025-01-05 13:10:00', '2025-01-05 13:10:00'),
(6, 6, 'token6', '2211', '2025-01-06 09:50:00', '2025-01-06 09:50:00'),
(7, 7, 'token7', '4438', '2025-01-07 08:20:00', '2025-01-07 08:20:00'),
(8, 8, 'token8', '6657', '2025-01-08 07:40:00', '2025-01-08 07:40:00'),
(9, 9, 'token9', '8899', '2025-01-09 14:05:00', '2025-01-09 14:05:00'),
(10, 10, 'token10', '1122', '2025-01-10 15:05:00', '2025-01-10 15:05:00');

--
-- Indexek a kiírt táblákhoz
--

--
-- A tábla indexei `admins`
--
ALTER TABLE `admins`
  ADD PRIMARY KEY (`id`);

--
-- A tábla indexei `advertisments`
--
ALTER TABLE `advertisments`
  ADD PRIMARY KEY (`id`),
  ADD KEY `advertisments_categories_id_foreign` (`categories_id`),
  ADD KEY `advertisments_reviews_id_foreign` (`reviews_id`),
  ADD KEY `advertisments_employer_id_foreign` (`employer_id`),
  ADD KEY `advertisments_employee_id_foreign` (`employee_id`);

--
-- A tábla indexei `categories`
--
ALTER TABLE `categories`
  ADD PRIMARY KEY (`id`);

--
-- A tábla indexei `cities`
--
ALTER TABLE `cities`
  ADD PRIMARY KEY (`id`),
  ADD KEY `cities_county_id_foreign` (`county_id`);

--
-- A tábla indexei `counties`
--
ALTER TABLE `counties`
  ADD PRIMARY KEY (`id`);

--
-- A tábla indexei `migrations`
--
ALTER TABLE `migrations`
  ADD PRIMARY KEY (`id`);

--
-- A tábla indexei `password_reset_tokens`
--
ALTER TABLE `password_reset_tokens`
  ADD PRIMARY KEY (`id`),
  ADD UNIQUE KEY `password_reset_tokens_email_unique` (`email`);

--
-- A tábla indexei `reviews`
--
ALTER TABLE `reviews`
  ADD PRIMARY KEY (`id`);

--
-- A tábla indexei `subscription`
--
ALTER TABLE `subscription`
  ADD PRIMARY KEY (`id`);

--
-- A tábla indexei `users`
--
ALTER TABLE `users`
  ADD PRIMARY KEY (`id`),
  ADD KEY `users_city_id_foreign` (`city_id`),
  ADD KEY `users_subscription_id_foreign` (`subscription_id`),
  ADD KEY `users_account_id_index` (`account_id`);

--
-- A tábla indexei `verify_users`
--
ALTER TABLE `verify_users`
  ADD PRIMARY KEY (`id`),
  ADD KEY `verify_users_user_id_foreign` (`user_id`),
  ADD KEY `verify_users_token_index` (`token`);

--
-- A kiírt táblák AUTO_INCREMENT értéke
--

--
-- AUTO_INCREMENT a táblához `advertisments`
--
ALTER TABLE `advertisments`
  MODIFY `id` bigint(20) UNSIGNED NOT NULL AUTO_INCREMENT, AUTO_INCREMENT=11;

--
-- AUTO_INCREMENT a táblához `categories`
--
ALTER TABLE `categories`
  MODIFY `id` bigint(20) UNSIGNED NOT NULL AUTO_INCREMENT, AUTO_INCREMENT=11;

--
-- AUTO_INCREMENT a táblához `cities`
--
ALTER TABLE `cities`
  MODIFY `id` bigint(20) UNSIGNED NOT NULL AUTO_INCREMENT, AUTO_INCREMENT=3457;

--
-- AUTO_INCREMENT a táblához `counties`
--
ALTER TABLE `counties`
  MODIFY `id` bigint(20) UNSIGNED NOT NULL AUTO_INCREMENT, AUTO_INCREMENT=39;

--
-- AUTO_INCREMENT a táblához `migrations`
--
ALTER TABLE `migrations`
  MODIFY `id` int(10) UNSIGNED NOT NULL AUTO_INCREMENT, AUTO_INCREMENT=12;

--
-- AUTO_INCREMENT a táblához `password_reset_tokens`
--
ALTER TABLE `password_reset_tokens`
  MODIFY `id` bigint(20) UNSIGNED NOT NULL AUTO_INCREMENT, AUTO_INCREMENT=11;

--
-- AUTO_INCREMENT a táblához `reviews`
--
ALTER TABLE `reviews`
  MODIFY `id` bigint(20) UNSIGNED NOT NULL AUTO_INCREMENT, AUTO_INCREMENT=11;

--
-- AUTO_INCREMENT a táblához `subscription`
--
ALTER TABLE `subscription`
  MODIFY `id` bigint(20) UNSIGNED NOT NULL AUTO_INCREMENT, AUTO_INCREMENT=11;

--
-- AUTO_INCREMENT a táblához `users`
--
ALTER TABLE `users`
  MODIFY `id` bigint(20) UNSIGNED NOT NULL AUTO_INCREMENT, AUTO_INCREMENT=11;

--
-- AUTO_INCREMENT a táblához `verify_users`
--
ALTER TABLE `verify_users`
  MODIFY `id` bigint(20) UNSIGNED NOT NULL AUTO_INCREMENT, AUTO_INCREMENT=11;

--
-- Megkötések a kiírt táblákhoz
--

--
-- Megkötések a táblához `advertisments`
--
ALTER TABLE `advertisments`
  ADD CONSTRAINT `advertisments_categories_id_foreign` FOREIGN KEY (`categories_id`) REFERENCES `categories` (`id`) ON DELETE CASCADE,
  ADD CONSTRAINT `advertisments_employee_id_foreign` FOREIGN KEY (`employee_id`) REFERENCES `users` (`id`) ON DELETE CASCADE,
  ADD CONSTRAINT `advertisments_employer_id_foreign` FOREIGN KEY (`employer_id`) REFERENCES `users` (`id`) ON DELETE CASCADE,
  ADD CONSTRAINT `advertisments_reviews_id_foreign` FOREIGN KEY (`reviews_id`) REFERENCES `reviews` (`id`) ON DELETE SET NULL;

--
-- Megkötések a táblához `cities`
--
ALTER TABLE `cities`
  ADD CONSTRAINT `cities_county_id_foreign` FOREIGN KEY (`county_id`) REFERENCES `counties` (`id`) ON DELETE CASCADE;

--
-- Megkötések a táblához `users`
--
ALTER TABLE `users`
  ADD CONSTRAINT `users_city_id_foreign` FOREIGN KEY (`city_id`) REFERENCES `cities` (`id`) ON DELETE SET NULL,
  ADD CONSTRAINT `users_subscription_id_foreign` FOREIGN KEY (`subscription_id`) REFERENCES `subscription` (`id`) ON DELETE SET NULL;

--
-- Megkötések a táblához `verify_users`
--
ALTER TABLE `verify_users`
  ADD CONSTRAINT `verify_users_user_id_foreign` FOREIGN KEY (`user_id`) REFERENCES `users` (`id`) ON DELETE CASCADE;
COMMIT;

/*!40101 SET CHARACTER_SET_CLIENT=@OLD_CHARACTER_SET_CLIENT */;
/*!40101 SET CHARACTER_SET_RESULTS=@OLD_CHARACTER_SET_RESULTS */;
/*!40101 SET COLLATION_CONNECTION=@OLD_COLLATION_CONNECTION */;
